ISO-10303-21;
HEADER;
FILE_DESCRIPTION(('KiCad electronic assembly'),'2;1');
FILE_NAME('XT30bus.step','2025-03-21T21:38:06',('Pcbnew'),('Kicad'),
  'Open CASCADE STEP processor 7.7','KiCad to STEP converter','Unknown'
  );
FILE_SCHEMA(('AUTOMOTIVE_DESIGN { 1 0 10303 214 1 1 1 1 }'));
ENDSEC;
DATA;
#1 = APPLICATION_PROTOCOL_DEFINITION('international standard',
  'automotive_design',2000,#2);
#2 = APPLICATION_CONTEXT(
  'core data for automotive mechanical design processes');
#3 = SHAPE_DEFINITION_REPRESENTATION(#4,#10);
#4 = PRODUCT_DEFINITION_SHAPE('','',#5);
#5 = PRODUCT_DEFINITION('design','',#6,#9);
#6 = PRODUCT_DEFINITION_FORMATION('','',#7);
#7 = PRODUCT('XT30bus 1','XT30bus 1','',(#8));
#8 = PRODUCT_CONTEXT('',#2,'mechanical');
#9 = PRODUCT_DEFINITION_CONTEXT('part definition',#2,'design');
#10 = SHAPE_REPRESENTATION('',(#11,#15),#19);
#11 = AXIS2_PLACEMENT_3D('',#12,#13,#14);
#12 = CARTESIAN_POINT('',(0.,0.,0.));
#13 = DIRECTION('',(0.,0.,1.));
#14 = DIRECTION('',(1.,0.,-0.));
#15 = AXIS2_PLACEMENT_3D('',#16,#17,#18);
#16 = CARTESIAN_POINT('',(0.,0.,0.));
#17 = DIRECTION('',(0.,0.,1.));
#18 = DIRECTION('',(1.,0.,-0.));
#19 = ( GEOMETRIC_REPRESENTATION_CONTEXT(3) 
GLOBAL_UNCERTAINTY_ASSIGNED_CONTEXT((#23)) GLOBAL_UNIT_ASSIGNED_CONTEXT(
(#20,#21,#22)) REPRESENTATION_CONTEXT('Context #1',
  '3D Context with UNIT and UNCERTAINTY') );
#20 = ( LENGTH_UNIT() NAMED_UNIT(*) SI_UNIT(.MILLI.,.METRE.) );
#21 = ( NAMED_UNIT(*) PLANE_ANGLE_UNIT() SI_UNIT($,.RADIAN.) );
#22 = ( NAMED_UNIT(*) SI_UNIT($,.STERADIAN.) SOLID_ANGLE_UNIT() );
#23 = UNCERTAINTY_MEASURE_WITH_UNIT(LENGTH_MEASURE(1.E-03),#20,
  'distance_accuracy_value','confusion accuracy');
#24 = PRODUCT_RELATED_PRODUCT_CATEGORY('part',$,(#7));
#25 = SHAPE_DEFINITION_REPRESENTATION(#26,#32);
#26 = PRODUCT_DEFINITION_SHAPE('','',#27);
#27 = PRODUCT_DEFINITION('design','',#28,#31);
#28 = PRODUCT_DEFINITION_FORMATION('','',#29);
#29 = PRODUCT('XT30bus PCB','XT30bus PCB','',(#30));
#30 = PRODUCT_CONTEXT('',#2,'mechanical');
#31 = PRODUCT_DEFINITION_CONTEXT('part definition',#2,'design');
#32 = ADVANCED_BREP_SHAPE_REPRESENTATION('',(#11,#33),#5651);
#33 = MANIFOLD_SOLID_BREP('',#34);
#34 = CLOSED_SHELL('',(#35,#155,#231,#307,#2247,#3862,#3889,#3916,#3943,
    #3970,#3997,#4024,#4051,#4078,#4105,#4132,#4159,#4186,#4213,#4240,
    #4267,#4294,#4321,#4348,#4375,#4402,#4429,#4456,#4483,#4510,#4537,
    #4564,#4591,#4618,#4645,#4672,#4699,#4726,#4753,#4780,#4807,#4834,
    #4861,#4888,#4915,#4942,#4969,#4996,#5023,#5050,#5077,#5104,#5131,
    #5158,#5185,#5212,#5239,#5266,#5293,#5320,#5347,#5374,#5381,#5408,
    #5435,#5462,#5489,#5516,#5543,#5570,#5597,#5624));
#35 = ADVANCED_FACE('',(#36),#50,.T.);
#36 = FACE_BOUND('',#37,.T.);
#37 = EDGE_LOOP('',(#38,#73,#101,#129));
#38 = ORIENTED_EDGE('',*,*,#39,.T.);
#39 = EDGE_CURVE('',#40,#42,#44,.T.);
#40 = VERTEX_POINT('',#41);
#41 = CARTESIAN_POINT('',(22.535893,12.681137,0.));
#42 = VERTEX_POINT('',#43);
#43 = CARTESIAN_POINT('',(22.535893,12.681137,1.6));
#44 = SURFACE_CURVE('',#45,(#49,#61),.PCURVE_S1.);
#45 = LINE('',#46,#47);
#46 = CARTESIAN_POINT('',(22.535893,12.681137,0.));
#47 = VECTOR('',#48,1.);
#48 = DIRECTION('',(0.,0.,1.));
#49 = PCURVE('',#50,#55);
#50 = PLANE('',#51);
#51 = AXIS2_PLACEMENT_3D('',#52,#53,#54);
#52 = CARTESIAN_POINT('',(22.535893,12.681137,0.));
#53 = DIRECTION('',(0.167506224545,0.985871018308,-0.));
#54 = DIRECTION('',(0.985871018308,-0.167506224545,0.));
#55 = DEFINITIONAL_REPRESENTATION('',(#56),#60);
#56 = LINE('',#57,#58);
#57 = CARTESIAN_POINT('',(0.,0.));
#58 = VECTOR('',#59,1.);
#59 = DIRECTION('',(0.,-1.));
#60 = ( GEOMETRIC_REPRESENTATION_CONTEXT(2) 
PARAMETRIC_REPRESENTATION_CONTEXT() REPRESENTATION_CONTEXT('2D SPACE',''
  ) );
#61 = PCURVE('',#62,#67);
#62 = PLANE('',#63);
#63 = AXIS2_PLACEMENT_3D('',#64,#65,#66);
#64 = CARTESIAN_POINT('',(22.2,12.7,0.));
#65 = DIRECTION('',(5.606942121022E-02,0.998426872638,-0.));
#66 = DIRECTION('',(0.998426872638,-5.606942121022E-02,0.));
#67 = DEFINITIONAL_REPRESENTATION('',(#68),#72);
#68 = LINE('',#69,#70);
#69 = CARTESIAN_POINT('',(0.336422235023,0.));
#70 = VECTOR('',#71,1.);
#71 = DIRECTION('',(0.,-1.));
#72 = ( GEOMETRIC_REPRESENTATION_CONTEXT(2) 
PARAMETRIC_REPRESENTATION_CONTEXT() REPRESENTATION_CONTEXT('2D SPACE',''
  ) );
#73 = ORIENTED_EDGE('',*,*,#74,.T.);
#74 = EDGE_CURVE('',#42,#75,#77,.T.);
#75 = VERTEX_POINT('',#76);
#76 = CARTESIAN_POINT('',(22.867563,12.624784,1.6));
#77 = SURFACE_CURVE('',#78,(#82,#89),.PCURVE_S1.);
#78 = LINE('',#79,#80);
#79 = CARTESIAN_POINT('',(22.535893,12.681137,1.6));
#80 = VECTOR('',#81,1.);
#81 = DIRECTION('',(0.985871018308,-0.167506224545,0.));
#82 = PCURVE('',#50,#83);
#83 = DEFINITIONAL_REPRESENTATION('',(#84),#88);
#84 = LINE('',#85,#86);
#85 = CARTESIAN_POINT('',(0.,-1.6));
#86 = VECTOR('',#87,1.);
#87 = DIRECTION('',(1.,0.));
#88 = ( GEOMETRIC_REPRESENTATION_CONTEXT(2) 
PARAMETRIC_REPRESENTATION_CONTEXT() REPRESENTATION_CONTEXT('2D SPACE',''
  ) );
#89 = PCURVE('',#90,#95);
#90 = PLANE('',#91);
#91 = AXIS2_PLACEMENT_3D('',#92,#93,#94);
#92 = CARTESIAN_POINT('',(8.460882844353E-16,9.704238387788E-17,1.6));
#93 = DIRECTION('',(-0.,-0.,-1.));
#94 = DIRECTION('',(-1.,0.,0.));
#95 = DEFINITIONAL_REPRESENTATION('',(#96),#100);
#96 = LINE('',#97,#98);
#97 = CARTESIAN_POINT('',(-22.535893,12.681137));
#98 = VECTOR('',#99,1.);
#99 = DIRECTION('',(-0.985871018308,-0.167506224545));
#100 = ( GEOMETRIC_REPRESENTATION_CONTEXT(2) 
PARAMETRIC_REPRESENTATION_CONTEXT() REPRESENTATION_CONTEXT('2D SPACE',''
  ) );
#101 = ORIENTED_EDGE('',*,*,#102,.F.);
#102 = EDGE_CURVE('',#103,#75,#105,.T.);
#103 = VERTEX_POINT('',#104);
#104 = CARTESIAN_POINT('',(22.867563,12.624784,0.));
#105 = SURFACE_CURVE('',#106,(#110,#117),.PCURVE_S1.);
#106 = LINE('',#107,#108);
#107 = CARTESIAN_POINT('',(22.867563,12.624784,0.));
#108 = VECTOR('',#109,1.);
#109 = DIRECTION('',(0.,0.,1.));
#110 = PCURVE('',#50,#111);
#111 = DEFINITIONAL_REPRESENTATION('',(#112),#116);
#112 = LINE('',#113,#114);
#113 = CARTESIAN_POINT('',(0.336423318914,0.));
#114 = VECTOR('',#115,1.);
#115 = DIRECTION('',(0.,-1.));
#116 = ( GEOMETRIC_REPRESENTATION_CONTEXT(2) 
PARAMETRIC_REPRESENTATION_CONTEXT() REPRESENTATION_CONTEXT('2D SPACE',''
  ) );
#117 = PCURVE('',#118,#123);
#118 = PLANE('',#119);
#119 = AXIS2_PLACEMENT_3D('',#120,#121,#122);
#120 = CARTESIAN_POINT('',(22.867563,12.624784,0.));
#121 = DIRECTION('',(0.276836513242,0.960917033326,-0.));
#122 = DIRECTION('',(0.960917033326,-0.276836513242,0.));
#123 = DEFINITIONAL_REPRESENTATION('',(#124),#128);
#124 = LINE('',#125,#126);
#125 = CARTESIAN_POINT('',(0.,0.));
#126 = VECTOR('',#127,1.);
#127 = DIRECTION('',(0.,-1.));
#128 = ( GEOMETRIC_REPRESENTATION_CONTEXT(2) 
PARAMETRIC_REPRESENTATION_CONTEXT() REPRESENTATION_CONTEXT('2D SPACE',''
  ) );
#129 = ORIENTED_EDGE('',*,*,#130,.F.);
#130 = EDGE_CURVE('',#40,#103,#131,.T.);
#131 = SURFACE_CURVE('',#132,(#136,#143),.PCURVE_S1.);
#132 = LINE('',#133,#134);
#133 = CARTESIAN_POINT('',(22.535893,12.681137,0.));
#134 = VECTOR('',#135,1.);
#135 = DIRECTION('',(0.985871018308,-0.167506224545,0.));
#136 = PCURVE('',#50,#137);
#137 = DEFINITIONAL_REPRESENTATION('',(#138),#142);
#138 = LINE('',#139,#140);
#139 = CARTESIAN_POINT('',(0.,0.));
#140 = VECTOR('',#141,1.);
#141 = DIRECTION('',(1.,0.));
#142 = ( GEOMETRIC_REPRESENTATION_CONTEXT(2) 
PARAMETRIC_REPRESENTATION_CONTEXT() REPRESENTATION_CONTEXT('2D SPACE',''
  ) );
#143 = PCURVE('',#144,#149);
#144 = PLANE('',#145);
#145 = AXIS2_PLACEMENT_3D('',#146,#147,#148);
#146 = CARTESIAN_POINT('',(8.460882844353E-16,9.704238387788E-17,0.));
#147 = DIRECTION('',(-0.,-0.,-1.));
#148 = DIRECTION('',(-1.,0.,0.));
#149 = DEFINITIONAL_REPRESENTATION('',(#150),#154);
#150 = LINE('',#151,#152);
#151 = CARTESIAN_POINT('',(-22.535893,12.681137));
#152 = VECTOR('',#153,1.);
#153 = DIRECTION('',(-0.985871018308,-0.167506224545));
#154 = ( GEOMETRIC_REPRESENTATION_CONTEXT(2) 
PARAMETRIC_REPRESENTATION_CONTEXT() REPRESENTATION_CONTEXT('2D SPACE',''
  ) );
#155 = ADVANCED_FACE('',(#156),#62,.T.);
#156 = FACE_BOUND('',#157,.T.);
#157 = EDGE_LOOP('',(#158,#188,#209,#210));
#158 = ORIENTED_EDGE('',*,*,#159,.T.);
#159 = EDGE_CURVE('',#160,#162,#164,.T.);
#160 = VERTEX_POINT('',#161);
#161 = CARTESIAN_POINT('',(22.2,12.7,0.));
#162 = VERTEX_POINT('',#163);
#163 = CARTESIAN_POINT('',(22.2,12.7,1.6));
#164 = SURFACE_CURVE('',#165,(#169,#176),.PCURVE_S1.);
#165 = LINE('',#166,#167);
#166 = CARTESIAN_POINT('',(22.2,12.7,0.));
#167 = VECTOR('',#168,1.);
#168 = DIRECTION('',(0.,0.,1.));
#169 = PCURVE('',#62,#170);
#170 = DEFINITIONAL_REPRESENTATION('',(#171),#175);
#171 = LINE('',#172,#173);
#172 = CARTESIAN_POINT('',(0.,0.));
#173 = VECTOR('',#174,1.);
#174 = DIRECTION('',(0.,-1.));
#175 = ( GEOMETRIC_REPRESENTATION_CONTEXT(2) 
PARAMETRIC_REPRESENTATION_CONTEXT() REPRESENTATION_CONTEXT('2D SPACE',''
  ) );
#176 = PCURVE('',#177,#182);
#177 = PLANE('',#178);
#178 = AXIS2_PLACEMENT_3D('',#179,#180,#181);
#179 = CARTESIAN_POINT('',(-22.2,12.7,0.));
#180 = DIRECTION('',(0.,1.,0.));
#181 = DIRECTION('',(1.,0.,0.));
#182 = DEFINITIONAL_REPRESENTATION('',(#183),#187);
#183 = LINE('',#184,#185);
#184 = CARTESIAN_POINT('',(44.4,0.));
#185 = VECTOR('',#186,1.);
#186 = DIRECTION('',(0.,-1.));
#187 = ( GEOMETRIC_REPRESENTATION_CONTEXT(2) 
PARAMETRIC_REPRESENTATION_CONTEXT() REPRESENTATION_CONTEXT('2D SPACE',''
  ) );
#188 = ORIENTED_EDGE('',*,*,#189,.T.);
#189 = EDGE_CURVE('',#162,#42,#190,.T.);
#190 = SURFACE_CURVE('',#191,(#195,#202),.PCURVE_S1.);
#191 = LINE('',#192,#193);
#192 = CARTESIAN_POINT('',(22.2,12.7,1.6));
#193 = VECTOR('',#194,1.);
#194 = DIRECTION('',(0.998426872638,-5.606942121022E-02,0.));
#195 = PCURVE('',#62,#196);
#196 = DEFINITIONAL_REPRESENTATION('',(#197),#201);
#197 = LINE('',#198,#199);
#198 = CARTESIAN_POINT('',(0.,-1.6));
#199 = VECTOR('',#200,1.);
#200 = DIRECTION('',(1.,0.));
#201 = ( GEOMETRIC_REPRESENTATION_CONTEXT(2) 
PARAMETRIC_REPRESENTATION_CONTEXT() REPRESENTATION_CONTEXT('2D SPACE',''
  ) );
#202 = PCURVE('',#90,#203);
#203 = DEFINITIONAL_REPRESENTATION('',(#204),#208);
#204 = LINE('',#205,#206);
#205 = CARTESIAN_POINT('',(-22.2,12.7));
#206 = VECTOR('',#207,1.);
#207 = DIRECTION('',(-0.998426872638,-5.606942121022E-02));
#208 = ( GEOMETRIC_REPRESENTATION_CONTEXT(2) 
PARAMETRIC_REPRESENTATION_CONTEXT() REPRESENTATION_CONTEXT('2D SPACE',''
  ) );
#209 = ORIENTED_EDGE('',*,*,#39,.F.);
#210 = ORIENTED_EDGE('',*,*,#211,.F.);
#211 = EDGE_CURVE('',#160,#40,#212,.T.);
#212 = SURFACE_CURVE('',#213,(#217,#224),.PCURVE_S1.);
#213 = LINE('',#214,#215);
#214 = CARTESIAN_POINT('',(22.2,12.7,0.));
#215 = VECTOR('',#216,1.);
#216 = DIRECTION('',(0.998426872638,-5.606942121022E-02,0.));
#217 = PCURVE('',#62,#218);
#218 = DEFINITIONAL_REPRESENTATION('',(#219),#223);
#219 = LINE('',#220,#221);
#220 = CARTESIAN_POINT('',(0.,0.));
#221 = VECTOR('',#222,1.);
#222 = DIRECTION('',(1.,0.));
#223 = ( GEOMETRIC_REPRESENTATION_CONTEXT(2) 
PARAMETRIC_REPRESENTATION_CONTEXT() REPRESENTATION_CONTEXT('2D SPACE',''
  ) );
#224 = PCURVE('',#144,#225);
#225 = DEFINITIONAL_REPRESENTATION('',(#226),#230);
#226 = LINE('',#227,#228);
#227 = CARTESIAN_POINT('',(-22.2,12.7));
#228 = VECTOR('',#229,1.);
#229 = DIRECTION('',(-0.998426872638,-5.606942121022E-02));
#230 = ( GEOMETRIC_REPRESENTATION_CONTEXT(2) 
PARAMETRIC_REPRESENTATION_CONTEXT() REPRESENTATION_CONTEXT('2D SPACE',''
  ) );
#231 = ADVANCED_FACE('',(#232),#118,.T.);
#232 = FACE_BOUND('',#233,.T.);
#233 = EDGE_LOOP('',(#234,#235,#258,#286));
#234 = ORIENTED_EDGE('',*,*,#102,.T.);
#235 = ORIENTED_EDGE('',*,*,#236,.T.);
#236 = EDGE_CURVE('',#75,#237,#239,.T.);
#237 = VERTEX_POINT('',#238);
#238 = CARTESIAN_POINT('',(23.190837,12.53165,1.6));
#239 = SURFACE_CURVE('',#240,(#244,#251),.PCURVE_S1.);
#240 = LINE('',#241,#242);
#241 = CARTESIAN_POINT('',(22.867563,12.624784,1.6));
#242 = VECTOR('',#243,1.);
#243 = DIRECTION('',(0.960917033326,-0.276836513242,0.));
#244 = PCURVE('',#118,#245);
#245 = DEFINITIONAL_REPRESENTATION('',(#246),#250);
#246 = LINE('',#247,#248);
#247 = CARTESIAN_POINT('',(0.,-1.6));
#248 = VECTOR('',#249,1.);
#249 = DIRECTION('',(1.,0.));
#250 = ( GEOMETRIC_REPRESENTATION_CONTEXT(2) 
PARAMETRIC_REPRESENTATION_CONTEXT() REPRESENTATION_CONTEXT('2D SPACE',''
  ) );
#251 = PCURVE('',#90,#252);
#252 = DEFINITIONAL_REPRESENTATION('',(#253),#257);
#253 = LINE('',#254,#255);
#254 = CARTESIAN_POINT('',(-22.867563,12.624784));
#255 = VECTOR('',#256,1.);
#256 = DIRECTION('',(-0.960917033326,-0.276836513242));
#257 = ( GEOMETRIC_REPRESENTATION_CONTEXT(2) 
PARAMETRIC_REPRESENTATION_CONTEXT() REPRESENTATION_CONTEXT('2D SPACE',''
  ) );
#258 = ORIENTED_EDGE('',*,*,#259,.F.);
#259 = EDGE_CURVE('',#260,#237,#262,.T.);
#260 = VERTEX_POINT('',#261);
#261 = CARTESIAN_POINT('',(23.190837,12.53165,0.));
#262 = SURFACE_CURVE('',#263,(#267,#274),.PCURVE_S1.);
#263 = LINE('',#264,#265);
#264 = CARTESIAN_POINT('',(23.190837,12.53165,0.));
#265 = VECTOR('',#266,1.);
#266 = DIRECTION('',(0.,0.,1.));
#267 = PCURVE('',#118,#268);
#268 = DEFINITIONAL_REPRESENTATION('',(#269),#273);
#269 = LINE('',#270,#271);
#270 = CARTESIAN_POINT('',(0.336422384856,0.));
#271 = VECTOR('',#272,1.);
#272 = DIRECTION('',(0.,-1.));
#273 = ( GEOMETRIC_REPRESENTATION_CONTEXT(2) 
PARAMETRIC_REPRESENTATION_CONTEXT() REPRESENTATION_CONTEXT('2D SPACE',''
  ) );
#274 = PCURVE('',#275,#280);
#275 = PLANE('',#276);
#276 = AXIS2_PLACEMENT_3D('',#277,#278,#279);
#277 = CARTESIAN_POINT('',(23.190837,12.53165,0.));
#278 = DIRECTION('',(0.382682483027,0.92387992574,-0.));
#279 = DIRECTION('',(0.92387992574,-0.382682483027,0.));
#280 = DEFINITIONAL_REPRESENTATION('',(#281),#285);
#281 = LINE('',#282,#283);
#282 = CARTESIAN_POINT('',(0.,0.));
#283 = VECTOR('',#284,1.);
#284 = DIRECTION('',(0.,-1.));
#285 = ( GEOMETRIC_REPRESENTATION_CONTEXT(2) 
PARAMETRIC_REPRESENTATION_CONTEXT() REPRESENTATION_CONTEXT('2D SPACE',''
  ) );
#286 = ORIENTED_EDGE('',*,*,#287,.F.);
#287 = EDGE_CURVE('',#103,#260,#288,.T.);
#288 = SURFACE_CURVE('',#289,(#293,#300),.PCURVE_S1.);
#289 = LINE('',#290,#291);
#290 = CARTESIAN_POINT('',(22.867563,12.624784,0.));
#291 = VECTOR('',#292,1.);
#292 = DIRECTION('',(0.960917033326,-0.276836513242,0.));
#293 = PCURVE('',#118,#294);
#294 = DEFINITIONAL_REPRESENTATION('',(#295),#299);
#295 = LINE('',#296,#297);
#296 = CARTESIAN_POINT('',(0.,0.));
#297 = VECTOR('',#298,1.);
#298 = DIRECTION('',(1.,0.));
#299 = ( GEOMETRIC_REPRESENTATION_CONTEXT(2) 
PARAMETRIC_REPRESENTATION_CONTEXT() REPRESENTATION_CONTEXT('2D SPACE',''
  ) );
#300 = PCURVE('',#144,#301);
#301 = DEFINITIONAL_REPRESENTATION('',(#302),#306);
#302 = LINE('',#303,#304);
#303 = CARTESIAN_POINT('',(-22.867563,12.624784));
#304 = VECTOR('',#305,1.);
#305 = DIRECTION('',(-0.960917033326,-0.276836513242));
#306 = ( GEOMETRIC_REPRESENTATION_CONTEXT(2) 
PARAMETRIC_REPRESENTATION_CONTEXT() REPRESENTATION_CONTEXT('2D SPACE',''
  ) );
#307 = ADVANCED_FACE('',(#308,#1897,#1932,#1967,#2002,#2037,#2072,#2107,
    #2142,#2177,#2212),#144,.T.);
#308 = FACE_BOUND('',#309,.T.);
#309 = EDGE_LOOP('',(#310,#311,#312,#335,#363,#391,#419,#447,#475,#503,
    #531,#559,#587,#615,#643,#671,#699,#727,#755,#783,#811,#839,#867,
    #895,#923,#951,#979,#1007,#1035,#1063,#1091,#1119,#1147,#1175,#1203,
    #1231,#1259,#1287,#1315,#1343,#1371,#1399,#1427,#1455,#1483,#1511,
    #1539,#1567,#1595,#1623,#1651,#1679,#1707,#1735,#1763,#1791,#1819,
    #1847,#1875,#1896));
#310 = ORIENTED_EDGE('',*,*,#130,.T.);
#311 = ORIENTED_EDGE('',*,*,#287,.T.);
#312 = ORIENTED_EDGE('',*,*,#313,.T.);
#313 = EDGE_CURVE('',#260,#314,#316,.T.);
#314 = VERTEX_POINT('',#315);
#315 = CARTESIAN_POINT('',(23.501651,12.402907,0.));
#316 = SURFACE_CURVE('',#317,(#321,#328),.PCURVE_S1.);
#317 = LINE('',#318,#319);
#318 = CARTESIAN_POINT('',(23.190837,12.53165,0.));
#319 = VECTOR('',#320,1.);
#320 = DIRECTION('',(0.92387992574,-0.382682483027,0.));
#321 = PCURVE('',#144,#322);
#322 = DEFINITIONAL_REPRESENTATION('',(#323),#327);
#323 = LINE('',#324,#325);
#324 = CARTESIAN_POINT('',(-23.190837,12.53165));
#325 = VECTOR('',#326,1.);
#326 = DIRECTION('',(-0.92387992574,-0.382682483027));
#327 = ( GEOMETRIC_REPRESENTATION_CONTEXT(2) 
PARAMETRIC_REPRESENTATION_CONTEXT() REPRESENTATION_CONTEXT('2D SPACE',''
  ) );
#328 = PCURVE('',#275,#329);
#329 = DEFINITIONAL_REPRESENTATION('',(#330),#334);
#330 = LINE('',#331,#332);
#331 = CARTESIAN_POINT('',(0.,0.));
#332 = VECTOR('',#333,1.);
#333 = DIRECTION('',(1.,0.));
#334 = ( GEOMETRIC_REPRESENTATION_CONTEXT(2) 
PARAMETRIC_REPRESENTATION_CONTEXT() REPRESENTATION_CONTEXT('2D SPACE',''
  ) );
#335 = ORIENTED_EDGE('',*,*,#336,.T.);
#336 = EDGE_CURVE('',#314,#337,#339,.T.);
#337 = VERTEX_POINT('',#338);
#338 = CARTESIAN_POINT('',(23.796096,12.240173,0.));
#339 = SURFACE_CURVE('',#340,(#344,#351),.PCURVE_S1.);
#340 = LINE('',#341,#342);
#341 = CARTESIAN_POINT('',(23.501651,12.402907,0.));
#342 = VECTOR('',#343,1.);
#343 = DIRECTION('',(0.875223421007,-0.483718888737,0.));
#344 = PCURVE('',#144,#345);
#345 = DEFINITIONAL_REPRESENTATION('',(#346),#350);
#346 = LINE('',#347,#348);
#347 = CARTESIAN_POINT('',(-23.501651,12.402907));
#348 = VECTOR('',#349,1.);
#349 = DIRECTION('',(-0.875223421007,-0.483718888737));
#350 = ( GEOMETRIC_REPRESENTATION_CONTEXT(2) 
PARAMETRIC_REPRESENTATION_CONTEXT() REPRESENTATION_CONTEXT('2D SPACE',''
  ) );
#351 = PCURVE('',#352,#357);
#352 = PLANE('',#353);
#353 = AXIS2_PLACEMENT_3D('',#354,#355,#356);
#354 = CARTESIAN_POINT('',(23.501651,12.402907,0.));
#355 = DIRECTION('',(0.483718888737,0.875223421007,-0.));
#356 = DIRECTION('',(0.875223421007,-0.483718888737,0.));
#357 = DEFINITIONAL_REPRESENTATION('',(#358),#362);
#358 = LINE('',#359,#360);
#359 = CARTESIAN_POINT('',(0.,0.));
#360 = VECTOR('',#361,1.);
#361 = DIRECTION('',(1.,0.));
#362 = ( GEOMETRIC_REPRESENTATION_CONTEXT(2) 
PARAMETRIC_REPRESENTATION_CONTEXT() REPRESENTATION_CONTEXT('2D SPACE',''
  ) );
#363 = ORIENTED_EDGE('',*,*,#364,.T.);
#364 = EDGE_CURVE('',#337,#365,#367,.T.);
#365 = VERTEX_POINT('',#366);
#366 = CARTESIAN_POINT('',(24.070469,12.045494,0.));
#367 = SURFACE_CURVE('',#368,(#372,#379),.PCURVE_S1.);
#368 = LINE('',#369,#370);
#369 = CARTESIAN_POINT('',(23.796096,12.240173,0.));
#370 = VECTOR('',#371,1.);
#371 = DIRECTION('',(0.815559501739,-0.578673223091,0.));
#372 = PCURVE('',#144,#373);
#373 = DEFINITIONAL_REPRESENTATION('',(#374),#378);
#374 = LINE('',#375,#376);
#375 = CARTESIAN_POINT('',(-23.796096,12.240173));
#376 = VECTOR('',#377,1.);
#377 = DIRECTION('',(-0.815559501739,-0.578673223091));
#378 = ( GEOMETRIC_REPRESENTATION_CONTEXT(2) 
PARAMETRIC_REPRESENTATION_CONTEXT() REPRESENTATION_CONTEXT('2D SPACE',''
  ) );
#379 = PCURVE('',#380,#385);
#380 = PLANE('',#381);
#381 = AXIS2_PLACEMENT_3D('',#382,#383,#384);
#382 = CARTESIAN_POINT('',(23.796096,12.240173,0.));
#383 = DIRECTION('',(0.578673223091,0.815559501739,-0.));
#384 = DIRECTION('',(0.815559501739,-0.578673223091,0.));
#385 = DEFINITIONAL_REPRESENTATION('',(#386),#390);
#386 = LINE('',#387,#388);
#387 = CARTESIAN_POINT('',(0.,0.));
#388 = VECTOR('',#389,1.);
#389 = DIRECTION('',(1.,0.));
#390 = ( GEOMETRIC_REPRESENTATION_CONTEXT(2) 
PARAMETRIC_REPRESENTATION_CONTEXT() REPRESENTATION_CONTEXT('2D SPACE',''
  ) );
#391 = ORIENTED_EDGE('',*,*,#392,.T.);
#392 = EDGE_CURVE('',#365,#393,#395,.T.);
#393 = VERTEX_POINT('',#394);
#394 = CARTESIAN_POINT('',(24.32132,11.82132,0.));
#395 = SURFACE_CURVE('',#396,(#400,#407),.PCURVE_S1.);
#396 = LINE('',#397,#398);
#397 = CARTESIAN_POINT('',(24.070469,12.045494,0.));
#398 = VECTOR('',#399,1.);
#399 = DIRECTION('',(0.7456424001,-0.666346314744,0.));
#400 = PCURVE('',#144,#401);
#401 = DEFINITIONAL_REPRESENTATION('',(#402),#406);
#402 = LINE('',#403,#404);
#403 = CARTESIAN_POINT('',(-24.070469,12.045494));
#404 = VECTOR('',#405,1.);
#405 = DIRECTION('',(-0.7456424001,-0.666346314744));
#406 = ( GEOMETRIC_REPRESENTATION_CONTEXT(2) 
PARAMETRIC_REPRESENTATION_CONTEXT() REPRESENTATION_CONTEXT('2D SPACE',''
  ) );
#407 = PCURVE('',#408,#413);
#408 = PLANE('',#409);
#409 = AXIS2_PLACEMENT_3D('',#410,#411,#412);
#410 = CARTESIAN_POINT('',(24.070469,12.045494,0.));
#411 = DIRECTION('',(0.666346314744,0.7456424001,-0.));
#412 = DIRECTION('',(0.7456424001,-0.666346314744,0.));
#413 = DEFINITIONAL_REPRESENTATION('',(#414),#418);
#414 = LINE('',#415,#416);
#415 = CARTESIAN_POINT('',(0.,0.));
#416 = VECTOR('',#417,1.);
#417 = DIRECTION('',(1.,0.));
#418 = ( GEOMETRIC_REPRESENTATION_CONTEXT(2) 
PARAMETRIC_REPRESENTATION_CONTEXT() REPRESENTATION_CONTEXT('2D SPACE',''
  ) );
#419 = ORIENTED_EDGE('',*,*,#420,.T.);
#420 = EDGE_CURVE('',#393,#421,#423,.T.);
#421 = VERTEX_POINT('',#422);
#422 = CARTESIAN_POINT('',(24.545494,11.570469,0.));
#423 = SURFACE_CURVE('',#424,(#428,#435),.PCURVE_S1.);
#424 = LINE('',#425,#426);
#425 = CARTESIAN_POINT('',(24.32132,11.82132,0.));
#426 = VECTOR('',#427,1.);
#427 = DIRECTION('',(0.666346314744,-0.7456424001,0.));
#428 = PCURVE('',#144,#429);
#429 = DEFINITIONAL_REPRESENTATION('',(#430),#434);
#430 = LINE('',#431,#432);
#431 = CARTESIAN_POINT('',(-24.32132,11.82132));
#432 = VECTOR('',#433,1.);
#433 = DIRECTION('',(-0.666346314744,-0.7456424001));
#434 = ( GEOMETRIC_REPRESENTATION_CONTEXT(2) 
PARAMETRIC_REPRESENTATION_CONTEXT() REPRESENTATION_CONTEXT('2D SPACE',''
  ) );
#435 = PCURVE('',#436,#441);
#436 = PLANE('',#437);
#437 = AXIS2_PLACEMENT_3D('',#438,#439,#440);
#438 = CARTESIAN_POINT('',(24.32132,11.82132,0.));
#439 = DIRECTION('',(0.7456424001,0.666346314744,-0.));
#440 = DIRECTION('',(0.666346314744,-0.7456424001,0.));
#441 = DEFINITIONAL_REPRESENTATION('',(#442),#446);
#442 = LINE('',#443,#444);
#443 = CARTESIAN_POINT('',(0.,0.));
#444 = VECTOR('',#445,1.);
#445 = DIRECTION('',(1.,0.));
#446 = ( GEOMETRIC_REPRESENTATION_CONTEXT(2) 
PARAMETRIC_REPRESENTATION_CONTEXT() REPRESENTATION_CONTEXT('2D SPACE',''
  ) );
#447 = ORIENTED_EDGE('',*,*,#448,.T.);
#448 = EDGE_CURVE('',#421,#449,#451,.T.);
#449 = VERTEX_POINT('',#450);
#450 = CARTESIAN_POINT('',(24.740173,11.296096,0.));
#451 = SURFACE_CURVE('',#452,(#456,#463),.PCURVE_S1.);
#452 = LINE('',#453,#454);
#453 = CARTESIAN_POINT('',(24.545494,11.570469,0.));
#454 = VECTOR('',#455,1.);
#455 = DIRECTION('',(0.578673223091,-0.815559501739,0.));
#456 = PCURVE('',#144,#457);
#457 = DEFINITIONAL_REPRESENTATION('',(#458),#462);
#458 = LINE('',#459,#460);
#459 = CARTESIAN_POINT('',(-24.545494,11.570469));
#460 = VECTOR('',#461,1.);
#461 = DIRECTION('',(-0.578673223091,-0.815559501739));
#462 = ( GEOMETRIC_REPRESENTATION_CONTEXT(2) 
PARAMETRIC_REPRESENTATION_CONTEXT() REPRESENTATION_CONTEXT('2D SPACE',''
  ) );
#463 = PCURVE('',#464,#469);
#464 = PLANE('',#465);
#465 = AXIS2_PLACEMENT_3D('',#466,#467,#468);
#466 = CARTESIAN_POINT('',(24.545494,11.570469,0.));
#467 = DIRECTION('',(0.815559501739,0.578673223091,-0.));
#468 = DIRECTION('',(0.578673223091,-0.815559501739,0.));
#469 = DEFINITIONAL_REPRESENTATION('',(#470),#474);
#470 = LINE('',#471,#472);
#471 = CARTESIAN_POINT('',(0.,0.));
#472 = VECTOR('',#473,1.);
#473 = DIRECTION('',(1.,0.));
#474 = ( GEOMETRIC_REPRESENTATION_CONTEXT(2) 
PARAMETRIC_REPRESENTATION_CONTEXT() REPRESENTATION_CONTEXT('2D SPACE',''
  ) );
#475 = ORIENTED_EDGE('',*,*,#476,.T.);
#476 = EDGE_CURVE('',#449,#477,#479,.T.);
#477 = VERTEX_POINT('',#478);
#478 = CARTESIAN_POINT('',(24.902907,11.001651,0.));
#479 = SURFACE_CURVE('',#480,(#484,#491),.PCURVE_S1.);
#480 = LINE('',#481,#482);
#481 = CARTESIAN_POINT('',(24.740173,11.296096,0.));
#482 = VECTOR('',#483,1.);
#483 = DIRECTION('',(0.483718888737,-0.875223421007,0.));
#484 = PCURVE('',#144,#485);
#485 = DEFINITIONAL_REPRESENTATION('',(#486),#490);
#486 = LINE('',#487,#488);
#487 = CARTESIAN_POINT('',(-24.740173,11.296096));
#488 = VECTOR('',#489,1.);
#489 = DIRECTION('',(-0.483718888737,-0.875223421007));
#490 = ( GEOMETRIC_REPRESENTATION_CONTEXT(2) 
PARAMETRIC_REPRESENTATION_CONTEXT() REPRESENTATION_CONTEXT('2D SPACE',''
  ) );
#491 = PCURVE('',#492,#497);
#492 = PLANE('',#493);
#493 = AXIS2_PLACEMENT_3D('',#494,#495,#496);
#494 = CARTESIAN_POINT('',(24.740173,11.296096,0.));
#495 = DIRECTION('',(0.875223421007,0.483718888737,-0.));
#496 = DIRECTION('',(0.483718888737,-0.875223421007,0.));
#497 = DEFINITIONAL_REPRESENTATION('',(#498),#502);
#498 = LINE('',#499,#500);
#499 = CARTESIAN_POINT('',(0.,0.));
#500 = VECTOR('',#501,1.);
#501 = DIRECTION('',(1.,0.));
#502 = ( GEOMETRIC_REPRESENTATION_CONTEXT(2) 
PARAMETRIC_REPRESENTATION_CONTEXT() REPRESENTATION_CONTEXT('2D SPACE',''
  ) );
#503 = ORIENTED_EDGE('',*,*,#504,.T.);
#504 = EDGE_CURVE('',#477,#505,#507,.T.);
#505 = VERTEX_POINT('',#506);
#506 = CARTESIAN_POINT('',(25.03165,10.690837,0.));
#507 = SURFACE_CURVE('',#508,(#512,#519),.PCURVE_S1.);
#508 = LINE('',#509,#510);
#509 = CARTESIAN_POINT('',(24.902907,11.001651,0.));
#510 = VECTOR('',#511,1.);
#511 = DIRECTION('',(0.382682483027,-0.92387992574,0.));
#512 = PCURVE('',#144,#513);
#513 = DEFINITIONAL_REPRESENTATION('',(#514),#518);
#514 = LINE('',#515,#516);
#515 = CARTESIAN_POINT('',(-24.902907,11.001651));
#516 = VECTOR('',#517,1.);
#517 = DIRECTION('',(-0.382682483027,-0.92387992574));
#518 = ( GEOMETRIC_REPRESENTATION_CONTEXT(2) 
PARAMETRIC_REPRESENTATION_CONTEXT() REPRESENTATION_CONTEXT('2D SPACE',''
  ) );
#519 = PCURVE('',#520,#525);
#520 = PLANE('',#521);
#521 = AXIS2_PLACEMENT_3D('',#522,#523,#524);
#522 = CARTESIAN_POINT('',(24.902907,11.001651,0.));
#523 = DIRECTION('',(0.92387992574,0.382682483027,-0.));
#524 = DIRECTION('',(0.382682483027,-0.92387992574,0.));
#525 = DEFINITIONAL_REPRESENTATION('',(#526),#530);
#526 = LINE('',#527,#528);
#527 = CARTESIAN_POINT('',(0.,0.));
#528 = VECTOR('',#529,1.);
#529 = DIRECTION('',(1.,0.));
#530 = ( GEOMETRIC_REPRESENTATION_CONTEXT(2) 
PARAMETRIC_REPRESENTATION_CONTEXT() REPRESENTATION_CONTEXT('2D SPACE',''
  ) );
#531 = ORIENTED_EDGE('',*,*,#532,.T.);
#532 = EDGE_CURVE('',#505,#533,#535,.T.);
#533 = VERTEX_POINT('',#534);
#534 = CARTESIAN_POINT('',(25.124784,10.367563,0.));
#535 = SURFACE_CURVE('',#536,(#540,#547),.PCURVE_S1.);
#536 = LINE('',#537,#538);
#537 = CARTESIAN_POINT('',(25.03165,10.690837,0.));
#538 = VECTOR('',#539,1.);
#539 = DIRECTION('',(0.276836513242,-0.960917033326,0.));
#540 = PCURVE('',#144,#541);
#541 = DEFINITIONAL_REPRESENTATION('',(#542),#546);
#542 = LINE('',#543,#544);
#543 = CARTESIAN_POINT('',(-25.03165,10.690837));
#544 = VECTOR('',#545,1.);
#545 = DIRECTION('',(-0.276836513242,-0.960917033326));
#546 = ( GEOMETRIC_REPRESENTATION_CONTEXT(2) 
PARAMETRIC_REPRESENTATION_CONTEXT() REPRESENTATION_CONTEXT('2D SPACE',''
  ) );
#547 = PCURVE('',#548,#553);
#548 = PLANE('',#549);
#549 = AXIS2_PLACEMENT_3D('',#550,#551,#552);
#550 = CARTESIAN_POINT('',(25.03165,10.690837,0.));
#551 = DIRECTION('',(0.960917033326,0.276836513242,-0.));
#552 = DIRECTION('',(0.276836513242,-0.960917033326,0.));
#553 = DEFINITIONAL_REPRESENTATION('',(#554),#558);
#554 = LINE('',#555,#556);
#555 = CARTESIAN_POINT('',(0.,0.));
#556 = VECTOR('',#557,1.);
#557 = DIRECTION('',(1.,0.));
#558 = ( GEOMETRIC_REPRESENTATION_CONTEXT(2) 
PARAMETRIC_REPRESENTATION_CONTEXT() REPRESENTATION_CONTEXT('2D SPACE',''
  ) );
#559 = ORIENTED_EDGE('',*,*,#560,.T.);
#560 = EDGE_CURVE('',#533,#561,#563,.T.);
#561 = VERTEX_POINT('',#562);
#562 = CARTESIAN_POINT('',(25.181137,10.035893,0.));
#563 = SURFACE_CURVE('',#564,(#568,#575),.PCURVE_S1.);
#564 = LINE('',#565,#566);
#565 = CARTESIAN_POINT('',(25.124784,10.367563,0.));
#566 = VECTOR('',#567,1.);
#567 = DIRECTION('',(0.167506224545,-0.985871018308,0.));
#568 = PCURVE('',#144,#569);
#569 = DEFINITIONAL_REPRESENTATION('',(#570),#574);
#570 = LINE('',#571,#572);
#571 = CARTESIAN_POINT('',(-25.124784,10.367563));
#572 = VECTOR('',#573,1.);
#573 = DIRECTION('',(-0.167506224545,-0.985871018308));
#574 = ( GEOMETRIC_REPRESENTATION_CONTEXT(2) 
PARAMETRIC_REPRESENTATION_CONTEXT() REPRESENTATION_CONTEXT('2D SPACE',''
  ) );
#575 = PCURVE('',#576,#581);
#576 = PLANE('',#577);
#577 = AXIS2_PLACEMENT_3D('',#578,#579,#580);
#578 = CARTESIAN_POINT('',(25.124784,10.367563,0.));
#579 = DIRECTION('',(0.985871018308,0.167506224545,-0.));
#580 = DIRECTION('',(0.167506224545,-0.985871018308,0.));
#581 = DEFINITIONAL_REPRESENTATION('',(#582),#586);
#582 = LINE('',#583,#584);
#583 = CARTESIAN_POINT('',(0.,0.));
#584 = VECTOR('',#585,1.);
#585 = DIRECTION('',(1.,0.));
#586 = ( GEOMETRIC_REPRESENTATION_CONTEXT(2) 
PARAMETRIC_REPRESENTATION_CONTEXT() REPRESENTATION_CONTEXT('2D SPACE',''
  ) );
#587 = ORIENTED_EDGE('',*,*,#588,.T.);
#588 = EDGE_CURVE('',#561,#589,#591,.T.);
#589 = VERTEX_POINT('',#590);
#590 = CARTESIAN_POINT('',(25.2,9.7,0.));
#591 = SURFACE_CURVE('',#592,(#596,#603),.PCURVE_S1.);
#592 = LINE('',#593,#594);
#593 = CARTESIAN_POINT('',(25.181137,10.035893,0.));
#594 = VECTOR('',#595,1.);
#595 = DIRECTION('',(5.606942121022E-02,-0.998426872638,0.));
#596 = PCURVE('',#144,#597);
#597 = DEFINITIONAL_REPRESENTATION('',(#598),#602);
#598 = LINE('',#599,#600);
#599 = CARTESIAN_POINT('',(-25.181137,10.035893));
#600 = VECTOR('',#601,1.);
#601 = DIRECTION('',(-5.606942121022E-02,-0.998426872638));
#602 = ( GEOMETRIC_REPRESENTATION_CONTEXT(2) 
PARAMETRIC_REPRESENTATION_CONTEXT() REPRESENTATION_CONTEXT('2D SPACE',''
  ) );
#603 = PCURVE('',#604,#609);
#604 = PLANE('',#605);
#605 = AXIS2_PLACEMENT_3D('',#606,#607,#608);
#606 = CARTESIAN_POINT('',(25.181137,10.035893,0.));
#607 = DIRECTION('',(0.998426872638,5.606942121022E-02,-0.));
#608 = DIRECTION('',(5.606942121022E-02,-0.998426872638,0.));
#609 = DEFINITIONAL_REPRESENTATION('',(#610),#614);
#610 = LINE('',#611,#612);
#611 = CARTESIAN_POINT('',(0.,0.));
#612 = VECTOR('',#613,1.);
#613 = DIRECTION('',(1.,0.));
#614 = ( GEOMETRIC_REPRESENTATION_CONTEXT(2) 
PARAMETRIC_REPRESENTATION_CONTEXT() REPRESENTATION_CONTEXT('2D SPACE',''
  ) );
#615 = ORIENTED_EDGE('',*,*,#616,.T.);
#616 = EDGE_CURVE('',#589,#617,#619,.T.);
#617 = VERTEX_POINT('',#618);
#618 = CARTESIAN_POINT('',(25.2,-9.7,0.));
#619 = SURFACE_CURVE('',#620,(#624,#631),.PCURVE_S1.);
#620 = LINE('',#621,#622);
#621 = CARTESIAN_POINT('',(25.2,9.7,0.));
#622 = VECTOR('',#623,1.);
#623 = DIRECTION('',(0.,-1.,0.));
#624 = PCURVE('',#144,#625);
#625 = DEFINITIONAL_REPRESENTATION('',(#626),#630);
#626 = LINE('',#627,#628);
#627 = CARTESIAN_POINT('',(-25.2,9.7));
#628 = VECTOR('',#629,1.);
#629 = DIRECTION('',(0.,-1.));
#630 = ( GEOMETRIC_REPRESENTATION_CONTEXT(2) 
PARAMETRIC_REPRESENTATION_CONTEXT() REPRESENTATION_CONTEXT('2D SPACE',''
  ) );
#631 = PCURVE('',#632,#637);
#632 = PLANE('',#633);
#633 = AXIS2_PLACEMENT_3D('',#634,#635,#636);
#634 = CARTESIAN_POINT('',(25.2,9.7,0.));
#635 = DIRECTION('',(1.,0.,-0.));
#636 = DIRECTION('',(0.,-1.,0.));
#637 = DEFINITIONAL_REPRESENTATION('',(#638),#642);
#638 = LINE('',#639,#640);
#639 = CARTESIAN_POINT('',(0.,0.));
#640 = VECTOR('',#641,1.);
#641 = DIRECTION('',(1.,0.));
#642 = ( GEOMETRIC_REPRESENTATION_CONTEXT(2) 
PARAMETRIC_REPRESENTATION_CONTEXT() REPRESENTATION_CONTEXT('2D SPACE',''
  ) );
#643 = ORIENTED_EDGE('',*,*,#644,.T.);
#644 = EDGE_CURVE('',#617,#645,#647,.T.);
#645 = VERTEX_POINT('',#646);
#646 = CARTESIAN_POINT('',(25.181137,-10.035893,0.));
#647 = SURFACE_CURVE('',#648,(#652,#659),.PCURVE_S1.);
#648 = LINE('',#649,#650);
#649 = CARTESIAN_POINT('',(25.2,-9.7,0.));
#650 = VECTOR('',#651,1.);
#651 = DIRECTION('',(-5.606942121022E-02,-0.998426872638,0.));
#652 = PCURVE('',#144,#653);
#653 = DEFINITIONAL_REPRESENTATION('',(#654),#658);
#654 = LINE('',#655,#656);
#655 = CARTESIAN_POINT('',(-25.2,-9.7));
#656 = VECTOR('',#657,1.);
#657 = DIRECTION('',(5.606942121022E-02,-0.998426872638));
#658 = ( GEOMETRIC_REPRESENTATION_CONTEXT(2) 
PARAMETRIC_REPRESENTATION_CONTEXT() REPRESENTATION_CONTEXT('2D SPACE',''
  ) );
#659 = PCURVE('',#660,#665);
#660 = PLANE('',#661);
#661 = AXIS2_PLACEMENT_3D('',#662,#663,#664);
#662 = CARTESIAN_POINT('',(25.2,-9.7,0.));
#663 = DIRECTION('',(0.998426872638,-5.606942121022E-02,0.));
#664 = DIRECTION('',(-5.606942121022E-02,-0.998426872638,0.));
#665 = DEFINITIONAL_REPRESENTATION('',(#666),#670);
#666 = LINE('',#667,#668);
#667 = CARTESIAN_POINT('',(0.,0.));
#668 = VECTOR('',#669,1.);
#669 = DIRECTION('',(1.,0.));
#670 = ( GEOMETRIC_REPRESENTATION_CONTEXT(2) 
PARAMETRIC_REPRESENTATION_CONTEXT() REPRESENTATION_CONTEXT('2D SPACE',''
  ) );
#671 = ORIENTED_EDGE('',*,*,#672,.T.);
#672 = EDGE_CURVE('',#645,#673,#675,.T.);
#673 = VERTEX_POINT('',#674);
#674 = CARTESIAN_POINT('',(25.124784,-10.367563,0.));
#675 = SURFACE_CURVE('',#676,(#680,#687),.PCURVE_S1.);
#676 = LINE('',#677,#678);
#677 = CARTESIAN_POINT('',(25.181137,-10.035893,0.));
#678 = VECTOR('',#679,1.);
#679 = DIRECTION('',(-0.167506224545,-0.985871018308,0.));
#680 = PCURVE('',#144,#681);
#681 = DEFINITIONAL_REPRESENTATION('',(#682),#686);
#682 = LINE('',#683,#684);
#683 = CARTESIAN_POINT('',(-25.181137,-10.035893));
#684 = VECTOR('',#685,1.);
#685 = DIRECTION('',(0.167506224545,-0.985871018308));
#686 = ( GEOMETRIC_REPRESENTATION_CONTEXT(2) 
PARAMETRIC_REPRESENTATION_CONTEXT() REPRESENTATION_CONTEXT('2D SPACE',''
  ) );
#687 = PCURVE('',#688,#693);
#688 = PLANE('',#689);
#689 = AXIS2_PLACEMENT_3D('',#690,#691,#692);
#690 = CARTESIAN_POINT('',(25.181137,-10.035893,0.));
#691 = DIRECTION('',(0.985871018308,-0.167506224545,0.));
#692 = DIRECTION('',(-0.167506224545,-0.985871018308,0.));
#693 = DEFINITIONAL_REPRESENTATION('',(#694),#698);
#694 = LINE('',#695,#696);
#695 = CARTESIAN_POINT('',(0.,0.));
#696 = VECTOR('',#697,1.);
#697 = DIRECTION('',(1.,0.));
#698 = ( GEOMETRIC_REPRESENTATION_CONTEXT(2) 
PARAMETRIC_REPRESENTATION_CONTEXT() REPRESENTATION_CONTEXT('2D SPACE',''
  ) );
#699 = ORIENTED_EDGE('',*,*,#700,.T.);
#700 = EDGE_CURVE('',#673,#701,#703,.T.);
#701 = VERTEX_POINT('',#702);
#702 = CARTESIAN_POINT('',(25.03165,-10.690837,0.));
#703 = SURFACE_CURVE('',#704,(#708,#715),.PCURVE_S1.);
#704 = LINE('',#705,#706);
#705 = CARTESIAN_POINT('',(25.124784,-10.367563,0.));
#706 = VECTOR('',#707,1.);
#707 = DIRECTION('',(-0.276836513242,-0.960917033326,0.));
#708 = PCURVE('',#144,#709);
#709 = DEFINITIONAL_REPRESENTATION('',(#710),#714);
#710 = LINE('',#711,#712);
#711 = CARTESIAN_POINT('',(-25.124784,-10.367563));
#712 = VECTOR('',#713,1.);
#713 = DIRECTION('',(0.276836513242,-0.960917033326));
#714 = ( GEOMETRIC_REPRESENTATION_CONTEXT(2) 
PARAMETRIC_REPRESENTATION_CONTEXT() REPRESENTATION_CONTEXT('2D SPACE',''
  ) );
#715 = PCURVE('',#716,#721);
#716 = PLANE('',#717);
#717 = AXIS2_PLACEMENT_3D('',#718,#719,#720);
#718 = CARTESIAN_POINT('',(25.124784,-10.367563,0.));
#719 = DIRECTION('',(0.960917033326,-0.276836513242,0.));
#720 = DIRECTION('',(-0.276836513242,-0.960917033326,0.));
#721 = DEFINITIONAL_REPRESENTATION('',(#722),#726);
#722 = LINE('',#723,#724);
#723 = CARTESIAN_POINT('',(0.,0.));
#724 = VECTOR('',#725,1.);
#725 = DIRECTION('',(1.,0.));
#726 = ( GEOMETRIC_REPRESENTATION_CONTEXT(2) 
PARAMETRIC_REPRESENTATION_CONTEXT() REPRESENTATION_CONTEXT('2D SPACE',''
  ) );
#727 = ORIENTED_EDGE('',*,*,#728,.T.);
#728 = EDGE_CURVE('',#701,#729,#731,.T.);
#729 = VERTEX_POINT('',#730);
#730 = CARTESIAN_POINT('',(24.902907,-11.001651,0.));
#731 = SURFACE_CURVE('',#732,(#736,#743),.PCURVE_S1.);
#732 = LINE('',#733,#734);
#733 = CARTESIAN_POINT('',(25.03165,-10.690837,0.));
#734 = VECTOR('',#735,1.);
#735 = DIRECTION('',(-0.382682483027,-0.92387992574,0.));
#736 = PCURVE('',#144,#737);
#737 = DEFINITIONAL_REPRESENTATION('',(#738),#742);
#738 = LINE('',#739,#740);
#739 = CARTESIAN_POINT('',(-25.03165,-10.690837));
#740 = VECTOR('',#741,1.);
#741 = DIRECTION('',(0.382682483027,-0.92387992574));
#742 = ( GEOMETRIC_REPRESENTATION_CONTEXT(2) 
PARAMETRIC_REPRESENTATION_CONTEXT() REPRESENTATION_CONTEXT('2D SPACE',''
  ) );
#743 = PCURVE('',#744,#749);
#744 = PLANE('',#745);
#745 = AXIS2_PLACEMENT_3D('',#746,#747,#748);
#746 = CARTESIAN_POINT('',(25.03165,-10.690837,0.));
#747 = DIRECTION('',(0.92387992574,-0.382682483027,0.));
#748 = DIRECTION('',(-0.382682483027,-0.92387992574,0.));
#749 = DEFINITIONAL_REPRESENTATION('',(#750),#754);
#750 = LINE('',#751,#752);
#751 = CARTESIAN_POINT('',(0.,0.));
#752 = VECTOR('',#753,1.);
#753 = DIRECTION('',(1.,0.));
#754 = ( GEOMETRIC_REPRESENTATION_CONTEXT(2) 
PARAMETRIC_REPRESENTATION_CONTEXT() REPRESENTATION_CONTEXT('2D SPACE',''
  ) );
#755 = ORIENTED_EDGE('',*,*,#756,.T.);
#756 = EDGE_CURVE('',#729,#757,#759,.T.);
#757 = VERTEX_POINT('',#758);
#758 = CARTESIAN_POINT('',(24.740173,-11.296096,0.));
#759 = SURFACE_CURVE('',#760,(#764,#771),.PCURVE_S1.);
#760 = LINE('',#761,#762);
#761 = CARTESIAN_POINT('',(24.902907,-11.001651,0.));
#762 = VECTOR('',#763,1.);
#763 = DIRECTION('',(-0.483718888737,-0.875223421007,0.));
#764 = PCURVE('',#144,#765);
#765 = DEFINITIONAL_REPRESENTATION('',(#766),#770);
#766 = LINE('',#767,#768);
#767 = CARTESIAN_POINT('',(-24.902907,-11.001651));
#768 = VECTOR('',#769,1.);
#769 = DIRECTION('',(0.483718888737,-0.875223421007));
#770 = ( GEOMETRIC_REPRESENTATION_CONTEXT(2) 
PARAMETRIC_REPRESENTATION_CONTEXT() REPRESENTATION_CONTEXT('2D SPACE',''
  ) );
#771 = PCURVE('',#772,#777);
#772 = PLANE('',#773);
#773 = AXIS2_PLACEMENT_3D('',#774,#775,#776);
#774 = CARTESIAN_POINT('',(24.902907,-11.001651,0.));
#775 = DIRECTION('',(0.875223421007,-0.483718888737,0.));
#776 = DIRECTION('',(-0.483718888737,-0.875223421007,0.));
#777 = DEFINITIONAL_REPRESENTATION('',(#778),#782);
#778 = LINE('',#779,#780);
#779 = CARTESIAN_POINT('',(0.,0.));
#780 = VECTOR('',#781,1.);
#781 = DIRECTION('',(1.,0.));
#782 = ( GEOMETRIC_REPRESENTATION_CONTEXT(2) 
PARAMETRIC_REPRESENTATION_CONTEXT() REPRESENTATION_CONTEXT('2D SPACE',''
  ) );
#783 = ORIENTED_EDGE('',*,*,#784,.T.);
#784 = EDGE_CURVE('',#757,#785,#787,.T.);
#785 = VERTEX_POINT('',#786);
#786 = CARTESIAN_POINT('',(24.545494,-11.570469,0.));
#787 = SURFACE_CURVE('',#788,(#792,#799),.PCURVE_S1.);
#788 = LINE('',#789,#790);
#789 = CARTESIAN_POINT('',(24.740173,-11.296096,0.));
#790 = VECTOR('',#791,1.);
#791 = DIRECTION('',(-0.578673223091,-0.815559501739,0.));
#792 = PCURVE('',#144,#793);
#793 = DEFINITIONAL_REPRESENTATION('',(#794),#798);
#794 = LINE('',#795,#796);
#795 = CARTESIAN_POINT('',(-24.740173,-11.296096));
#796 = VECTOR('',#797,1.);
#797 = DIRECTION('',(0.578673223091,-0.815559501739));
#798 = ( GEOMETRIC_REPRESENTATION_CONTEXT(2) 
PARAMETRIC_REPRESENTATION_CONTEXT() REPRESENTATION_CONTEXT('2D SPACE',''
  ) );
#799 = PCURVE('',#800,#805);
#800 = PLANE('',#801);
#801 = AXIS2_PLACEMENT_3D('',#802,#803,#804);
#802 = CARTESIAN_POINT('',(24.740173,-11.296096,0.));
#803 = DIRECTION('',(0.815559501739,-0.578673223091,0.));
#804 = DIRECTION('',(-0.578673223091,-0.815559501739,0.));
#805 = DEFINITIONAL_REPRESENTATION('',(#806),#810);
#806 = LINE('',#807,#808);
#807 = CARTESIAN_POINT('',(0.,0.));
#808 = VECTOR('',#809,1.);
#809 = DIRECTION('',(1.,0.));
#810 = ( GEOMETRIC_REPRESENTATION_CONTEXT(2) 
PARAMETRIC_REPRESENTATION_CONTEXT() REPRESENTATION_CONTEXT('2D SPACE',''
  ) );
#811 = ORIENTED_EDGE('',*,*,#812,.T.);
#812 = EDGE_CURVE('',#785,#813,#815,.T.);
#813 = VERTEX_POINT('',#814);
#814 = CARTESIAN_POINT('',(24.32132,-11.82132,0.));
#815 = SURFACE_CURVE('',#816,(#820,#827),.PCURVE_S1.);
#816 = LINE('',#817,#818);
#817 = CARTESIAN_POINT('',(24.545494,-11.570469,0.));
#818 = VECTOR('',#819,1.);
#819 = DIRECTION('',(-0.666346314744,-0.7456424001,0.));
#820 = PCURVE('',#144,#821);
#821 = DEFINITIONAL_REPRESENTATION('',(#822),#826);
#822 = LINE('',#823,#824);
#823 = CARTESIAN_POINT('',(-24.545494,-11.570469));
#824 = VECTOR('',#825,1.);
#825 = DIRECTION('',(0.666346314744,-0.7456424001));
#826 = ( GEOMETRIC_REPRESENTATION_CONTEXT(2) 
PARAMETRIC_REPRESENTATION_CONTEXT() REPRESENTATION_CONTEXT('2D SPACE',''
  ) );
#827 = PCURVE('',#828,#833);
#828 = PLANE('',#829);
#829 = AXIS2_PLACEMENT_3D('',#830,#831,#832);
#830 = CARTESIAN_POINT('',(24.545494,-11.570469,0.));
#831 = DIRECTION('',(0.7456424001,-0.666346314744,0.));
#832 = DIRECTION('',(-0.666346314744,-0.7456424001,0.));
#833 = DEFINITIONAL_REPRESENTATION('',(#834),#838);
#834 = LINE('',#835,#836);
#835 = CARTESIAN_POINT('',(0.,0.));
#836 = VECTOR('',#837,1.);
#837 = DIRECTION('',(1.,0.));
#838 = ( GEOMETRIC_REPRESENTATION_CONTEXT(2) 
PARAMETRIC_REPRESENTATION_CONTEXT() REPRESENTATION_CONTEXT('2D SPACE',''
  ) );
#839 = ORIENTED_EDGE('',*,*,#840,.T.);
#840 = EDGE_CURVE('',#813,#841,#843,.T.);
#841 = VERTEX_POINT('',#842);
#842 = CARTESIAN_POINT('',(24.070469,-12.045494,0.));
#843 = SURFACE_CURVE('',#844,(#848,#855),.PCURVE_S1.);
#844 = LINE('',#845,#846);
#845 = CARTESIAN_POINT('',(24.32132,-11.82132,0.));
#846 = VECTOR('',#847,1.);
#847 = DIRECTION('',(-0.7456424001,-0.666346314744,0.));
#848 = PCURVE('',#144,#849);
#849 = DEFINITIONAL_REPRESENTATION('',(#850),#854);
#850 = LINE('',#851,#852);
#851 = CARTESIAN_POINT('',(-24.32132,-11.82132));
#852 = VECTOR('',#853,1.);
#853 = DIRECTION('',(0.7456424001,-0.666346314744));
#854 = ( GEOMETRIC_REPRESENTATION_CONTEXT(2) 
PARAMETRIC_REPRESENTATION_CONTEXT() REPRESENTATION_CONTEXT('2D SPACE',''
  ) );
#855 = PCURVE('',#856,#861);
#856 = PLANE('',#857);
#857 = AXIS2_PLACEMENT_3D('',#858,#859,#860);
#858 = CARTESIAN_POINT('',(24.32132,-11.82132,0.));
#859 = DIRECTION('',(0.666346314744,-0.7456424001,0.));
#860 = DIRECTION('',(-0.7456424001,-0.666346314744,0.));
#861 = DEFINITIONAL_REPRESENTATION('',(#862),#866);
#862 = LINE('',#863,#864);
#863 = CARTESIAN_POINT('',(0.,0.));
#864 = VECTOR('',#865,1.);
#865 = DIRECTION('',(1.,0.));
#866 = ( GEOMETRIC_REPRESENTATION_CONTEXT(2) 
PARAMETRIC_REPRESENTATION_CONTEXT() REPRESENTATION_CONTEXT('2D SPACE',''
  ) );
#867 = ORIENTED_EDGE('',*,*,#868,.T.);
#868 = EDGE_CURVE('',#841,#869,#871,.T.);
#869 = VERTEX_POINT('',#870);
#870 = CARTESIAN_POINT('',(23.796096,-12.240173,0.));
#871 = SURFACE_CURVE('',#872,(#876,#883),.PCURVE_S1.);
#872 = LINE('',#873,#874);
#873 = CARTESIAN_POINT('',(24.070469,-12.045494,0.));
#874 = VECTOR('',#875,1.);
#875 = DIRECTION('',(-0.815559501739,-0.578673223091,0.));
#876 = PCURVE('',#144,#877);
#877 = DEFINITIONAL_REPRESENTATION('',(#878),#882);
#878 = LINE('',#879,#880);
#879 = CARTESIAN_POINT('',(-24.070469,-12.045494));
#880 = VECTOR('',#881,1.);
#881 = DIRECTION('',(0.815559501739,-0.578673223091));
#882 = ( GEOMETRIC_REPRESENTATION_CONTEXT(2) 
PARAMETRIC_REPRESENTATION_CONTEXT() REPRESENTATION_CONTEXT('2D SPACE',''
  ) );
#883 = PCURVE('',#884,#889);
#884 = PLANE('',#885);
#885 = AXIS2_PLACEMENT_3D('',#886,#887,#888);
#886 = CARTESIAN_POINT('',(24.070469,-12.045494,0.));
#887 = DIRECTION('',(0.578673223091,-0.815559501739,0.));
#888 = DIRECTION('',(-0.815559501739,-0.578673223091,0.));
#889 = DEFINITIONAL_REPRESENTATION('',(#890),#894);
#890 = LINE('',#891,#892);
#891 = CARTESIAN_POINT('',(0.,0.));
#892 = VECTOR('',#893,1.);
#893 = DIRECTION('',(1.,0.));
#894 = ( GEOMETRIC_REPRESENTATION_CONTEXT(2) 
PARAMETRIC_REPRESENTATION_CONTEXT() REPRESENTATION_CONTEXT('2D SPACE',''
  ) );
#895 = ORIENTED_EDGE('',*,*,#896,.T.);
#896 = EDGE_CURVE('',#869,#897,#899,.T.);
#897 = VERTEX_POINT('',#898);
#898 = CARTESIAN_POINT('',(23.501651,-12.402907,0.));
#899 = SURFACE_CURVE('',#900,(#904,#911),.PCURVE_S1.);
#900 = LINE('',#901,#902);
#901 = CARTESIAN_POINT('',(23.796096,-12.240173,0.));
#902 = VECTOR('',#903,1.);
#903 = DIRECTION('',(-0.875223421007,-0.483718888737,0.));
#904 = PCURVE('',#144,#905);
#905 = DEFINITIONAL_REPRESENTATION('',(#906),#910);
#906 = LINE('',#907,#908);
#907 = CARTESIAN_POINT('',(-23.796096,-12.240173));
#908 = VECTOR('',#909,1.);
#909 = DIRECTION('',(0.875223421007,-0.483718888737));
#910 = ( GEOMETRIC_REPRESENTATION_CONTEXT(2) 
PARAMETRIC_REPRESENTATION_CONTEXT() REPRESENTATION_CONTEXT('2D SPACE',''
  ) );
#911 = PCURVE('',#912,#917);
#912 = PLANE('',#913);
#913 = AXIS2_PLACEMENT_3D('',#914,#915,#916);
#914 = CARTESIAN_POINT('',(23.796096,-12.240173,0.));
#915 = DIRECTION('',(0.483718888737,-0.875223421007,0.));
#916 = DIRECTION('',(-0.875223421007,-0.483718888737,0.));
#917 = DEFINITIONAL_REPRESENTATION('',(#918),#922);
#918 = LINE('',#919,#920);
#919 = CARTESIAN_POINT('',(0.,0.));
#920 = VECTOR('',#921,1.);
#921 = DIRECTION('',(1.,0.));
#922 = ( GEOMETRIC_REPRESENTATION_CONTEXT(2) 
PARAMETRIC_REPRESENTATION_CONTEXT() REPRESENTATION_CONTEXT('2D SPACE',''
  ) );
#923 = ORIENTED_EDGE('',*,*,#924,.T.);
#924 = EDGE_CURVE('',#897,#925,#927,.T.);
#925 = VERTEX_POINT('',#926);
#926 = CARTESIAN_POINT('',(23.190837,-12.53165,0.));
#927 = SURFACE_CURVE('',#928,(#932,#939),.PCURVE_S1.);
#928 = LINE('',#929,#930);
#929 = CARTESIAN_POINT('',(23.501651,-12.402907,0.));
#930 = VECTOR('',#931,1.);
#931 = DIRECTION('',(-0.92387992574,-0.382682483027,0.));
#932 = PCURVE('',#144,#933);
#933 = DEFINITIONAL_REPRESENTATION('',(#934),#938);
#934 = LINE('',#935,#936);
#935 = CARTESIAN_POINT('',(-23.501651,-12.402907));
#936 = VECTOR('',#937,1.);
#937 = DIRECTION('',(0.92387992574,-0.382682483027));
#938 = ( GEOMETRIC_REPRESENTATION_CONTEXT(2) 
PARAMETRIC_REPRESENTATION_CONTEXT() REPRESENTATION_CONTEXT('2D SPACE',''
  ) );
#939 = PCURVE('',#940,#945);
#940 = PLANE('',#941);
#941 = AXIS2_PLACEMENT_3D('',#942,#943,#944);
#942 = CARTESIAN_POINT('',(23.501651,-12.402907,0.));
#943 = DIRECTION('',(0.382682483027,-0.92387992574,0.));
#944 = DIRECTION('',(-0.92387992574,-0.382682483027,0.));
#945 = DEFINITIONAL_REPRESENTATION('',(#946),#950);
#946 = LINE('',#947,#948);
#947 = CARTESIAN_POINT('',(0.,0.));
#948 = VECTOR('',#949,1.);
#949 = DIRECTION('',(1.,0.));
#950 = ( GEOMETRIC_REPRESENTATION_CONTEXT(2) 
PARAMETRIC_REPRESENTATION_CONTEXT() REPRESENTATION_CONTEXT('2D SPACE',''
  ) );
#951 = ORIENTED_EDGE('',*,*,#952,.T.);
#952 = EDGE_CURVE('',#925,#953,#955,.T.);
#953 = VERTEX_POINT('',#954);
#954 = CARTESIAN_POINT('',(22.867563,-12.624784,0.));
#955 = SURFACE_CURVE('',#956,(#960,#967),.PCURVE_S1.);
#956 = LINE('',#957,#958);
#957 = CARTESIAN_POINT('',(23.190837,-12.53165,0.));
#958 = VECTOR('',#959,1.);
#959 = DIRECTION('',(-0.960917033326,-0.276836513242,0.));
#960 = PCURVE('',#144,#961);
#961 = DEFINITIONAL_REPRESENTATION('',(#962),#966);
#962 = LINE('',#963,#964);
#963 = CARTESIAN_POINT('',(-23.190837,-12.53165));
#964 = VECTOR('',#965,1.);
#965 = DIRECTION('',(0.960917033326,-0.276836513242));
#966 = ( GEOMETRIC_REPRESENTATION_CONTEXT(2) 
PARAMETRIC_REPRESENTATION_CONTEXT() REPRESENTATION_CONTEXT('2D SPACE',''
  ) );
#967 = PCURVE('',#968,#973);
#968 = PLANE('',#969);
#969 = AXIS2_PLACEMENT_3D('',#970,#971,#972);
#970 = CARTESIAN_POINT('',(23.190837,-12.53165,0.));
#971 = DIRECTION('',(0.276836513242,-0.960917033326,0.));
#972 = DIRECTION('',(-0.960917033326,-0.276836513242,0.));
#973 = DEFINITIONAL_REPRESENTATION('',(#974),#978);
#974 = LINE('',#975,#976);
#975 = CARTESIAN_POINT('',(0.,0.));
#976 = VECTOR('',#977,1.);
#977 = DIRECTION('',(1.,0.));
#978 = ( GEOMETRIC_REPRESENTATION_CONTEXT(2) 
PARAMETRIC_REPRESENTATION_CONTEXT() REPRESENTATION_CONTEXT('2D SPACE',''
  ) );
#979 = ORIENTED_EDGE('',*,*,#980,.T.);
#980 = EDGE_CURVE('',#953,#981,#983,.T.);
#981 = VERTEX_POINT('',#982);
#982 = CARTESIAN_POINT('',(22.535893,-12.681137,0.));
#983 = SURFACE_CURVE('',#984,(#988,#995),.PCURVE_S1.);
#984 = LINE('',#985,#986);
#985 = CARTESIAN_POINT('',(22.867563,-12.624784,0.));
#986 = VECTOR('',#987,1.);
#987 = DIRECTION('',(-0.985871018308,-0.167506224545,0.));
#988 = PCURVE('',#144,#989);
#989 = DEFINITIONAL_REPRESENTATION('',(#990),#994);
#990 = LINE('',#991,#992);
#991 = CARTESIAN_POINT('',(-22.867563,-12.624784));
#992 = VECTOR('',#993,1.);
#993 = DIRECTION('',(0.985871018308,-0.167506224545));
#994 = ( GEOMETRIC_REPRESENTATION_CONTEXT(2) 
PARAMETRIC_REPRESENTATION_CONTEXT() REPRESENTATION_CONTEXT('2D SPACE',''
  ) );
#995 = PCURVE('',#996,#1001);
#996 = PLANE('',#997);
#997 = AXIS2_PLACEMENT_3D('',#998,#999,#1000);
#998 = CARTESIAN_POINT('',(22.867563,-12.624784,0.));
#999 = DIRECTION('',(0.167506224545,-0.985871018308,0.));
#1000 = DIRECTION('',(-0.985871018308,-0.167506224545,0.));
#1001 = DEFINITIONAL_REPRESENTATION('',(#1002),#1006);
#1002 = LINE('',#1003,#1004);
#1003 = CARTESIAN_POINT('',(0.,0.));
#1004 = VECTOR('',#1005,1.);
#1005 = DIRECTION('',(1.,0.));
#1006 = ( GEOMETRIC_REPRESENTATION_CONTEXT(2) 
PARAMETRIC_REPRESENTATION_CONTEXT() REPRESENTATION_CONTEXT('2D SPACE',''
  ) );
#1007 = ORIENTED_EDGE('',*,*,#1008,.T.);
#1008 = EDGE_CURVE('',#981,#1009,#1011,.T.);
#1009 = VERTEX_POINT('',#1010);
#1010 = CARTESIAN_POINT('',(22.2,-12.7,0.));
#1011 = SURFACE_CURVE('',#1012,(#1016,#1023),.PCURVE_S1.);
#1012 = LINE('',#1013,#1014);
#1013 = CARTESIAN_POINT('',(22.535893,-12.681137,0.));
#1014 = VECTOR('',#1015,1.);
#1015 = DIRECTION('',(-0.998426872638,-5.606942121022E-02,0.));
#1016 = PCURVE('',#144,#1017);
#1017 = DEFINITIONAL_REPRESENTATION('',(#1018),#1022);
#1018 = LINE('',#1019,#1020);
#1019 = CARTESIAN_POINT('',(-22.535893,-12.681137));
#1020 = VECTOR('',#1021,1.);
#1021 = DIRECTION('',(0.998426872638,-5.606942121022E-02));
#1022 = ( GEOMETRIC_REPRESENTATION_CONTEXT(2) 
PARAMETRIC_REPRESENTATION_CONTEXT() REPRESENTATION_CONTEXT('2D SPACE',''
  ) );
#1023 = PCURVE('',#1024,#1029);
#1024 = PLANE('',#1025);
#1025 = AXIS2_PLACEMENT_3D('',#1026,#1027,#1028);
#1026 = CARTESIAN_POINT('',(22.535893,-12.681137,0.));
#1027 = DIRECTION('',(5.606942121022E-02,-0.998426872638,0.));
#1028 = DIRECTION('',(-0.998426872638,-5.606942121022E-02,0.));
#1029 = DEFINITIONAL_REPRESENTATION('',(#1030),#1034);
#1030 = LINE('',#1031,#1032);
#1031 = CARTESIAN_POINT('',(0.,0.));
#1032 = VECTOR('',#1033,1.);
#1033 = DIRECTION('',(1.,0.));
#1034 = ( GEOMETRIC_REPRESENTATION_CONTEXT(2) 
PARAMETRIC_REPRESENTATION_CONTEXT() REPRESENTATION_CONTEXT('2D SPACE',''
  ) );
#1035 = ORIENTED_EDGE('',*,*,#1036,.T.);
#1036 = EDGE_CURVE('',#1009,#1037,#1039,.T.);
#1037 = VERTEX_POINT('',#1038);
#1038 = CARTESIAN_POINT('',(-22.2,-12.7,0.));
#1039 = SURFACE_CURVE('',#1040,(#1044,#1051),.PCURVE_S1.);
#1040 = LINE('',#1041,#1042);
#1041 = CARTESIAN_POINT('',(22.2,-12.7,0.));
#1042 = VECTOR('',#1043,1.);
#1043 = DIRECTION('',(-1.,0.,0.));
#1044 = PCURVE('',#144,#1045);
#1045 = DEFINITIONAL_REPRESENTATION('',(#1046),#1050);
#1046 = LINE('',#1047,#1048);
#1047 = CARTESIAN_POINT('',(-22.2,-12.7));
#1048 = VECTOR('',#1049,1.);
#1049 = DIRECTION('',(1.,0.));
#1050 = ( GEOMETRIC_REPRESENTATION_CONTEXT(2) 
PARAMETRIC_REPRESENTATION_CONTEXT() REPRESENTATION_CONTEXT('2D SPACE',''
  ) );
#1051 = PCURVE('',#1052,#1057);
#1052 = PLANE('',#1053);
#1053 = AXIS2_PLACEMENT_3D('',#1054,#1055,#1056);
#1054 = CARTESIAN_POINT('',(22.2,-12.7,0.));
#1055 = DIRECTION('',(0.,-1.,0.));
#1056 = DIRECTION('',(-1.,0.,0.));
#1057 = DEFINITIONAL_REPRESENTATION('',(#1058),#1062);
#1058 = LINE('',#1059,#1060);
#1059 = CARTESIAN_POINT('',(0.,-0.));
#1060 = VECTOR('',#1061,1.);
#1061 = DIRECTION('',(1.,0.));
#1062 = ( GEOMETRIC_REPRESENTATION_CONTEXT(2) 
PARAMETRIC_REPRESENTATION_CONTEXT() REPRESENTATION_CONTEXT('2D SPACE',''
  ) );
#1063 = ORIENTED_EDGE('',*,*,#1064,.T.);
#1064 = EDGE_CURVE('',#1037,#1065,#1067,.T.);
#1065 = VERTEX_POINT('',#1066);
#1066 = CARTESIAN_POINT('',(-22.535893,-12.681137,0.));
#1067 = SURFACE_CURVE('',#1068,(#1072,#1079),.PCURVE_S1.);
#1068 = LINE('',#1069,#1070);
#1069 = CARTESIAN_POINT('',(-22.2,-12.7,0.));
#1070 = VECTOR('',#1071,1.);
#1071 = DIRECTION('',(-0.998426872638,5.606942121022E-02,0.));
#1072 = PCURVE('',#144,#1073);
#1073 = DEFINITIONAL_REPRESENTATION('',(#1074),#1078);
#1074 = LINE('',#1075,#1076);
#1075 = CARTESIAN_POINT('',(22.2,-12.7));
#1076 = VECTOR('',#1077,1.);
#1077 = DIRECTION('',(0.998426872638,5.606942121022E-02));
#1078 = ( GEOMETRIC_REPRESENTATION_CONTEXT(2) 
PARAMETRIC_REPRESENTATION_CONTEXT() REPRESENTATION_CONTEXT('2D SPACE',''
  ) );
#1079 = PCURVE('',#1080,#1085);
#1080 = PLANE('',#1081);
#1081 = AXIS2_PLACEMENT_3D('',#1082,#1083,#1084);
#1082 = CARTESIAN_POINT('',(-22.2,-12.7,0.));
#1083 = DIRECTION('',(-5.606942121022E-02,-0.998426872638,0.));
#1084 = DIRECTION('',(-0.998426872638,5.606942121022E-02,0.));
#1085 = DEFINITIONAL_REPRESENTATION('',(#1086),#1090);
#1086 = LINE('',#1087,#1088);
#1087 = CARTESIAN_POINT('',(0.,0.));
#1088 = VECTOR('',#1089,1.);
#1089 = DIRECTION('',(1.,0.));
#1090 = ( GEOMETRIC_REPRESENTATION_CONTEXT(2) 
PARAMETRIC_REPRESENTATION_CONTEXT() REPRESENTATION_CONTEXT('2D SPACE',''
  ) );
#1091 = ORIENTED_EDGE('',*,*,#1092,.T.);
#1092 = EDGE_CURVE('',#1065,#1093,#1095,.T.);
#1093 = VERTEX_POINT('',#1094);
#1094 = CARTESIAN_POINT('',(-22.867563,-12.624784,0.));
#1095 = SURFACE_CURVE('',#1096,(#1100,#1107),.PCURVE_S1.);
#1096 = LINE('',#1097,#1098);
#1097 = CARTESIAN_POINT('',(-22.535893,-12.681137,0.));
#1098 = VECTOR('',#1099,1.);
#1099 = DIRECTION('',(-0.985871018308,0.167506224545,0.));
#1100 = PCURVE('',#144,#1101);
#1101 = DEFINITIONAL_REPRESENTATION('',(#1102),#1106);
#1102 = LINE('',#1103,#1104);
#1103 = CARTESIAN_POINT('',(22.535893,-12.681137));
#1104 = VECTOR('',#1105,1.);
#1105 = DIRECTION('',(0.985871018308,0.167506224545));
#1106 = ( GEOMETRIC_REPRESENTATION_CONTEXT(2) 
PARAMETRIC_REPRESENTATION_CONTEXT() REPRESENTATION_CONTEXT('2D SPACE',''
  ) );
#1107 = PCURVE('',#1108,#1113);
#1108 = PLANE('',#1109);
#1109 = AXIS2_PLACEMENT_3D('',#1110,#1111,#1112);
#1110 = CARTESIAN_POINT('',(-22.535893,-12.681137,0.));
#1111 = DIRECTION('',(-0.167506224545,-0.985871018308,0.));
#1112 = DIRECTION('',(-0.985871018308,0.167506224545,0.));
#1113 = DEFINITIONAL_REPRESENTATION('',(#1114),#1118);
#1114 = LINE('',#1115,#1116);
#1115 = CARTESIAN_POINT('',(0.,0.));
#1116 = VECTOR('',#1117,1.);
#1117 = DIRECTION('',(1.,0.));
#1118 = ( GEOMETRIC_REPRESENTATION_CONTEXT(2) 
PARAMETRIC_REPRESENTATION_CONTEXT() REPRESENTATION_CONTEXT('2D SPACE',''
  ) );
#1119 = ORIENTED_EDGE('',*,*,#1120,.T.);
#1120 = EDGE_CURVE('',#1093,#1121,#1123,.T.);
#1121 = VERTEX_POINT('',#1122);
#1122 = CARTESIAN_POINT('',(-23.190837,-12.53165,0.));
#1123 = SURFACE_CURVE('',#1124,(#1128,#1135),.PCURVE_S1.);
#1124 = LINE('',#1125,#1126);
#1125 = CARTESIAN_POINT('',(-22.867563,-12.624784,0.));
#1126 = VECTOR('',#1127,1.);
#1127 = DIRECTION('',(-0.960917033326,0.276836513242,0.));
#1128 = PCURVE('',#144,#1129);
#1129 = DEFINITIONAL_REPRESENTATION('',(#1130),#1134);
#1130 = LINE('',#1131,#1132);
#1131 = CARTESIAN_POINT('',(22.867563,-12.624784));
#1132 = VECTOR('',#1133,1.);
#1133 = DIRECTION('',(0.960917033326,0.276836513242));
#1134 = ( GEOMETRIC_REPRESENTATION_CONTEXT(2) 
PARAMETRIC_REPRESENTATION_CONTEXT() REPRESENTATION_CONTEXT('2D SPACE',''
  ) );
#1135 = PCURVE('',#1136,#1141);
#1136 = PLANE('',#1137);
#1137 = AXIS2_PLACEMENT_3D('',#1138,#1139,#1140);
#1138 = CARTESIAN_POINT('',(-22.867563,-12.624784,0.));
#1139 = DIRECTION('',(-0.276836513242,-0.960917033326,0.));
#1140 = DIRECTION('',(-0.960917033326,0.276836513242,0.));
#1141 = DEFINITIONAL_REPRESENTATION('',(#1142),#1146);
#1142 = LINE('',#1143,#1144);
#1143 = CARTESIAN_POINT('',(0.,0.));
#1144 = VECTOR('',#1145,1.);
#1145 = DIRECTION('',(1.,0.));
#1146 = ( GEOMETRIC_REPRESENTATION_CONTEXT(2) 
PARAMETRIC_REPRESENTATION_CONTEXT() REPRESENTATION_CONTEXT('2D SPACE',''
  ) );
#1147 = ORIENTED_EDGE('',*,*,#1148,.T.);
#1148 = EDGE_CURVE('',#1121,#1149,#1151,.T.);
#1149 = VERTEX_POINT('',#1150);
#1150 = CARTESIAN_POINT('',(-23.501651,-12.402907,0.));
#1151 = SURFACE_CURVE('',#1152,(#1156,#1163),.PCURVE_S1.);
#1152 = LINE('',#1153,#1154);
#1153 = CARTESIAN_POINT('',(-23.190837,-12.53165,0.));
#1154 = VECTOR('',#1155,1.);
#1155 = DIRECTION('',(-0.92387992574,0.382682483027,0.));
#1156 = PCURVE('',#144,#1157);
#1157 = DEFINITIONAL_REPRESENTATION('',(#1158),#1162);
#1158 = LINE('',#1159,#1160);
#1159 = CARTESIAN_POINT('',(23.190837,-12.53165));
#1160 = VECTOR('',#1161,1.);
#1161 = DIRECTION('',(0.92387992574,0.382682483027));
#1162 = ( GEOMETRIC_REPRESENTATION_CONTEXT(2) 
PARAMETRIC_REPRESENTATION_CONTEXT() REPRESENTATION_CONTEXT('2D SPACE',''
  ) );
#1163 = PCURVE('',#1164,#1169);
#1164 = PLANE('',#1165);
#1165 = AXIS2_PLACEMENT_3D('',#1166,#1167,#1168);
#1166 = CARTESIAN_POINT('',(-23.190837,-12.53165,0.));
#1167 = DIRECTION('',(-0.382682483027,-0.92387992574,0.));
#1168 = DIRECTION('',(-0.92387992574,0.382682483027,0.));
#1169 = DEFINITIONAL_REPRESENTATION('',(#1170),#1174);
#1170 = LINE('',#1171,#1172);
#1171 = CARTESIAN_POINT('',(0.,0.));
#1172 = VECTOR('',#1173,1.);
#1173 = DIRECTION('',(1.,0.));
#1174 = ( GEOMETRIC_REPRESENTATION_CONTEXT(2) 
PARAMETRIC_REPRESENTATION_CONTEXT() REPRESENTATION_CONTEXT('2D SPACE',''
  ) );
#1175 = ORIENTED_EDGE('',*,*,#1176,.T.);
#1176 = EDGE_CURVE('',#1149,#1177,#1179,.T.);
#1177 = VERTEX_POINT('',#1178);
#1178 = CARTESIAN_POINT('',(-23.796096,-12.240173,0.));
#1179 = SURFACE_CURVE('',#1180,(#1184,#1191),.PCURVE_S1.);
#1180 = LINE('',#1181,#1182);
#1181 = CARTESIAN_POINT('',(-23.501651,-12.402907,0.));
#1182 = VECTOR('',#1183,1.);
#1183 = DIRECTION('',(-0.875223421007,0.483718888737,0.));
#1184 = PCURVE('',#144,#1185);
#1185 = DEFINITIONAL_REPRESENTATION('',(#1186),#1190);
#1186 = LINE('',#1187,#1188);
#1187 = CARTESIAN_POINT('',(23.501651,-12.402907));
#1188 = VECTOR('',#1189,1.);
#1189 = DIRECTION('',(0.875223421007,0.483718888737));
#1190 = ( GEOMETRIC_REPRESENTATION_CONTEXT(2) 
PARAMETRIC_REPRESENTATION_CONTEXT() REPRESENTATION_CONTEXT('2D SPACE',''
  ) );
#1191 = PCURVE('',#1192,#1197);
#1192 = PLANE('',#1193);
#1193 = AXIS2_PLACEMENT_3D('',#1194,#1195,#1196);
#1194 = CARTESIAN_POINT('',(-23.501651,-12.402907,0.));
#1195 = DIRECTION('',(-0.483718888737,-0.875223421007,0.));
#1196 = DIRECTION('',(-0.875223421007,0.483718888737,0.));
#1197 = DEFINITIONAL_REPRESENTATION('',(#1198),#1202);
#1198 = LINE('',#1199,#1200);
#1199 = CARTESIAN_POINT('',(0.,0.));
#1200 = VECTOR('',#1201,1.);
#1201 = DIRECTION('',(1.,0.));
#1202 = ( GEOMETRIC_REPRESENTATION_CONTEXT(2) 
PARAMETRIC_REPRESENTATION_CONTEXT() REPRESENTATION_CONTEXT('2D SPACE',''
  ) );
#1203 = ORIENTED_EDGE('',*,*,#1204,.T.);
#1204 = EDGE_CURVE('',#1177,#1205,#1207,.T.);
#1205 = VERTEX_POINT('',#1206);
#1206 = CARTESIAN_POINT('',(-24.070469,-12.045494,0.));
#1207 = SURFACE_CURVE('',#1208,(#1212,#1219),.PCURVE_S1.);
#1208 = LINE('',#1209,#1210);
#1209 = CARTESIAN_POINT('',(-23.796096,-12.240173,0.));
#1210 = VECTOR('',#1211,1.);
#1211 = DIRECTION('',(-0.815559501739,0.578673223091,0.));
#1212 = PCURVE('',#144,#1213);
#1213 = DEFINITIONAL_REPRESENTATION('',(#1214),#1218);
#1214 = LINE('',#1215,#1216);
#1215 = CARTESIAN_POINT('',(23.796096,-12.240173));
#1216 = VECTOR('',#1217,1.);
#1217 = DIRECTION('',(0.815559501739,0.578673223091));
#1218 = ( GEOMETRIC_REPRESENTATION_CONTEXT(2) 
PARAMETRIC_REPRESENTATION_CONTEXT() REPRESENTATION_CONTEXT('2D SPACE',''
  ) );
#1219 = PCURVE('',#1220,#1225);
#1220 = PLANE('',#1221);
#1221 = AXIS2_PLACEMENT_3D('',#1222,#1223,#1224);
#1222 = CARTESIAN_POINT('',(-23.796096,-12.240173,0.));
#1223 = DIRECTION('',(-0.578673223091,-0.815559501739,0.));
#1224 = DIRECTION('',(-0.815559501739,0.578673223091,0.));
#1225 = DEFINITIONAL_REPRESENTATION('',(#1226),#1230);
#1226 = LINE('',#1227,#1228);
#1227 = CARTESIAN_POINT('',(0.,0.));
#1228 = VECTOR('',#1229,1.);
#1229 = DIRECTION('',(1.,0.));
#1230 = ( GEOMETRIC_REPRESENTATION_CONTEXT(2) 
PARAMETRIC_REPRESENTATION_CONTEXT() REPRESENTATION_CONTEXT('2D SPACE',''
  ) );
#1231 = ORIENTED_EDGE('',*,*,#1232,.T.);
#1232 = EDGE_CURVE('',#1205,#1233,#1235,.T.);
#1233 = VERTEX_POINT('',#1234);
#1234 = CARTESIAN_POINT('',(-24.32132,-11.82132,0.));
#1235 = SURFACE_CURVE('',#1236,(#1240,#1247),.PCURVE_S1.);
#1236 = LINE('',#1237,#1238);
#1237 = CARTESIAN_POINT('',(-24.070469,-12.045494,0.));
#1238 = VECTOR('',#1239,1.);
#1239 = DIRECTION('',(-0.7456424001,0.666346314744,0.));
#1240 = PCURVE('',#144,#1241);
#1241 = DEFINITIONAL_REPRESENTATION('',(#1242),#1246);
#1242 = LINE('',#1243,#1244);
#1243 = CARTESIAN_POINT('',(24.070469,-12.045494));
#1244 = VECTOR('',#1245,1.);
#1245 = DIRECTION('',(0.7456424001,0.666346314744));
#1246 = ( GEOMETRIC_REPRESENTATION_CONTEXT(2) 
PARAMETRIC_REPRESENTATION_CONTEXT() REPRESENTATION_CONTEXT('2D SPACE',''
  ) );
#1247 = PCURVE('',#1248,#1253);
#1248 = PLANE('',#1249);
#1249 = AXIS2_PLACEMENT_3D('',#1250,#1251,#1252);
#1250 = CARTESIAN_POINT('',(-24.070469,-12.045494,0.));
#1251 = DIRECTION('',(-0.666346314744,-0.7456424001,0.));
#1252 = DIRECTION('',(-0.7456424001,0.666346314744,0.));
#1253 = DEFINITIONAL_REPRESENTATION('',(#1254),#1258);
#1254 = LINE('',#1255,#1256);
#1255 = CARTESIAN_POINT('',(0.,0.));
#1256 = VECTOR('',#1257,1.);
#1257 = DIRECTION('',(1.,0.));
#1258 = ( GEOMETRIC_REPRESENTATION_CONTEXT(2) 
PARAMETRIC_REPRESENTATION_CONTEXT() REPRESENTATION_CONTEXT('2D SPACE',''
  ) );
#1259 = ORIENTED_EDGE('',*,*,#1260,.T.);
#1260 = EDGE_CURVE('',#1233,#1261,#1263,.T.);
#1261 = VERTEX_POINT('',#1262);
#1262 = CARTESIAN_POINT('',(-24.545494,-11.570469,0.));
#1263 = SURFACE_CURVE('',#1264,(#1268,#1275),.PCURVE_S1.);
#1264 = LINE('',#1265,#1266);
#1265 = CARTESIAN_POINT('',(-24.32132,-11.82132,0.));
#1266 = VECTOR('',#1267,1.);
#1267 = DIRECTION('',(-0.666346314744,0.7456424001,0.));
#1268 = PCURVE('',#144,#1269);
#1269 = DEFINITIONAL_REPRESENTATION('',(#1270),#1274);
#1270 = LINE('',#1271,#1272);
#1271 = CARTESIAN_POINT('',(24.32132,-11.82132));
#1272 = VECTOR('',#1273,1.);
#1273 = DIRECTION('',(0.666346314744,0.7456424001));
#1274 = ( GEOMETRIC_REPRESENTATION_CONTEXT(2) 
PARAMETRIC_REPRESENTATION_CONTEXT() REPRESENTATION_CONTEXT('2D SPACE',''
  ) );
#1275 = PCURVE('',#1276,#1281);
#1276 = PLANE('',#1277);
#1277 = AXIS2_PLACEMENT_3D('',#1278,#1279,#1280);
#1278 = CARTESIAN_POINT('',(-24.32132,-11.82132,0.));
#1279 = DIRECTION('',(-0.7456424001,-0.666346314744,0.));
#1280 = DIRECTION('',(-0.666346314744,0.7456424001,0.));
#1281 = DEFINITIONAL_REPRESENTATION('',(#1282),#1286);
#1282 = LINE('',#1283,#1284);
#1283 = CARTESIAN_POINT('',(0.,0.));
#1284 = VECTOR('',#1285,1.);
#1285 = DIRECTION('',(1.,0.));
#1286 = ( GEOMETRIC_REPRESENTATION_CONTEXT(2) 
PARAMETRIC_REPRESENTATION_CONTEXT() REPRESENTATION_CONTEXT('2D SPACE',''
  ) );
#1287 = ORIENTED_EDGE('',*,*,#1288,.T.);
#1288 = EDGE_CURVE('',#1261,#1289,#1291,.T.);
#1289 = VERTEX_POINT('',#1290);
#1290 = CARTESIAN_POINT('',(-24.740173,-11.296096,0.));
#1291 = SURFACE_CURVE('',#1292,(#1296,#1303),.PCURVE_S1.);
#1292 = LINE('',#1293,#1294);
#1293 = CARTESIAN_POINT('',(-24.545494,-11.570469,0.));
#1294 = VECTOR('',#1295,1.);
#1295 = DIRECTION('',(-0.578673223091,0.815559501739,0.));
#1296 = PCURVE('',#144,#1297);
#1297 = DEFINITIONAL_REPRESENTATION('',(#1298),#1302);
#1298 = LINE('',#1299,#1300);
#1299 = CARTESIAN_POINT('',(24.545494,-11.570469));
#1300 = VECTOR('',#1301,1.);
#1301 = DIRECTION('',(0.578673223091,0.815559501739));
#1302 = ( GEOMETRIC_REPRESENTATION_CONTEXT(2) 
PARAMETRIC_REPRESENTATION_CONTEXT() REPRESENTATION_CONTEXT('2D SPACE',''
  ) );
#1303 = PCURVE('',#1304,#1309);
#1304 = PLANE('',#1305);
#1305 = AXIS2_PLACEMENT_3D('',#1306,#1307,#1308);
#1306 = CARTESIAN_POINT('',(-24.545494,-11.570469,0.));
#1307 = DIRECTION('',(-0.815559501739,-0.578673223091,0.));
#1308 = DIRECTION('',(-0.578673223091,0.815559501739,0.));
#1309 = DEFINITIONAL_REPRESENTATION('',(#1310),#1314);
#1310 = LINE('',#1311,#1312);
#1311 = CARTESIAN_POINT('',(0.,0.));
#1312 = VECTOR('',#1313,1.);
#1313 = DIRECTION('',(1.,0.));
#1314 = ( GEOMETRIC_REPRESENTATION_CONTEXT(2) 
PARAMETRIC_REPRESENTATION_CONTEXT() REPRESENTATION_CONTEXT('2D SPACE',''
  ) );
#1315 = ORIENTED_EDGE('',*,*,#1316,.T.);
#1316 = EDGE_CURVE('',#1289,#1317,#1319,.T.);
#1317 = VERTEX_POINT('',#1318);
#1318 = CARTESIAN_POINT('',(-24.902907,-11.001651,0.));
#1319 = SURFACE_CURVE('',#1320,(#1324,#1331),.PCURVE_S1.);
#1320 = LINE('',#1321,#1322);
#1321 = CARTESIAN_POINT('',(-24.740173,-11.296096,0.));
#1322 = VECTOR('',#1323,1.);
#1323 = DIRECTION('',(-0.483718888737,0.875223421007,0.));
#1324 = PCURVE('',#144,#1325);
#1325 = DEFINITIONAL_REPRESENTATION('',(#1326),#1330);
#1326 = LINE('',#1327,#1328);
#1327 = CARTESIAN_POINT('',(24.740173,-11.296096));
#1328 = VECTOR('',#1329,1.);
#1329 = DIRECTION('',(0.483718888737,0.875223421007));
#1330 = ( GEOMETRIC_REPRESENTATION_CONTEXT(2) 
PARAMETRIC_REPRESENTATION_CONTEXT() REPRESENTATION_CONTEXT('2D SPACE',''
  ) );
#1331 = PCURVE('',#1332,#1337);
#1332 = PLANE('',#1333);
#1333 = AXIS2_PLACEMENT_3D('',#1334,#1335,#1336);
#1334 = CARTESIAN_POINT('',(-24.740173,-11.296096,0.));
#1335 = DIRECTION('',(-0.875223421007,-0.483718888737,0.));
#1336 = DIRECTION('',(-0.483718888737,0.875223421007,0.));
#1337 = DEFINITIONAL_REPRESENTATION('',(#1338),#1342);
#1338 = LINE('',#1339,#1340);
#1339 = CARTESIAN_POINT('',(0.,0.));
#1340 = VECTOR('',#1341,1.);
#1341 = DIRECTION('',(1.,0.));
#1342 = ( GEOMETRIC_REPRESENTATION_CONTEXT(2) 
PARAMETRIC_REPRESENTATION_CONTEXT() REPRESENTATION_CONTEXT('2D SPACE',''
  ) );
#1343 = ORIENTED_EDGE('',*,*,#1344,.T.);
#1344 = EDGE_CURVE('',#1317,#1345,#1347,.T.);
#1345 = VERTEX_POINT('',#1346);
#1346 = CARTESIAN_POINT('',(-25.03165,-10.690837,0.));
#1347 = SURFACE_CURVE('',#1348,(#1352,#1359),.PCURVE_S1.);
#1348 = LINE('',#1349,#1350);
#1349 = CARTESIAN_POINT('',(-24.902907,-11.001651,0.));
#1350 = VECTOR('',#1351,1.);
#1351 = DIRECTION('',(-0.382682483027,0.92387992574,0.));
#1352 = PCURVE('',#144,#1353);
#1353 = DEFINITIONAL_REPRESENTATION('',(#1354),#1358);
#1354 = LINE('',#1355,#1356);
#1355 = CARTESIAN_POINT('',(24.902907,-11.001651));
#1356 = VECTOR('',#1357,1.);
#1357 = DIRECTION('',(0.382682483027,0.92387992574));
#1358 = ( GEOMETRIC_REPRESENTATION_CONTEXT(2) 
PARAMETRIC_REPRESENTATION_CONTEXT() REPRESENTATION_CONTEXT('2D SPACE',''
  ) );
#1359 = PCURVE('',#1360,#1365);
#1360 = PLANE('',#1361);
#1361 = AXIS2_PLACEMENT_3D('',#1362,#1363,#1364);
#1362 = CARTESIAN_POINT('',(-24.902907,-11.001651,0.));
#1363 = DIRECTION('',(-0.92387992574,-0.382682483027,0.));
#1364 = DIRECTION('',(-0.382682483027,0.92387992574,0.));
#1365 = DEFINITIONAL_REPRESENTATION('',(#1366),#1370);
#1366 = LINE('',#1367,#1368);
#1367 = CARTESIAN_POINT('',(0.,0.));
#1368 = VECTOR('',#1369,1.);
#1369 = DIRECTION('',(1.,0.));
#1370 = ( GEOMETRIC_REPRESENTATION_CONTEXT(2) 
PARAMETRIC_REPRESENTATION_CONTEXT() REPRESENTATION_CONTEXT('2D SPACE',''
  ) );
#1371 = ORIENTED_EDGE('',*,*,#1372,.T.);
#1372 = EDGE_CURVE('',#1345,#1373,#1375,.T.);
#1373 = VERTEX_POINT('',#1374);
#1374 = CARTESIAN_POINT('',(-25.124784,-10.367563,0.));
#1375 = SURFACE_CURVE('',#1376,(#1380,#1387),.PCURVE_S1.);
#1376 = LINE('',#1377,#1378);
#1377 = CARTESIAN_POINT('',(-25.03165,-10.690837,0.));
#1378 = VECTOR('',#1379,1.);
#1379 = DIRECTION('',(-0.276836513242,0.960917033326,0.));
#1380 = PCURVE('',#144,#1381);
#1381 = DEFINITIONAL_REPRESENTATION('',(#1382),#1386);
#1382 = LINE('',#1383,#1384);
#1383 = CARTESIAN_POINT('',(25.03165,-10.690837));
#1384 = VECTOR('',#1385,1.);
#1385 = DIRECTION('',(0.276836513242,0.960917033326));
#1386 = ( GEOMETRIC_REPRESENTATION_CONTEXT(2) 
PARAMETRIC_REPRESENTATION_CONTEXT() REPRESENTATION_CONTEXT('2D SPACE',''
  ) );
#1387 = PCURVE('',#1388,#1393);
#1388 = PLANE('',#1389);
#1389 = AXIS2_PLACEMENT_3D('',#1390,#1391,#1392);
#1390 = CARTESIAN_POINT('',(-25.03165,-10.690837,0.));
#1391 = DIRECTION('',(-0.960917033326,-0.276836513242,0.));
#1392 = DIRECTION('',(-0.276836513242,0.960917033326,0.));
#1393 = DEFINITIONAL_REPRESENTATION('',(#1394),#1398);
#1394 = LINE('',#1395,#1396);
#1395 = CARTESIAN_POINT('',(0.,0.));
#1396 = VECTOR('',#1397,1.);
#1397 = DIRECTION('',(1.,0.));
#1398 = ( GEOMETRIC_REPRESENTATION_CONTEXT(2) 
PARAMETRIC_REPRESENTATION_CONTEXT() REPRESENTATION_CONTEXT('2D SPACE',''
  ) );
#1399 = ORIENTED_EDGE('',*,*,#1400,.T.);
#1400 = EDGE_CURVE('',#1373,#1401,#1403,.T.);
#1401 = VERTEX_POINT('',#1402);
#1402 = CARTESIAN_POINT('',(-25.181137,-10.035893,0.));
#1403 = SURFACE_CURVE('',#1404,(#1408,#1415),.PCURVE_S1.);
#1404 = LINE('',#1405,#1406);
#1405 = CARTESIAN_POINT('',(-25.124784,-10.367563,0.));
#1406 = VECTOR('',#1407,1.);
#1407 = DIRECTION('',(-0.167506224545,0.985871018308,0.));
#1408 = PCURVE('',#144,#1409);
#1409 = DEFINITIONAL_REPRESENTATION('',(#1410),#1414);
#1410 = LINE('',#1411,#1412);
#1411 = CARTESIAN_POINT('',(25.124784,-10.367563));
#1412 = VECTOR('',#1413,1.);
#1413 = DIRECTION('',(0.167506224545,0.985871018308));
#1414 = ( GEOMETRIC_REPRESENTATION_CONTEXT(2) 
PARAMETRIC_REPRESENTATION_CONTEXT() REPRESENTATION_CONTEXT('2D SPACE',''
  ) );
#1415 = PCURVE('',#1416,#1421);
#1416 = PLANE('',#1417);
#1417 = AXIS2_PLACEMENT_3D('',#1418,#1419,#1420);
#1418 = CARTESIAN_POINT('',(-25.124784,-10.367563,0.));
#1419 = DIRECTION('',(-0.985871018308,-0.167506224545,0.));
#1420 = DIRECTION('',(-0.167506224545,0.985871018308,0.));
#1421 = DEFINITIONAL_REPRESENTATION('',(#1422),#1426);
#1422 = LINE('',#1423,#1424);
#1423 = CARTESIAN_POINT('',(0.,0.));
#1424 = VECTOR('',#1425,1.);
#1425 = DIRECTION('',(1.,0.));
#1426 = ( GEOMETRIC_REPRESENTATION_CONTEXT(2) 
PARAMETRIC_REPRESENTATION_CONTEXT() REPRESENTATION_CONTEXT('2D SPACE',''
  ) );
#1427 = ORIENTED_EDGE('',*,*,#1428,.T.);
#1428 = EDGE_CURVE('',#1401,#1429,#1431,.T.);
#1429 = VERTEX_POINT('',#1430);
#1430 = CARTESIAN_POINT('',(-25.2,-9.7,0.));
#1431 = SURFACE_CURVE('',#1432,(#1436,#1443),.PCURVE_S1.);
#1432 = LINE('',#1433,#1434);
#1433 = CARTESIAN_POINT('',(-25.181137,-10.035893,0.));
#1434 = VECTOR('',#1435,1.);
#1435 = DIRECTION('',(-5.606942121022E-02,0.998426872638,0.));
#1436 = PCURVE('',#144,#1437);
#1437 = DEFINITIONAL_REPRESENTATION('',(#1438),#1442);
#1438 = LINE('',#1439,#1440);
#1439 = CARTESIAN_POINT('',(25.181137,-10.035893));
#1440 = VECTOR('',#1441,1.);
#1441 = DIRECTION('',(5.606942121022E-02,0.998426872638));
#1442 = ( GEOMETRIC_REPRESENTATION_CONTEXT(2) 
PARAMETRIC_REPRESENTATION_CONTEXT() REPRESENTATION_CONTEXT('2D SPACE',''
  ) );
#1443 = PCURVE('',#1444,#1449);
#1444 = PLANE('',#1445);
#1445 = AXIS2_PLACEMENT_3D('',#1446,#1447,#1448);
#1446 = CARTESIAN_POINT('',(-25.181137,-10.035893,0.));
#1447 = DIRECTION('',(-0.998426872638,-5.606942121022E-02,0.));
#1448 = DIRECTION('',(-5.606942121022E-02,0.998426872638,0.));
#1449 = DEFINITIONAL_REPRESENTATION('',(#1450),#1454);
#1450 = LINE('',#1451,#1452);
#1451 = CARTESIAN_POINT('',(0.,0.));
#1452 = VECTOR('',#1453,1.);
#1453 = DIRECTION('',(1.,0.));
#1454 = ( GEOMETRIC_REPRESENTATION_CONTEXT(2) 
PARAMETRIC_REPRESENTATION_CONTEXT() REPRESENTATION_CONTEXT('2D SPACE',''
  ) );
#1455 = ORIENTED_EDGE('',*,*,#1456,.T.);
#1456 = EDGE_CURVE('',#1429,#1457,#1459,.T.);
#1457 = VERTEX_POINT('',#1458);
#1458 = CARTESIAN_POINT('',(-25.2,9.7,0.));
#1459 = SURFACE_CURVE('',#1460,(#1464,#1471),.PCURVE_S1.);
#1460 = LINE('',#1461,#1462);
#1461 = CARTESIAN_POINT('',(-25.2,-9.7,0.));
#1462 = VECTOR('',#1463,1.);
#1463 = DIRECTION('',(0.,1.,0.));
#1464 = PCURVE('',#144,#1465);
#1465 = DEFINITIONAL_REPRESENTATION('',(#1466),#1470);
#1466 = LINE('',#1467,#1468);
#1467 = CARTESIAN_POINT('',(25.2,-9.7));
#1468 = VECTOR('',#1469,1.);
#1469 = DIRECTION('',(0.,1.));
#1470 = ( GEOMETRIC_REPRESENTATION_CONTEXT(2) 
PARAMETRIC_REPRESENTATION_CONTEXT() REPRESENTATION_CONTEXT('2D SPACE',''
  ) );
#1471 = PCURVE('',#1472,#1477);
#1472 = PLANE('',#1473);
#1473 = AXIS2_PLACEMENT_3D('',#1474,#1475,#1476);
#1474 = CARTESIAN_POINT('',(-25.2,-9.7,0.));
#1475 = DIRECTION('',(-1.,0.,0.));
#1476 = DIRECTION('',(0.,1.,0.));
#1477 = DEFINITIONAL_REPRESENTATION('',(#1478),#1482);
#1478 = LINE('',#1479,#1480);
#1479 = CARTESIAN_POINT('',(0.,0.));
#1480 = VECTOR('',#1481,1.);
#1481 = DIRECTION('',(1.,0.));
#1482 = ( GEOMETRIC_REPRESENTATION_CONTEXT(2) 
PARAMETRIC_REPRESENTATION_CONTEXT() REPRESENTATION_CONTEXT('2D SPACE',''
  ) );
#1483 = ORIENTED_EDGE('',*,*,#1484,.T.);
#1484 = EDGE_CURVE('',#1457,#1485,#1487,.T.);
#1485 = VERTEX_POINT('',#1486);
#1486 = CARTESIAN_POINT('',(-25.181137,10.035893,0.));
#1487 = SURFACE_CURVE('',#1488,(#1492,#1499),.PCURVE_S1.);
#1488 = LINE('',#1489,#1490);
#1489 = CARTESIAN_POINT('',(-25.2,9.7,0.));
#1490 = VECTOR('',#1491,1.);
#1491 = DIRECTION('',(5.606942121022E-02,0.998426872638,0.));
#1492 = PCURVE('',#144,#1493);
#1493 = DEFINITIONAL_REPRESENTATION('',(#1494),#1498);
#1494 = LINE('',#1495,#1496);
#1495 = CARTESIAN_POINT('',(25.2,9.7));
#1496 = VECTOR('',#1497,1.);
#1497 = DIRECTION('',(-5.606942121022E-02,0.998426872638));
#1498 = ( GEOMETRIC_REPRESENTATION_CONTEXT(2) 
PARAMETRIC_REPRESENTATION_CONTEXT() REPRESENTATION_CONTEXT('2D SPACE',''
  ) );
#1499 = PCURVE('',#1500,#1505);
#1500 = PLANE('',#1501);
#1501 = AXIS2_PLACEMENT_3D('',#1502,#1503,#1504);
#1502 = CARTESIAN_POINT('',(-25.2,9.7,0.));
#1503 = DIRECTION('',(-0.998426872638,5.606942121022E-02,0.));
#1504 = DIRECTION('',(5.606942121022E-02,0.998426872638,0.));
#1505 = DEFINITIONAL_REPRESENTATION('',(#1506),#1510);
#1506 = LINE('',#1507,#1508);
#1507 = CARTESIAN_POINT('',(0.,0.));
#1508 = VECTOR('',#1509,1.);
#1509 = DIRECTION('',(1.,0.));
#1510 = ( GEOMETRIC_REPRESENTATION_CONTEXT(2) 
PARAMETRIC_REPRESENTATION_CONTEXT() REPRESENTATION_CONTEXT('2D SPACE',''
  ) );
#1511 = ORIENTED_EDGE('',*,*,#1512,.T.);
#1512 = EDGE_CURVE('',#1485,#1513,#1515,.T.);
#1513 = VERTEX_POINT('',#1514);
#1514 = CARTESIAN_POINT('',(-25.124784,10.367563,0.));
#1515 = SURFACE_CURVE('',#1516,(#1520,#1527),.PCURVE_S1.);
#1516 = LINE('',#1517,#1518);
#1517 = CARTESIAN_POINT('',(-25.181137,10.035893,0.));
#1518 = VECTOR('',#1519,1.);
#1519 = DIRECTION('',(0.167506224545,0.985871018308,0.));
#1520 = PCURVE('',#144,#1521);
#1521 = DEFINITIONAL_REPRESENTATION('',(#1522),#1526);
#1522 = LINE('',#1523,#1524);
#1523 = CARTESIAN_POINT('',(25.181137,10.035893));
#1524 = VECTOR('',#1525,1.);
#1525 = DIRECTION('',(-0.167506224545,0.985871018308));
#1526 = ( GEOMETRIC_REPRESENTATION_CONTEXT(2) 
PARAMETRIC_REPRESENTATION_CONTEXT() REPRESENTATION_CONTEXT('2D SPACE',''
  ) );
#1527 = PCURVE('',#1528,#1533);
#1528 = PLANE('',#1529);
#1529 = AXIS2_PLACEMENT_3D('',#1530,#1531,#1532);
#1530 = CARTESIAN_POINT('',(-25.181137,10.035893,0.));
#1531 = DIRECTION('',(-0.985871018308,0.167506224545,0.));
#1532 = DIRECTION('',(0.167506224545,0.985871018308,0.));
#1533 = DEFINITIONAL_REPRESENTATION('',(#1534),#1538);
#1534 = LINE('',#1535,#1536);
#1535 = CARTESIAN_POINT('',(0.,0.));
#1536 = VECTOR('',#1537,1.);
#1537 = DIRECTION('',(1.,0.));
#1538 = ( GEOMETRIC_REPRESENTATION_CONTEXT(2) 
PARAMETRIC_REPRESENTATION_CONTEXT() REPRESENTATION_CONTEXT('2D SPACE',''
  ) );
#1539 = ORIENTED_EDGE('',*,*,#1540,.T.);
#1540 = EDGE_CURVE('',#1513,#1541,#1543,.T.);
#1541 = VERTEX_POINT('',#1542);
#1542 = CARTESIAN_POINT('',(-25.03165,10.690837,0.));
#1543 = SURFACE_CURVE('',#1544,(#1548,#1555),.PCURVE_S1.);
#1544 = LINE('',#1545,#1546);
#1545 = CARTESIAN_POINT('',(-25.124784,10.367563,0.));
#1546 = VECTOR('',#1547,1.);
#1547 = DIRECTION('',(0.276836513242,0.960917033326,0.));
#1548 = PCURVE('',#144,#1549);
#1549 = DEFINITIONAL_REPRESENTATION('',(#1550),#1554);
#1550 = LINE('',#1551,#1552);
#1551 = CARTESIAN_POINT('',(25.124784,10.367563));
#1552 = VECTOR('',#1553,1.);
#1553 = DIRECTION('',(-0.276836513242,0.960917033326));
#1554 = ( GEOMETRIC_REPRESENTATION_CONTEXT(2) 
PARAMETRIC_REPRESENTATION_CONTEXT() REPRESENTATION_CONTEXT('2D SPACE',''
  ) );
#1555 = PCURVE('',#1556,#1561);
#1556 = PLANE('',#1557);
#1557 = AXIS2_PLACEMENT_3D('',#1558,#1559,#1560);
#1558 = CARTESIAN_POINT('',(-25.124784,10.367563,0.));
#1559 = DIRECTION('',(-0.960917033326,0.276836513242,0.));
#1560 = DIRECTION('',(0.276836513242,0.960917033326,0.));
#1561 = DEFINITIONAL_REPRESENTATION('',(#1562),#1566);
#1562 = LINE('',#1563,#1564);
#1563 = CARTESIAN_POINT('',(0.,0.));
#1564 = VECTOR('',#1565,1.);
#1565 = DIRECTION('',(1.,0.));
#1566 = ( GEOMETRIC_REPRESENTATION_CONTEXT(2) 
PARAMETRIC_REPRESENTATION_CONTEXT() REPRESENTATION_CONTEXT('2D SPACE',''
  ) );
#1567 = ORIENTED_EDGE('',*,*,#1568,.T.);
#1568 = EDGE_CURVE('',#1541,#1569,#1571,.T.);
#1569 = VERTEX_POINT('',#1570);
#1570 = CARTESIAN_POINT('',(-24.902907,11.001651,0.));
#1571 = SURFACE_CURVE('',#1572,(#1576,#1583),.PCURVE_S1.);
#1572 = LINE('',#1573,#1574);
#1573 = CARTESIAN_POINT('',(-25.03165,10.690837,0.));
#1574 = VECTOR('',#1575,1.);
#1575 = DIRECTION('',(0.382682483027,0.92387992574,0.));
#1576 = PCURVE('',#144,#1577);
#1577 = DEFINITIONAL_REPRESENTATION('',(#1578),#1582);
#1578 = LINE('',#1579,#1580);
#1579 = CARTESIAN_POINT('',(25.03165,10.690837));
#1580 = VECTOR('',#1581,1.);
#1581 = DIRECTION('',(-0.382682483027,0.92387992574));
#1582 = ( GEOMETRIC_REPRESENTATION_CONTEXT(2) 
PARAMETRIC_REPRESENTATION_CONTEXT() REPRESENTATION_CONTEXT('2D SPACE',''
  ) );
#1583 = PCURVE('',#1584,#1589);
#1584 = PLANE('',#1585);
#1585 = AXIS2_PLACEMENT_3D('',#1586,#1587,#1588);
#1586 = CARTESIAN_POINT('',(-25.03165,10.690837,0.));
#1587 = DIRECTION('',(-0.92387992574,0.382682483027,0.));
#1588 = DIRECTION('',(0.382682483027,0.92387992574,0.));
#1589 = DEFINITIONAL_REPRESENTATION('',(#1590),#1594);
#1590 = LINE('',#1591,#1592);
#1591 = CARTESIAN_POINT('',(0.,0.));
#1592 = VECTOR('',#1593,1.);
#1593 = DIRECTION('',(1.,0.));
#1594 = ( GEOMETRIC_REPRESENTATION_CONTEXT(2) 
PARAMETRIC_REPRESENTATION_CONTEXT() REPRESENTATION_CONTEXT('2D SPACE',''
  ) );
#1595 = ORIENTED_EDGE('',*,*,#1596,.T.);
#1596 = EDGE_CURVE('',#1569,#1597,#1599,.T.);
#1597 = VERTEX_POINT('',#1598);
#1598 = CARTESIAN_POINT('',(-24.740173,11.296096,0.));
#1599 = SURFACE_CURVE('',#1600,(#1604,#1611),.PCURVE_S1.);
#1600 = LINE('',#1601,#1602);
#1601 = CARTESIAN_POINT('',(-24.902907,11.001651,0.));
#1602 = VECTOR('',#1603,1.);
#1603 = DIRECTION('',(0.483718888737,0.875223421007,0.));
#1604 = PCURVE('',#144,#1605);
#1605 = DEFINITIONAL_REPRESENTATION('',(#1606),#1610);
#1606 = LINE('',#1607,#1608);
#1607 = CARTESIAN_POINT('',(24.902907,11.001651));
#1608 = VECTOR('',#1609,1.);
#1609 = DIRECTION('',(-0.483718888737,0.875223421007));
#1610 = ( GEOMETRIC_REPRESENTATION_CONTEXT(2) 
PARAMETRIC_REPRESENTATION_CONTEXT() REPRESENTATION_CONTEXT('2D SPACE',''
  ) );
#1611 = PCURVE('',#1612,#1617);
#1612 = PLANE('',#1613);
#1613 = AXIS2_PLACEMENT_3D('',#1614,#1615,#1616);
#1614 = CARTESIAN_POINT('',(-24.902907,11.001651,0.));
#1615 = DIRECTION('',(-0.875223421007,0.483718888737,0.));
#1616 = DIRECTION('',(0.483718888737,0.875223421007,0.));
#1617 = DEFINITIONAL_REPRESENTATION('',(#1618),#1622);
#1618 = LINE('',#1619,#1620);
#1619 = CARTESIAN_POINT('',(0.,0.));
#1620 = VECTOR('',#1621,1.);
#1621 = DIRECTION('',(1.,0.));
#1622 = ( GEOMETRIC_REPRESENTATION_CONTEXT(2) 
PARAMETRIC_REPRESENTATION_CONTEXT() REPRESENTATION_CONTEXT('2D SPACE',''
  ) );
#1623 = ORIENTED_EDGE('',*,*,#1624,.T.);
#1624 = EDGE_CURVE('',#1597,#1625,#1627,.T.);
#1625 = VERTEX_POINT('',#1626);
#1626 = CARTESIAN_POINT('',(-24.545494,11.570469,0.));
#1627 = SURFACE_CURVE('',#1628,(#1632,#1639),.PCURVE_S1.);
#1628 = LINE('',#1629,#1630);
#1629 = CARTESIAN_POINT('',(-24.740173,11.296096,0.));
#1630 = VECTOR('',#1631,1.);
#1631 = DIRECTION('',(0.578673223091,0.815559501739,0.));
#1632 = PCURVE('',#144,#1633);
#1633 = DEFINITIONAL_REPRESENTATION('',(#1634),#1638);
#1634 = LINE('',#1635,#1636);
#1635 = CARTESIAN_POINT('',(24.740173,11.296096));
#1636 = VECTOR('',#1637,1.);
#1637 = DIRECTION('',(-0.578673223091,0.815559501739));
#1638 = ( GEOMETRIC_REPRESENTATION_CONTEXT(2) 
PARAMETRIC_REPRESENTATION_CONTEXT() REPRESENTATION_CONTEXT('2D SPACE',''
  ) );
#1639 = PCURVE('',#1640,#1645);
#1640 = PLANE('',#1641);
#1641 = AXIS2_PLACEMENT_3D('',#1642,#1643,#1644);
#1642 = CARTESIAN_POINT('',(-24.740173,11.296096,0.));
#1643 = DIRECTION('',(-0.815559501739,0.578673223091,0.));
#1644 = DIRECTION('',(0.578673223091,0.815559501739,0.));
#1645 = DEFINITIONAL_REPRESENTATION('',(#1646),#1650);
#1646 = LINE('',#1647,#1648);
#1647 = CARTESIAN_POINT('',(0.,0.));
#1648 = VECTOR('',#1649,1.);
#1649 = DIRECTION('',(1.,0.));
#1650 = ( GEOMETRIC_REPRESENTATION_CONTEXT(2) 
PARAMETRIC_REPRESENTATION_CONTEXT() REPRESENTATION_CONTEXT('2D SPACE',''
  ) );
#1651 = ORIENTED_EDGE('',*,*,#1652,.T.);
#1652 = EDGE_CURVE('',#1625,#1653,#1655,.T.);
#1653 = VERTEX_POINT('',#1654);
#1654 = CARTESIAN_POINT('',(-24.32132,11.82132,0.));
#1655 = SURFACE_CURVE('',#1656,(#1660,#1667),.PCURVE_S1.);
#1656 = LINE('',#1657,#1658);
#1657 = CARTESIAN_POINT('',(-24.545494,11.570469,0.));
#1658 = VECTOR('',#1659,1.);
#1659 = DIRECTION('',(0.666346314744,0.7456424001,0.));
#1660 = PCURVE('',#144,#1661);
#1661 = DEFINITIONAL_REPRESENTATION('',(#1662),#1666);
#1662 = LINE('',#1663,#1664);
#1663 = CARTESIAN_POINT('',(24.545494,11.570469));
#1664 = VECTOR('',#1665,1.);
#1665 = DIRECTION('',(-0.666346314744,0.7456424001));
#1666 = ( GEOMETRIC_REPRESENTATION_CONTEXT(2) 
PARAMETRIC_REPRESENTATION_CONTEXT() REPRESENTATION_CONTEXT('2D SPACE',''
  ) );
#1667 = PCURVE('',#1668,#1673);
#1668 = PLANE('',#1669);
#1669 = AXIS2_PLACEMENT_3D('',#1670,#1671,#1672);
#1670 = CARTESIAN_POINT('',(-24.545494,11.570469,0.));
#1671 = DIRECTION('',(-0.7456424001,0.666346314744,0.));
#1672 = DIRECTION('',(0.666346314744,0.7456424001,0.));
#1673 = DEFINITIONAL_REPRESENTATION('',(#1674),#1678);
#1674 = LINE('',#1675,#1676);
#1675 = CARTESIAN_POINT('',(0.,0.));
#1676 = VECTOR('',#1677,1.);
#1677 = DIRECTION('',(1.,0.));
#1678 = ( GEOMETRIC_REPRESENTATION_CONTEXT(2) 
PARAMETRIC_REPRESENTATION_CONTEXT() REPRESENTATION_CONTEXT('2D SPACE',''
  ) );
#1679 = ORIENTED_EDGE('',*,*,#1680,.T.);
#1680 = EDGE_CURVE('',#1653,#1681,#1683,.T.);
#1681 = VERTEX_POINT('',#1682);
#1682 = CARTESIAN_POINT('',(-24.070469,12.045494,0.));
#1683 = SURFACE_CURVE('',#1684,(#1688,#1695),.PCURVE_S1.);
#1684 = LINE('',#1685,#1686);
#1685 = CARTESIAN_POINT('',(-24.32132,11.82132,0.));
#1686 = VECTOR('',#1687,1.);
#1687 = DIRECTION('',(0.7456424001,0.666346314744,0.));
#1688 = PCURVE('',#144,#1689);
#1689 = DEFINITIONAL_REPRESENTATION('',(#1690),#1694);
#1690 = LINE('',#1691,#1692);
#1691 = CARTESIAN_POINT('',(24.32132,11.82132));
#1692 = VECTOR('',#1693,1.);
#1693 = DIRECTION('',(-0.7456424001,0.666346314744));
#1694 = ( GEOMETRIC_REPRESENTATION_CONTEXT(2) 
PARAMETRIC_REPRESENTATION_CONTEXT() REPRESENTATION_CONTEXT('2D SPACE',''
  ) );
#1695 = PCURVE('',#1696,#1701);
#1696 = PLANE('',#1697);
#1697 = AXIS2_PLACEMENT_3D('',#1698,#1699,#1700);
#1698 = CARTESIAN_POINT('',(-24.32132,11.82132,0.));
#1699 = DIRECTION('',(-0.666346314744,0.7456424001,0.));
#1700 = DIRECTION('',(0.7456424001,0.666346314744,0.));
#1701 = DEFINITIONAL_REPRESENTATION('',(#1702),#1706);
#1702 = LINE('',#1703,#1704);
#1703 = CARTESIAN_POINT('',(0.,0.));
#1704 = VECTOR('',#1705,1.);
#1705 = DIRECTION('',(1.,0.));
#1706 = ( GEOMETRIC_REPRESENTATION_CONTEXT(2) 
PARAMETRIC_REPRESENTATION_CONTEXT() REPRESENTATION_CONTEXT('2D SPACE',''
  ) );
#1707 = ORIENTED_EDGE('',*,*,#1708,.T.);
#1708 = EDGE_CURVE('',#1681,#1709,#1711,.T.);
#1709 = VERTEX_POINT('',#1710);
#1710 = CARTESIAN_POINT('',(-23.796096,12.240173,0.));
#1711 = SURFACE_CURVE('',#1712,(#1716,#1723),.PCURVE_S1.);
#1712 = LINE('',#1713,#1714);
#1713 = CARTESIAN_POINT('',(-24.070469,12.045494,0.));
#1714 = VECTOR('',#1715,1.);
#1715 = DIRECTION('',(0.815559501739,0.578673223091,0.));
#1716 = PCURVE('',#144,#1717);
#1717 = DEFINITIONAL_REPRESENTATION('',(#1718),#1722);
#1718 = LINE('',#1719,#1720);
#1719 = CARTESIAN_POINT('',(24.070469,12.045494));
#1720 = VECTOR('',#1721,1.);
#1721 = DIRECTION('',(-0.815559501739,0.578673223091));
#1722 = ( GEOMETRIC_REPRESENTATION_CONTEXT(2) 
PARAMETRIC_REPRESENTATION_CONTEXT() REPRESENTATION_CONTEXT('2D SPACE',''
  ) );
#1723 = PCURVE('',#1724,#1729);
#1724 = PLANE('',#1725);
#1725 = AXIS2_PLACEMENT_3D('',#1726,#1727,#1728);
#1726 = CARTESIAN_POINT('',(-24.070469,12.045494,0.));
#1727 = DIRECTION('',(-0.578673223091,0.815559501739,0.));
#1728 = DIRECTION('',(0.815559501739,0.578673223091,0.));
#1729 = DEFINITIONAL_REPRESENTATION('',(#1730),#1734);
#1730 = LINE('',#1731,#1732);
#1731 = CARTESIAN_POINT('',(0.,0.));
#1732 = VECTOR('',#1733,1.);
#1733 = DIRECTION('',(1.,0.));
#1734 = ( GEOMETRIC_REPRESENTATION_CONTEXT(2) 
PARAMETRIC_REPRESENTATION_CONTEXT() REPRESENTATION_CONTEXT('2D SPACE',''
  ) );
#1735 = ORIENTED_EDGE('',*,*,#1736,.T.);
#1736 = EDGE_CURVE('',#1709,#1737,#1739,.T.);
#1737 = VERTEX_POINT('',#1738);
#1738 = CARTESIAN_POINT('',(-23.501651,12.402907,0.));
#1739 = SURFACE_CURVE('',#1740,(#1744,#1751),.PCURVE_S1.);
#1740 = LINE('',#1741,#1742);
#1741 = CARTESIAN_POINT('',(-23.796096,12.240173,0.));
#1742 = VECTOR('',#1743,1.);
#1743 = DIRECTION('',(0.875223421007,0.483718888737,0.));
#1744 = PCURVE('',#144,#1745);
#1745 = DEFINITIONAL_REPRESENTATION('',(#1746),#1750);
#1746 = LINE('',#1747,#1748);
#1747 = CARTESIAN_POINT('',(23.796096,12.240173));
#1748 = VECTOR('',#1749,1.);
#1749 = DIRECTION('',(-0.875223421007,0.483718888737));
#1750 = ( GEOMETRIC_REPRESENTATION_CONTEXT(2) 
PARAMETRIC_REPRESENTATION_CONTEXT() REPRESENTATION_CONTEXT('2D SPACE',''
  ) );
#1751 = PCURVE('',#1752,#1757);
#1752 = PLANE('',#1753);
#1753 = AXIS2_PLACEMENT_3D('',#1754,#1755,#1756);
#1754 = CARTESIAN_POINT('',(-23.796096,12.240173,0.));
#1755 = DIRECTION('',(-0.483718888737,0.875223421007,0.));
#1756 = DIRECTION('',(0.875223421007,0.483718888737,0.));
#1757 = DEFINITIONAL_REPRESENTATION('',(#1758),#1762);
#1758 = LINE('',#1759,#1760);
#1759 = CARTESIAN_POINT('',(0.,0.));
#1760 = VECTOR('',#1761,1.);
#1761 = DIRECTION('',(1.,0.));
#1762 = ( GEOMETRIC_REPRESENTATION_CONTEXT(2) 
PARAMETRIC_REPRESENTATION_CONTEXT() REPRESENTATION_CONTEXT('2D SPACE',''
  ) );
#1763 = ORIENTED_EDGE('',*,*,#1764,.T.);
#1764 = EDGE_CURVE('',#1737,#1765,#1767,.T.);
#1765 = VERTEX_POINT('',#1766);
#1766 = CARTESIAN_POINT('',(-23.190837,12.53165,0.));
#1767 = SURFACE_CURVE('',#1768,(#1772,#1779),.PCURVE_S1.);
#1768 = LINE('',#1769,#1770);
#1769 = CARTESIAN_POINT('',(-23.501651,12.402907,0.));
#1770 = VECTOR('',#1771,1.);
#1771 = DIRECTION('',(0.92387992574,0.382682483027,0.));
#1772 = PCURVE('',#144,#1773);
#1773 = DEFINITIONAL_REPRESENTATION('',(#1774),#1778);
#1774 = LINE('',#1775,#1776);
#1775 = CARTESIAN_POINT('',(23.501651,12.402907));
#1776 = VECTOR('',#1777,1.);
#1777 = DIRECTION('',(-0.92387992574,0.382682483027));
#1778 = ( GEOMETRIC_REPRESENTATION_CONTEXT(2) 
PARAMETRIC_REPRESENTATION_CONTEXT() REPRESENTATION_CONTEXT('2D SPACE',''
  ) );
#1779 = PCURVE('',#1780,#1785);
#1780 = PLANE('',#1781);
#1781 = AXIS2_PLACEMENT_3D('',#1782,#1783,#1784);
#1782 = CARTESIAN_POINT('',(-23.501651,12.402907,0.));
#1783 = DIRECTION('',(-0.382682483027,0.92387992574,0.));
#1784 = DIRECTION('',(0.92387992574,0.382682483027,0.));
#1785 = DEFINITIONAL_REPRESENTATION('',(#1786),#1790);
#1786 = LINE('',#1787,#1788);
#1787 = CARTESIAN_POINT('',(0.,0.));
#1788 = VECTOR('',#1789,1.);
#1789 = DIRECTION('',(1.,0.));
#1790 = ( GEOMETRIC_REPRESENTATION_CONTEXT(2) 
PARAMETRIC_REPRESENTATION_CONTEXT() REPRESENTATION_CONTEXT('2D SPACE',''
  ) );
#1791 = ORIENTED_EDGE('',*,*,#1792,.T.);
#1792 = EDGE_CURVE('',#1765,#1793,#1795,.T.);
#1793 = VERTEX_POINT('',#1794);
#1794 = CARTESIAN_POINT('',(-22.867563,12.624784,0.));
#1795 = SURFACE_CURVE('',#1796,(#1800,#1807),.PCURVE_S1.);
#1796 = LINE('',#1797,#1798);
#1797 = CARTESIAN_POINT('',(-23.190837,12.53165,0.));
#1798 = VECTOR('',#1799,1.);
#1799 = DIRECTION('',(0.960917033326,0.276836513242,0.));
#1800 = PCURVE('',#144,#1801);
#1801 = DEFINITIONAL_REPRESENTATION('',(#1802),#1806);
#1802 = LINE('',#1803,#1804);
#1803 = CARTESIAN_POINT('',(23.190837,12.53165));
#1804 = VECTOR('',#1805,1.);
#1805 = DIRECTION('',(-0.960917033326,0.276836513242));
#1806 = ( GEOMETRIC_REPRESENTATION_CONTEXT(2) 
PARAMETRIC_REPRESENTATION_CONTEXT() REPRESENTATION_CONTEXT('2D SPACE',''
  ) );
#1807 = PCURVE('',#1808,#1813);
#1808 = PLANE('',#1809);
#1809 = AXIS2_PLACEMENT_3D('',#1810,#1811,#1812);
#1810 = CARTESIAN_POINT('',(-23.190837,12.53165,0.));
#1811 = DIRECTION('',(-0.276836513242,0.960917033326,0.));
#1812 = DIRECTION('',(0.960917033326,0.276836513242,0.));
#1813 = DEFINITIONAL_REPRESENTATION('',(#1814),#1818);
#1814 = LINE('',#1815,#1816);
#1815 = CARTESIAN_POINT('',(0.,0.));
#1816 = VECTOR('',#1817,1.);
#1817 = DIRECTION('',(1.,0.));
#1818 = ( GEOMETRIC_REPRESENTATION_CONTEXT(2) 
PARAMETRIC_REPRESENTATION_CONTEXT() REPRESENTATION_CONTEXT('2D SPACE',''
  ) );
#1819 = ORIENTED_EDGE('',*,*,#1820,.T.);
#1820 = EDGE_CURVE('',#1793,#1821,#1823,.T.);
#1821 = VERTEX_POINT('',#1822);
#1822 = CARTESIAN_POINT('',(-22.535893,12.681137,0.));
#1823 = SURFACE_CURVE('',#1824,(#1828,#1835),.PCURVE_S1.);
#1824 = LINE('',#1825,#1826);
#1825 = CARTESIAN_POINT('',(-22.867563,12.624784,0.));
#1826 = VECTOR('',#1827,1.);
#1827 = DIRECTION('',(0.985871018308,0.167506224545,0.));
#1828 = PCURVE('',#144,#1829);
#1829 = DEFINITIONAL_REPRESENTATION('',(#1830),#1834);
#1830 = LINE('',#1831,#1832);
#1831 = CARTESIAN_POINT('',(22.867563,12.624784));
#1832 = VECTOR('',#1833,1.);
#1833 = DIRECTION('',(-0.985871018308,0.167506224545));
#1834 = ( GEOMETRIC_REPRESENTATION_CONTEXT(2) 
PARAMETRIC_REPRESENTATION_CONTEXT() REPRESENTATION_CONTEXT('2D SPACE',''
  ) );
#1835 = PCURVE('',#1836,#1841);
#1836 = PLANE('',#1837);
#1837 = AXIS2_PLACEMENT_3D('',#1838,#1839,#1840);
#1838 = CARTESIAN_POINT('',(-22.867563,12.624784,0.));
#1839 = DIRECTION('',(-0.167506224545,0.985871018308,0.));
#1840 = DIRECTION('',(0.985871018308,0.167506224545,0.));
#1841 = DEFINITIONAL_REPRESENTATION('',(#1842),#1846);
#1842 = LINE('',#1843,#1844);
#1843 = CARTESIAN_POINT('',(0.,0.));
#1844 = VECTOR('',#1845,1.);
#1845 = DIRECTION('',(1.,0.));
#1846 = ( GEOMETRIC_REPRESENTATION_CONTEXT(2) 
PARAMETRIC_REPRESENTATION_CONTEXT() REPRESENTATION_CONTEXT('2D SPACE',''
  ) );
#1847 = ORIENTED_EDGE('',*,*,#1848,.T.);
#1848 = EDGE_CURVE('',#1821,#1849,#1851,.T.);
#1849 = VERTEX_POINT('',#1850);
#1850 = CARTESIAN_POINT('',(-22.2,12.7,0.));
#1851 = SURFACE_CURVE('',#1852,(#1856,#1863),.PCURVE_S1.);
#1852 = LINE('',#1853,#1854);
#1853 = CARTESIAN_POINT('',(-22.535893,12.681137,0.));
#1854 = VECTOR('',#1855,1.);
#1855 = DIRECTION('',(0.998426872638,5.606942121022E-02,0.));
#1856 = PCURVE('',#144,#1857);
#1857 = DEFINITIONAL_REPRESENTATION('',(#1858),#1862);
#1858 = LINE('',#1859,#1860);
#1859 = CARTESIAN_POINT('',(22.535893,12.681137));
#1860 = VECTOR('',#1861,1.);
#1861 = DIRECTION('',(-0.998426872638,5.606942121022E-02));
#1862 = ( GEOMETRIC_REPRESENTATION_CONTEXT(2) 
PARAMETRIC_REPRESENTATION_CONTEXT() REPRESENTATION_CONTEXT('2D SPACE',''
  ) );
#1863 = PCURVE('',#1864,#1869);
#1864 = PLANE('',#1865);
#1865 = AXIS2_PLACEMENT_3D('',#1866,#1867,#1868);
#1866 = CARTESIAN_POINT('',(-22.535893,12.681137,0.));
#1867 = DIRECTION('',(-5.606942121022E-02,0.998426872638,0.));
#1868 = DIRECTION('',(0.998426872638,5.606942121022E-02,0.));
#1869 = DEFINITIONAL_REPRESENTATION('',(#1870),#1874);
#1870 = LINE('',#1871,#1872);
#1871 = CARTESIAN_POINT('',(0.,0.));
#1872 = VECTOR('',#1873,1.);
#1873 = DIRECTION('',(1.,0.));
#1874 = ( GEOMETRIC_REPRESENTATION_CONTEXT(2) 
PARAMETRIC_REPRESENTATION_CONTEXT() REPRESENTATION_CONTEXT('2D SPACE',''
  ) );
#1875 = ORIENTED_EDGE('',*,*,#1876,.T.);
#1876 = EDGE_CURVE('',#1849,#160,#1877,.T.);
#1877 = SURFACE_CURVE('',#1878,(#1882,#1889),.PCURVE_S1.);
#1878 = LINE('',#1879,#1880);
#1879 = CARTESIAN_POINT('',(-22.2,12.7,0.));
#1880 = VECTOR('',#1881,1.);
#1881 = DIRECTION('',(1.,0.,0.));
#1882 = PCURVE('',#144,#1883);
#1883 = DEFINITIONAL_REPRESENTATION('',(#1884),#1888);
#1884 = LINE('',#1885,#1886);
#1885 = CARTESIAN_POINT('',(22.2,12.7));
#1886 = VECTOR('',#1887,1.);
#1887 = DIRECTION('',(-1.,0.));
#1888 = ( GEOMETRIC_REPRESENTATION_CONTEXT(2) 
PARAMETRIC_REPRESENTATION_CONTEXT() REPRESENTATION_CONTEXT('2D SPACE',''
  ) );
#1889 = PCURVE('',#177,#1890);
#1890 = DEFINITIONAL_REPRESENTATION('',(#1891),#1895);
#1891 = LINE('',#1892,#1893);
#1892 = CARTESIAN_POINT('',(0.,0.));
#1893 = VECTOR('',#1894,1.);
#1894 = DIRECTION('',(1.,0.));
#1895 = ( GEOMETRIC_REPRESENTATION_CONTEXT(2) 
PARAMETRIC_REPRESENTATION_CONTEXT() REPRESENTATION_CONTEXT('2D SPACE',''
  ) );
#1896 = ORIENTED_EDGE('',*,*,#211,.T.);
#1897 = FACE_BOUND('',#1898,.T.);
#1898 = EDGE_LOOP('',(#1899));
#1899 = ORIENTED_EDGE('',*,*,#1900,.T.);
#1900 = EDGE_CURVE('',#1901,#1901,#1903,.T.);
#1901 = VERTEX_POINT('',#1902);
#1902 = CARTESIAN_POINT('',(-21.7,-3.25,0.));
#1903 = SURFACE_CURVE('',#1904,(#1909,#1920),.PCURVE_S1.);
#1904 = CIRCLE('',#1905,0.5);
#1905 = AXIS2_PLACEMENT_3D('',#1906,#1907,#1908);
#1906 = CARTESIAN_POINT('',(-22.2,-3.25,0.));
#1907 = DIRECTION('',(0.,0.,1.));
#1908 = DIRECTION('',(1.,0.,-0.));
#1909 = PCURVE('',#144,#1910);
#1910 = DEFINITIONAL_REPRESENTATION('',(#1911),#1919);
#1911 = ( BOUNDED_CURVE() B_SPLINE_CURVE(2,(#1912,#1913,#1914,#1915,
#1916,#1917,#1918),.UNSPECIFIED.,.T.,.F.) B_SPLINE_CURVE_WITH_KNOTS((1,2
    ,2,2,2,1),(-2.094395102393,0.,2.094395102393,4.188790204786,
6.28318530718,8.377580409573),.UNSPECIFIED.) CURVE() 
GEOMETRIC_REPRESENTATION_ITEM() RATIONAL_B_SPLINE_CURVE((1.,0.5,1.,0.5,
1.,0.5,1.)) REPRESENTATION_ITEM('') );
#1912 = CARTESIAN_POINT('',(21.7,-3.25));
#1913 = CARTESIAN_POINT('',(21.7,-2.383974596216));
#1914 = CARTESIAN_POINT('',(22.45,-2.816987298108));
#1915 = CARTESIAN_POINT('',(23.2,-3.25));
#1916 = CARTESIAN_POINT('',(22.45,-3.683012701892));
#1917 = CARTESIAN_POINT('',(21.7,-4.116025403784));
#1918 = CARTESIAN_POINT('',(21.7,-3.25));
#1919 = ( GEOMETRIC_REPRESENTATION_CONTEXT(2) 
PARAMETRIC_REPRESENTATION_CONTEXT() REPRESENTATION_CONTEXT('2D SPACE',''
  ) );
#1920 = PCURVE('',#1921,#1926);
#1921 = CYLINDRICAL_SURFACE('',#1922,0.5);
#1922 = AXIS2_PLACEMENT_3D('',#1923,#1924,#1925);
#1923 = CARTESIAN_POINT('',(-22.2,-3.25,-1.E-02));
#1924 = DIRECTION('',(0.,0.,1.));
#1925 = DIRECTION('',(1.,0.,-0.));
#1926 = DEFINITIONAL_REPRESENTATION('',(#1927),#1931);
#1927 = LINE('',#1928,#1929);
#1928 = CARTESIAN_POINT('',(0.,1.E-02));
#1929 = VECTOR('',#1930,1.);
#1930 = DIRECTION('',(1.,0.));
#1931 = ( GEOMETRIC_REPRESENTATION_CONTEXT(2) 
PARAMETRIC_REPRESENTATION_CONTEXT() REPRESENTATION_CONTEXT('2D SPACE',''
  ) );
#1932 = FACE_BOUND('',#1933,.T.);
#1933 = EDGE_LOOP('',(#1934));
#1934 = ORIENTED_EDGE('',*,*,#1935,.T.);
#1935 = EDGE_CURVE('',#1936,#1936,#1938,.T.);
#1936 = VERTEX_POINT('',#1937);
#1937 = CARTESIAN_POINT('',(23.65,-3.306546357698E-16,0.));
#1938 = SURFACE_CURVE('',#1939,(#1944,#1955),.PCURVE_S1.);
#1939 = CIRCLE('',#1940,1.35);
#1940 = AXIS2_PLACEMENT_3D('',#1941,#1942,#1943);
#1941 = CARTESIAN_POINT('',(22.3,0.,0.));
#1942 = DIRECTION('',(0.,0.,1.));
#1943 = DIRECTION('',(1.,0.,-0.));
#1944 = PCURVE('',#144,#1945);
#1945 = DEFINITIONAL_REPRESENTATION('',(#1946),#1954);
#1946 = ( BOUNDED_CURVE() B_SPLINE_CURVE(2,(#1947,#1948,#1949,#1950,
#1951,#1952,#1953),.UNSPECIFIED.,.T.,.F.) B_SPLINE_CURVE_WITH_KNOTS((1,2
    ,2,2,2,1),(-2.094395102393,0.,2.094395102393,4.188790204786,
6.28318530718,8.377580409573),.UNSPECIFIED.) CURVE() 
GEOMETRIC_REPRESENTATION_ITEM() RATIONAL_B_SPLINE_CURVE((1.,0.5,1.,0.5,
1.,0.5,1.)) REPRESENTATION_ITEM('') );
#1947 = CARTESIAN_POINT('',(-23.65,-9.704238387788E-17));
#1948 = CARTESIAN_POINT('',(-23.65,2.338268590218));
#1949 = CARTESIAN_POINT('',(-21.625,1.169134295109));
#1950 = CARTESIAN_POINT('',(-19.6,2.336122518919E-16));
#1951 = CARTESIAN_POINT('',(-21.625,-1.169134295109));
#1952 = CARTESIAN_POINT('',(-23.65,-2.338268590218));
#1953 = CARTESIAN_POINT('',(-23.65,-9.704238387788E-17));
#1954 = ( GEOMETRIC_REPRESENTATION_CONTEXT(2) 
PARAMETRIC_REPRESENTATION_CONTEXT() REPRESENTATION_CONTEXT('2D SPACE',''
  ) );
#1955 = PCURVE('',#1956,#1961);
#1956 = CYLINDRICAL_SURFACE('',#1957,1.35);
#1957 = AXIS2_PLACEMENT_3D('',#1958,#1959,#1960);
#1958 = CARTESIAN_POINT('',(22.3,0.,-1.E-02));
#1959 = DIRECTION('',(0.,0.,1.));
#1960 = DIRECTION('',(1.,0.,-0.));
#1961 = DEFINITIONAL_REPRESENTATION('',(#1962),#1966);
#1962 = LINE('',#1963,#1964);
#1963 = CARTESIAN_POINT('',(0.,1.E-02));
#1964 = VECTOR('',#1965,1.);
#1965 = DIRECTION('',(1.,0.));
#1966 = ( GEOMETRIC_REPRESENTATION_CONTEXT(2) 
PARAMETRIC_REPRESENTATION_CONTEXT() REPRESENTATION_CONTEXT('2D SPACE',''
  ) );
#1967 = FACE_BOUND('',#1968,.T.);
#1968 = EDGE_LOOP('',(#1969));
#1969 = ORIENTED_EDGE('',*,*,#1970,.T.);
#1970 = EDGE_CURVE('',#1971,#1971,#1973,.T.);
#1971 = VERTEX_POINT('',#1972);
#1972 = CARTESIAN_POINT('',(18.65,-3.306546357698E-16,0.));
#1973 = SURFACE_CURVE('',#1974,(#1979,#1990),.PCURVE_S1.);
#1974 = CIRCLE('',#1975,1.35);
#1975 = AXIS2_PLACEMENT_3D('',#1976,#1977,#1978);
#1976 = CARTESIAN_POINT('',(17.3,0.,0.));
#1977 = DIRECTION('',(0.,0.,1.));
#1978 = DIRECTION('',(1.,0.,-0.));
#1979 = PCURVE('',#144,#1980);
#1980 = DEFINITIONAL_REPRESENTATION('',(#1981),#1989);
#1981 = ( BOUNDED_CURVE() B_SPLINE_CURVE(2,(#1982,#1983,#1984,#1985,
#1986,#1987,#1988),.UNSPECIFIED.,.T.,.F.) B_SPLINE_CURVE_WITH_KNOTS((1,2
    ,2,2,2,1),(-2.094395102393,0.,2.094395102393,4.188790204786,
6.28318530718,8.377580409573),.UNSPECIFIED.) CURVE() 
GEOMETRIC_REPRESENTATION_ITEM() RATIONAL_B_SPLINE_CURVE((1.,0.5,1.,0.5,
1.,0.5,1.)) REPRESENTATION_ITEM('') );
#1982 = CARTESIAN_POINT('',(-18.65,-9.704238387788E-17));
#1983 = CARTESIAN_POINT('',(-18.65,2.338268590218));
#1984 = CARTESIAN_POINT('',(-16.625,1.169134295109));
#1985 = CARTESIAN_POINT('',(-14.6,2.336122518919E-16));
#1986 = CARTESIAN_POINT('',(-16.625,-1.169134295109));
#1987 = CARTESIAN_POINT('',(-18.65,-2.338268590218));
#1988 = CARTESIAN_POINT('',(-18.65,-9.704238387788E-17));
#1989 = ( GEOMETRIC_REPRESENTATION_CONTEXT(2) 
PARAMETRIC_REPRESENTATION_CONTEXT() REPRESENTATION_CONTEXT('2D SPACE',''
  ) );
#1990 = PCURVE('',#1991,#1996);
#1991 = CYLINDRICAL_SURFACE('',#1992,1.35);
#1992 = AXIS2_PLACEMENT_3D('',#1993,#1994,#1995);
#1993 = CARTESIAN_POINT('',(17.3,0.,-1.E-02));
#1994 = DIRECTION('',(0.,0.,1.));
#1995 = DIRECTION('',(1.,0.,-0.));
#1996 = DEFINITIONAL_REPRESENTATION('',(#1997),#2001);
#1997 = LINE('',#1998,#1999);
#1998 = CARTESIAN_POINT('',(0.,1.E-02));
#1999 = VECTOR('',#2000,1.);
#2000 = DIRECTION('',(1.,0.));
#2001 = ( GEOMETRIC_REPRESENTATION_CONTEXT(2) 
PARAMETRIC_REPRESENTATION_CONTEXT() REPRESENTATION_CONTEXT('2D SPACE',''
  ) );
#2002 = FACE_BOUND('',#2003,.T.);
#2003 = EDGE_LOOP('',(#2004));
#2004 = ORIENTED_EDGE('',*,*,#2005,.T.);
#2005 = EDGE_CURVE('',#2006,#2006,#2008,.T.);
#2006 = VERTEX_POINT('',#2007);
#2007 = CARTESIAN_POINT('',(12.15,-3.306546357698E-16,0.));
#2008 = SURFACE_CURVE('',#2009,(#2014,#2025),.PCURVE_S1.);
#2009 = CIRCLE('',#2010,1.35);
#2010 = AXIS2_PLACEMENT_3D('',#2011,#2012,#2013);
#2011 = CARTESIAN_POINT('',(10.8,0.,0.));
#2012 = DIRECTION('',(0.,0.,1.));
#2013 = DIRECTION('',(1.,0.,-0.));
#2014 = PCURVE('',#144,#2015);
#2015 = DEFINITIONAL_REPRESENTATION('',(#2016),#2024);
#2016 = ( BOUNDED_CURVE() B_SPLINE_CURVE(2,(#2017,#2018,#2019,#2020,
#2021,#2022,#2023),.UNSPECIFIED.,.T.,.F.) B_SPLINE_CURVE_WITH_KNOTS((1,2
    ,2,2,2,1),(-2.094395102393,0.,2.094395102393,4.188790204786,
6.28318530718,8.377580409573),.UNSPECIFIED.) CURVE() 
GEOMETRIC_REPRESENTATION_ITEM() RATIONAL_B_SPLINE_CURVE((1.,0.5,1.,0.5,
1.,0.5,1.)) REPRESENTATION_ITEM('') );
#2017 = CARTESIAN_POINT('',(-12.15,-9.704238387788E-17));
#2018 = CARTESIAN_POINT('',(-12.15,2.338268590218));
#2019 = CARTESIAN_POINT('',(-10.125,1.169134295109));
#2020 = CARTESIAN_POINT('',(-8.1,2.336122518919E-16));
#2021 = CARTESIAN_POINT('',(-10.125,-1.169134295109));
#2022 = CARTESIAN_POINT('',(-12.15,-2.338268590218));
#2023 = CARTESIAN_POINT('',(-12.15,-9.704238387788E-17));
#2024 = ( GEOMETRIC_REPRESENTATION_CONTEXT(2) 
PARAMETRIC_REPRESENTATION_CONTEXT() REPRESENTATION_CONTEXT('2D SPACE',''
  ) );
#2025 = PCURVE('',#2026,#2031);
#2026 = CYLINDRICAL_SURFACE('',#2027,1.35);
#2027 = AXIS2_PLACEMENT_3D('',#2028,#2029,#2030);
#2028 = CARTESIAN_POINT('',(10.8,0.,-1.E-02));
#2029 = DIRECTION('',(0.,0.,1.));
#2030 = DIRECTION('',(1.,0.,-0.));
#2031 = DEFINITIONAL_REPRESENTATION('',(#2032),#2036);
#2032 = LINE('',#2033,#2034);
#2033 = CARTESIAN_POINT('',(0.,1.E-02));
#2034 = VECTOR('',#2035,1.);
#2035 = DIRECTION('',(1.,0.));
#2036 = ( GEOMETRIC_REPRESENTATION_CONTEXT(2) 
PARAMETRIC_REPRESENTATION_CONTEXT() REPRESENTATION_CONTEXT('2D SPACE',''
  ) );
#2037 = FACE_BOUND('',#2038,.T.);
#2038 = EDGE_LOOP('',(#2039));
#2039 = ORIENTED_EDGE('',*,*,#2040,.T.);
#2040 = EDGE_CURVE('',#2041,#2041,#2043,.T.);
#2041 = VERTEX_POINT('',#2042);
#2042 = CARTESIAN_POINT('',(7.15,-3.306546357698E-16,0.));
#2043 = SURFACE_CURVE('',#2044,(#2049,#2060),.PCURVE_S1.);
#2044 = CIRCLE('',#2045,1.35);
#2045 = AXIS2_PLACEMENT_3D('',#2046,#2047,#2048);
#2046 = CARTESIAN_POINT('',(5.8,0.,0.));
#2047 = DIRECTION('',(0.,0.,1.));
#2048 = DIRECTION('',(1.,0.,-0.));
#2049 = PCURVE('',#144,#2050);
#2050 = DEFINITIONAL_REPRESENTATION('',(#2051),#2059);
#2051 = ( BOUNDED_CURVE() B_SPLINE_CURVE(2,(#2052,#2053,#2054,#2055,
#2056,#2057,#2058),.UNSPECIFIED.,.T.,.F.) B_SPLINE_CURVE_WITH_KNOTS((1,2
    ,2,2,2,1),(-2.094395102393,0.,2.094395102393,4.188790204786,
6.28318530718,8.377580409573),.UNSPECIFIED.) CURVE() 
GEOMETRIC_REPRESENTATION_ITEM() RATIONAL_B_SPLINE_CURVE((1.,0.5,1.,0.5,
1.,0.5,1.)) REPRESENTATION_ITEM('') );
#2052 = CARTESIAN_POINT('',(-7.15,-9.704238387788E-17));
#2053 = CARTESIAN_POINT('',(-7.15,2.338268590218));
#2054 = CARTESIAN_POINT('',(-5.125,1.169134295109));
#2055 = CARTESIAN_POINT('',(-3.1,2.336122518919E-16));
#2056 = CARTESIAN_POINT('',(-5.125,-1.169134295109));
#2057 = CARTESIAN_POINT('',(-7.15,-2.338268590218));
#2058 = CARTESIAN_POINT('',(-7.15,-9.704238387788E-17));
#2059 = ( GEOMETRIC_REPRESENTATION_CONTEXT(2) 
PARAMETRIC_REPRESENTATION_CONTEXT() REPRESENTATION_CONTEXT('2D SPACE',''
  ) );
#2060 = PCURVE('',#2061,#2066);
#2061 = CYLINDRICAL_SURFACE('',#2062,1.35);
#2062 = AXIS2_PLACEMENT_3D('',#2063,#2064,#2065);
#2063 = CARTESIAN_POINT('',(5.8,0.,-1.E-02));
#2064 = DIRECTION('',(0.,0.,1.));
#2065 = DIRECTION('',(1.,0.,-0.));
#2066 = DEFINITIONAL_REPRESENTATION('',(#2067),#2071);
#2067 = LINE('',#2068,#2069);
#2068 = CARTESIAN_POINT('',(0.,1.E-02));
#2069 = VECTOR('',#2070,1.);
#2070 = DIRECTION('',(1.,0.));
#2071 = ( GEOMETRIC_REPRESENTATION_CONTEXT(2) 
PARAMETRIC_REPRESENTATION_CONTEXT() REPRESENTATION_CONTEXT('2D SPACE',''
  ) );
#2072 = FACE_BOUND('',#2073,.T.);
#2073 = EDGE_LOOP('',(#2074));
#2074 = ORIENTED_EDGE('',*,*,#2075,.T.);
#2075 = EDGE_CURVE('',#2076,#2076,#2078,.T.);
#2076 = VERTEX_POINT('',#2077);
#2077 = CARTESIAN_POINT('',(0.65,-3.306546357698E-16,0.));
#2078 = SURFACE_CURVE('',#2079,(#2084,#2095),.PCURVE_S1.);
#2079 = CIRCLE('',#2080,1.35);
#2080 = AXIS2_PLACEMENT_3D('',#2081,#2082,#2083);
#2081 = CARTESIAN_POINT('',(-0.7,0.,0.));
#2082 = DIRECTION('',(0.,0.,1.));
#2083 = DIRECTION('',(1.,0.,-0.));
#2084 = PCURVE('',#144,#2085);
#2085 = DEFINITIONAL_REPRESENTATION('',(#2086),#2094);
#2086 = ( BOUNDED_CURVE() B_SPLINE_CURVE(2,(#2087,#2088,#2089,#2090,
#2091,#2092,#2093),.UNSPECIFIED.,.T.,.F.) B_SPLINE_CURVE_WITH_KNOTS((1,2
    ,2,2,2,1),(-2.094395102393,0.,2.094395102393,4.188790204786,
6.28318530718,8.377580409573),.UNSPECIFIED.) CURVE() 
GEOMETRIC_REPRESENTATION_ITEM() RATIONAL_B_SPLINE_CURVE((1.,0.5,1.,0.5,
1.,0.5,1.)) REPRESENTATION_ITEM('') );
#2087 = CARTESIAN_POINT('',(-0.65,-9.704238387788E-17));
#2088 = CARTESIAN_POINT('',(-0.65,2.338268590218));
#2089 = CARTESIAN_POINT('',(1.375,1.169134295109));
#2090 = CARTESIAN_POINT('',(3.4,2.336122518919E-16));
#2091 = CARTESIAN_POINT('',(1.375,-1.169134295109));
#2092 = CARTESIAN_POINT('',(-0.65,-2.338268590218));
#2093 = CARTESIAN_POINT('',(-0.65,-9.704238387788E-17));
#2094 = ( GEOMETRIC_REPRESENTATION_CONTEXT(2) 
PARAMETRIC_REPRESENTATION_CONTEXT() REPRESENTATION_CONTEXT('2D SPACE',''
  ) );
#2095 = PCURVE('',#2096,#2101);
#2096 = CYLINDRICAL_SURFACE('',#2097,1.35);
#2097 = AXIS2_PLACEMENT_3D('',#2098,#2099,#2100);
#2098 = CARTESIAN_POINT('',(-0.7,0.,-1.E-02));
#2099 = DIRECTION('',(0.,0.,1.));
#2100 = DIRECTION('',(1.,0.,-0.));
#2101 = DEFINITIONAL_REPRESENTATION('',(#2102),#2106);
#2102 = LINE('',#2103,#2104);
#2103 = CARTESIAN_POINT('',(0.,1.E-02));
#2104 = VECTOR('',#2105,1.);
#2105 = DIRECTION('',(1.,0.));
#2106 = ( GEOMETRIC_REPRESENTATION_CONTEXT(2) 
PARAMETRIC_REPRESENTATION_CONTEXT() REPRESENTATION_CONTEXT('2D SPACE',''
  ) );
#2107 = FACE_BOUND('',#2108,.T.);
#2108 = EDGE_LOOP('',(#2109));
#2109 = ORIENTED_EDGE('',*,*,#2110,.T.);
#2110 = EDGE_CURVE('',#2111,#2111,#2113,.T.);
#2111 = VERTEX_POINT('',#2112);
#2112 = CARTESIAN_POINT('',(-4.35,-3.306546357698E-16,0.));
#2113 = SURFACE_CURVE('',#2114,(#2119,#2130),.PCURVE_S1.);
#2114 = CIRCLE('',#2115,1.35);
#2115 = AXIS2_PLACEMENT_3D('',#2116,#2117,#2118);
#2116 = CARTESIAN_POINT('',(-5.7,0.,0.));
#2117 = DIRECTION('',(0.,0.,1.));
#2118 = DIRECTION('',(1.,0.,-0.));
#2119 = PCURVE('',#144,#2120);
#2120 = DEFINITIONAL_REPRESENTATION('',(#2121),#2129);
#2121 = ( BOUNDED_CURVE() B_SPLINE_CURVE(2,(#2122,#2123,#2124,#2125,
#2126,#2127,#2128),.UNSPECIFIED.,.T.,.F.) B_SPLINE_CURVE_WITH_KNOTS((1,2
    ,2,2,2,1),(-2.094395102393,0.,2.094395102393,4.188790204786,
6.28318530718,8.377580409573),.UNSPECIFIED.) CURVE() 
GEOMETRIC_REPRESENTATION_ITEM() RATIONAL_B_SPLINE_CURVE((1.,0.5,1.,0.5,
1.,0.5,1.)) REPRESENTATION_ITEM('') );
#2122 = CARTESIAN_POINT('',(4.35,-9.704238387788E-17));
#2123 = CARTESIAN_POINT('',(4.35,2.338268590218));
#2124 = CARTESIAN_POINT('',(6.375,1.169134295109));
#2125 = CARTESIAN_POINT('',(8.4,2.336122518919E-16));
#2126 = CARTESIAN_POINT('',(6.375,-1.169134295109));
#2127 = CARTESIAN_POINT('',(4.35,-2.338268590218));
#2128 = CARTESIAN_POINT('',(4.35,-9.704238387788E-17));
#2129 = ( GEOMETRIC_REPRESENTATION_CONTEXT(2) 
PARAMETRIC_REPRESENTATION_CONTEXT() REPRESENTATION_CONTEXT('2D SPACE',''
  ) );
#2130 = PCURVE('',#2131,#2136);
#2131 = CYLINDRICAL_SURFACE('',#2132,1.35);
#2132 = AXIS2_PLACEMENT_3D('',#2133,#2134,#2135);
#2133 = CARTESIAN_POINT('',(-5.7,0.,-1.E-02));
#2134 = DIRECTION('',(0.,0.,1.));
#2135 = DIRECTION('',(1.,0.,-0.));
#2136 = DEFINITIONAL_REPRESENTATION('',(#2137),#2141);
#2137 = LINE('',#2138,#2139);
#2138 = CARTESIAN_POINT('',(0.,1.E-02));
#2139 = VECTOR('',#2140,1.);
#2140 = DIRECTION('',(1.,0.));
#2141 = ( GEOMETRIC_REPRESENTATION_CONTEXT(2) 
PARAMETRIC_REPRESENTATION_CONTEXT() REPRESENTATION_CONTEXT('2D SPACE',''
  ) );
#2142 = FACE_BOUND('',#2143,.T.);
#2143 = EDGE_LOOP('',(#2144));
#2144 = ORIENTED_EDGE('',*,*,#2145,.T.);
#2145 = EDGE_CURVE('',#2146,#2146,#2148,.T.);
#2146 = VERTEX_POINT('',#2147);
#2147 = CARTESIAN_POINT('',(-10.85,-3.306546357698E-16,0.));
#2148 = SURFACE_CURVE('',#2149,(#2154,#2165),.PCURVE_S1.);
#2149 = CIRCLE('',#2150,1.35);
#2150 = AXIS2_PLACEMENT_3D('',#2151,#2152,#2153);
#2151 = CARTESIAN_POINT('',(-12.2,0.,0.));
#2152 = DIRECTION('',(0.,0.,1.));
#2153 = DIRECTION('',(1.,0.,-0.));
#2154 = PCURVE('',#144,#2155);
#2155 = DEFINITIONAL_REPRESENTATION('',(#2156),#2164);
#2156 = ( BOUNDED_CURVE() B_SPLINE_CURVE(2,(#2157,#2158,#2159,#2160,
#2161,#2162,#2163),.UNSPECIFIED.,.T.,.F.) B_SPLINE_CURVE_WITH_KNOTS((1,2
    ,2,2,2,1),(-2.094395102393,0.,2.094395102393,4.188790204786,
6.28318530718,8.377580409573),.UNSPECIFIED.) CURVE() 
GEOMETRIC_REPRESENTATION_ITEM() RATIONAL_B_SPLINE_CURVE((1.,0.5,1.,0.5,
1.,0.5,1.)) REPRESENTATION_ITEM('') );
#2157 = CARTESIAN_POINT('',(10.85,-9.704238387788E-17));
#2158 = CARTESIAN_POINT('',(10.85,2.338268590218));
#2159 = CARTESIAN_POINT('',(12.875,1.169134295109));
#2160 = CARTESIAN_POINT('',(14.9,2.336122518919E-16));
#2161 = CARTESIAN_POINT('',(12.875,-1.169134295109));
#2162 = CARTESIAN_POINT('',(10.85,-2.338268590218));
#2163 = CARTESIAN_POINT('',(10.85,-9.704238387788E-17));
#2164 = ( GEOMETRIC_REPRESENTATION_CONTEXT(2) 
PARAMETRIC_REPRESENTATION_CONTEXT() REPRESENTATION_CONTEXT('2D SPACE',''
  ) );
#2165 = PCURVE('',#2166,#2171);
#2166 = CYLINDRICAL_SURFACE('',#2167,1.35);
#2167 = AXIS2_PLACEMENT_3D('',#2168,#2169,#2170);
#2168 = CARTESIAN_POINT('',(-12.2,0.,-1.E-02));
#2169 = DIRECTION('',(0.,0.,1.));
#2170 = DIRECTION('',(1.,0.,-0.));
#2171 = DEFINITIONAL_REPRESENTATION('',(#2172),#2176);
#2172 = LINE('',#2173,#2174);
#2173 = CARTESIAN_POINT('',(0.,1.E-02));
#2174 = VECTOR('',#2175,1.);
#2175 = DIRECTION('',(1.,0.));
#2176 = ( GEOMETRIC_REPRESENTATION_CONTEXT(2) 
PARAMETRIC_REPRESENTATION_CONTEXT() REPRESENTATION_CONTEXT('2D SPACE',''
  ) );
#2177 = FACE_BOUND('',#2178,.T.);
#2178 = EDGE_LOOP('',(#2179));
#2179 = ORIENTED_EDGE('',*,*,#2180,.T.);
#2180 = EDGE_CURVE('',#2181,#2181,#2183,.T.);
#2181 = VERTEX_POINT('',#2182);
#2182 = CARTESIAN_POINT('',(-15.85,-3.306546357698E-16,0.));
#2183 = SURFACE_CURVE('',#2184,(#2189,#2200),.PCURVE_S1.);
#2184 = CIRCLE('',#2185,1.35);
#2185 = AXIS2_PLACEMENT_3D('',#2186,#2187,#2188);
#2186 = CARTESIAN_POINT('',(-17.2,0.,0.));
#2187 = DIRECTION('',(0.,0.,1.));
#2188 = DIRECTION('',(1.,0.,-0.));
#2189 = PCURVE('',#144,#2190);
#2190 = DEFINITIONAL_REPRESENTATION('',(#2191),#2199);
#2191 = ( BOUNDED_CURVE() B_SPLINE_CURVE(2,(#2192,#2193,#2194,#2195,
#2196,#2197,#2198),.UNSPECIFIED.,.T.,.F.) B_SPLINE_CURVE_WITH_KNOTS((1,2
    ,2,2,2,1),(-2.094395102393,0.,2.094395102393,4.188790204786,
6.28318530718,8.377580409573),.UNSPECIFIED.) CURVE() 
GEOMETRIC_REPRESENTATION_ITEM() RATIONAL_B_SPLINE_CURVE((1.,0.5,1.,0.5,
1.,0.5,1.)) REPRESENTATION_ITEM('') );
#2192 = CARTESIAN_POINT('',(15.85,-9.704238387788E-17));
#2193 = CARTESIAN_POINT('',(15.85,2.338268590218));
#2194 = CARTESIAN_POINT('',(17.875,1.169134295109));
#2195 = CARTESIAN_POINT('',(19.9,2.336122518919E-16));
#2196 = CARTESIAN_POINT('',(17.875,-1.169134295109));
#2197 = CARTESIAN_POINT('',(15.85,-2.338268590218));
#2198 = CARTESIAN_POINT('',(15.85,-9.704238387788E-17));
#2199 = ( GEOMETRIC_REPRESENTATION_CONTEXT(2) 
PARAMETRIC_REPRESENTATION_CONTEXT() REPRESENTATION_CONTEXT('2D SPACE',''
  ) );
#2200 = PCURVE('',#2201,#2206);
#2201 = CYLINDRICAL_SURFACE('',#2202,1.35);
#2202 = AXIS2_PLACEMENT_3D('',#2203,#2204,#2205);
#2203 = CARTESIAN_POINT('',(-17.2,0.,-1.E-02));
#2204 = DIRECTION('',(0.,0.,1.));
#2205 = DIRECTION('',(1.,0.,-0.));
#2206 = DEFINITIONAL_REPRESENTATION('',(#2207),#2211);
#2207 = LINE('',#2208,#2209);
#2208 = CARTESIAN_POINT('',(0.,1.E-02));
#2209 = VECTOR('',#2210,1.);
#2210 = DIRECTION('',(1.,0.));
#2211 = ( GEOMETRIC_REPRESENTATION_CONTEXT(2) 
PARAMETRIC_REPRESENTATION_CONTEXT() REPRESENTATION_CONTEXT('2D SPACE',''
  ) );
#2212 = FACE_BOUND('',#2213,.T.);
#2213 = EDGE_LOOP('',(#2214));
#2214 = ORIENTED_EDGE('',*,*,#2215,.T.);
#2215 = EDGE_CURVE('',#2216,#2216,#2218,.T.);
#2216 = VERTEX_POINT('',#2217);
#2217 = CARTESIAN_POINT('',(-21.7,3.25,0.));
#2218 = SURFACE_CURVE('',#2219,(#2224,#2235),.PCURVE_S1.);
#2219 = CIRCLE('',#2220,0.5);
#2220 = AXIS2_PLACEMENT_3D('',#2221,#2222,#2223);
#2221 = CARTESIAN_POINT('',(-22.2,3.25,0.));
#2222 = DIRECTION('',(0.,0.,1.));
#2223 = DIRECTION('',(1.,0.,-0.));
#2224 = PCURVE('',#144,#2225);
#2225 = DEFINITIONAL_REPRESENTATION('',(#2226),#2234);
#2226 = ( BOUNDED_CURVE() B_SPLINE_CURVE(2,(#2227,#2228,#2229,#2230,
#2231,#2232,#2233),.UNSPECIFIED.,.T.,.F.) B_SPLINE_CURVE_WITH_KNOTS((1,2
    ,2,2,2,1),(-2.094395102393,0.,2.094395102393,4.188790204786,
6.28318530718,8.377580409573),.UNSPECIFIED.) CURVE() 
GEOMETRIC_REPRESENTATION_ITEM() RATIONAL_B_SPLINE_CURVE((1.,0.5,1.,0.5,
1.,0.5,1.)) REPRESENTATION_ITEM('') );
#2227 = CARTESIAN_POINT('',(21.7,3.25));
#2228 = CARTESIAN_POINT('',(21.7,4.116025403784));
#2229 = CARTESIAN_POINT('',(22.45,3.683012701892));
#2230 = CARTESIAN_POINT('',(23.2,3.25));
#2231 = CARTESIAN_POINT('',(22.45,2.816987298108));
#2232 = CARTESIAN_POINT('',(21.7,2.383974596216));
#2233 = CARTESIAN_POINT('',(21.7,3.25));
#2234 = ( GEOMETRIC_REPRESENTATION_CONTEXT(2) 
PARAMETRIC_REPRESENTATION_CONTEXT() REPRESENTATION_CONTEXT('2D SPACE',''
  ) );
#2235 = PCURVE('',#2236,#2241);
#2236 = CYLINDRICAL_SURFACE('',#2237,0.5);
#2237 = AXIS2_PLACEMENT_3D('',#2238,#2239,#2240);
#2238 = CARTESIAN_POINT('',(-22.2,3.25,-1.E-02));
#2239 = DIRECTION('',(0.,0.,1.));
#2240 = DIRECTION('',(1.,0.,-0.));
#2241 = DEFINITIONAL_REPRESENTATION('',(#2242),#2246);
#2242 = LINE('',#2243,#2244);
#2243 = CARTESIAN_POINT('',(0.,1.E-02));
#2244 = VECTOR('',#2245,1.);
#2245 = DIRECTION('',(1.,0.));
#2246 = ( GEOMETRIC_REPRESENTATION_CONTEXT(2) 
PARAMETRIC_REPRESENTATION_CONTEXT() REPRESENTATION_CONTEXT('2D SPACE',''
  ) );
#2247 = ADVANCED_FACE('',(#2248,#3562,#3592,#3622,#3652,#3682,#3712,
    #3742,#3772,#3802,#3832),#90,.F.);
#2248 = FACE_BOUND('',#2249,.F.);
#2249 = EDGE_LOOP('',(#2250,#2251,#2252,#2275,#2298,#2321,#2344,#2367,
    #2390,#2413,#2436,#2459,#2482,#2505,#2528,#2551,#2574,#2597,#2620,
    #2643,#2666,#2689,#2712,#2735,#2758,#2781,#2804,#2827,#2850,#2873,
    #2896,#2919,#2942,#2965,#2988,#3011,#3034,#3057,#3080,#3103,#3126,
    #3149,#3172,#3195,#3218,#3241,#3264,#3287,#3310,#3333,#3356,#3379,
    #3402,#3425,#3448,#3471,#3494,#3517,#3540,#3561));
#2250 = ORIENTED_EDGE('',*,*,#74,.T.);
#2251 = ORIENTED_EDGE('',*,*,#236,.T.);
#2252 = ORIENTED_EDGE('',*,*,#2253,.T.);
#2253 = EDGE_CURVE('',#237,#2254,#2256,.T.);
#2254 = VERTEX_POINT('',#2255);
#2255 = CARTESIAN_POINT('',(23.501651,12.402907,1.6));
#2256 = SURFACE_CURVE('',#2257,(#2261,#2268),.PCURVE_S1.);
#2257 = LINE('',#2258,#2259);
#2258 = CARTESIAN_POINT('',(23.190837,12.53165,1.6));
#2259 = VECTOR('',#2260,1.);
#2260 = DIRECTION('',(0.92387992574,-0.382682483027,0.));
#2261 = PCURVE('',#90,#2262);
#2262 = DEFINITIONAL_REPRESENTATION('',(#2263),#2267);
#2263 = LINE('',#2264,#2265);
#2264 = CARTESIAN_POINT('',(-23.190837,12.53165));
#2265 = VECTOR('',#2266,1.);
#2266 = DIRECTION('',(-0.92387992574,-0.382682483027));
#2267 = ( GEOMETRIC_REPRESENTATION_CONTEXT(2) 
PARAMETRIC_REPRESENTATION_CONTEXT() REPRESENTATION_CONTEXT('2D SPACE',''
  ) );
#2268 = PCURVE('',#275,#2269);
#2269 = DEFINITIONAL_REPRESENTATION('',(#2270),#2274);
#2270 = LINE('',#2271,#2272);
#2271 = CARTESIAN_POINT('',(0.,-1.6));
#2272 = VECTOR('',#2273,1.);
#2273 = DIRECTION('',(1.,0.));
#2274 = ( GEOMETRIC_REPRESENTATION_CONTEXT(2) 
PARAMETRIC_REPRESENTATION_CONTEXT() REPRESENTATION_CONTEXT('2D SPACE',''
  ) );
#2275 = ORIENTED_EDGE('',*,*,#2276,.T.);
#2276 = EDGE_CURVE('',#2254,#2277,#2279,.T.);
#2277 = VERTEX_POINT('',#2278);
#2278 = CARTESIAN_POINT('',(23.796096,12.240173,1.6));
#2279 = SURFACE_CURVE('',#2280,(#2284,#2291),.PCURVE_S1.);
#2280 = LINE('',#2281,#2282);
#2281 = CARTESIAN_POINT('',(23.501651,12.402907,1.6));
#2282 = VECTOR('',#2283,1.);
#2283 = DIRECTION('',(0.875223421007,-0.483718888737,0.));
#2284 = PCURVE('',#90,#2285);
#2285 = DEFINITIONAL_REPRESENTATION('',(#2286),#2290);
#2286 = LINE('',#2287,#2288);
#2287 = CARTESIAN_POINT('',(-23.501651,12.402907));
#2288 = VECTOR('',#2289,1.);
#2289 = DIRECTION('',(-0.875223421007,-0.483718888737));
#2290 = ( GEOMETRIC_REPRESENTATION_CONTEXT(2) 
PARAMETRIC_REPRESENTATION_CONTEXT() REPRESENTATION_CONTEXT('2D SPACE',''
  ) );
#2291 = PCURVE('',#352,#2292);
#2292 = DEFINITIONAL_REPRESENTATION('',(#2293),#2297);
#2293 = LINE('',#2294,#2295);
#2294 = CARTESIAN_POINT('',(0.,-1.6));
#2295 = VECTOR('',#2296,1.);
#2296 = DIRECTION('',(1.,0.));
#2297 = ( GEOMETRIC_REPRESENTATION_CONTEXT(2) 
PARAMETRIC_REPRESENTATION_CONTEXT() REPRESENTATION_CONTEXT('2D SPACE',''
  ) );
#2298 = ORIENTED_EDGE('',*,*,#2299,.T.);
#2299 = EDGE_CURVE('',#2277,#2300,#2302,.T.);
#2300 = VERTEX_POINT('',#2301);
#2301 = CARTESIAN_POINT('',(24.070469,12.045494,1.6));
#2302 = SURFACE_CURVE('',#2303,(#2307,#2314),.PCURVE_S1.);
#2303 = LINE('',#2304,#2305);
#2304 = CARTESIAN_POINT('',(23.796096,12.240173,1.6));
#2305 = VECTOR('',#2306,1.);
#2306 = DIRECTION('',(0.815559501739,-0.578673223091,0.));
#2307 = PCURVE('',#90,#2308);
#2308 = DEFINITIONAL_REPRESENTATION('',(#2309),#2313);
#2309 = LINE('',#2310,#2311);
#2310 = CARTESIAN_POINT('',(-23.796096,12.240173));
#2311 = VECTOR('',#2312,1.);
#2312 = DIRECTION('',(-0.815559501739,-0.578673223091));
#2313 = ( GEOMETRIC_REPRESENTATION_CONTEXT(2) 
PARAMETRIC_REPRESENTATION_CONTEXT() REPRESENTATION_CONTEXT('2D SPACE',''
  ) );
#2314 = PCURVE('',#380,#2315);
#2315 = DEFINITIONAL_REPRESENTATION('',(#2316),#2320);
#2316 = LINE('',#2317,#2318);
#2317 = CARTESIAN_POINT('',(0.,-1.6));
#2318 = VECTOR('',#2319,1.);
#2319 = DIRECTION('',(1.,0.));
#2320 = ( GEOMETRIC_REPRESENTATION_CONTEXT(2) 
PARAMETRIC_REPRESENTATION_CONTEXT() REPRESENTATION_CONTEXT('2D SPACE',''
  ) );
#2321 = ORIENTED_EDGE('',*,*,#2322,.T.);
#2322 = EDGE_CURVE('',#2300,#2323,#2325,.T.);
#2323 = VERTEX_POINT('',#2324);
#2324 = CARTESIAN_POINT('',(24.32132,11.82132,1.6));
#2325 = SURFACE_CURVE('',#2326,(#2330,#2337),.PCURVE_S1.);
#2326 = LINE('',#2327,#2328);
#2327 = CARTESIAN_POINT('',(24.070469,12.045494,1.6));
#2328 = VECTOR('',#2329,1.);
#2329 = DIRECTION('',(0.7456424001,-0.666346314744,0.));
#2330 = PCURVE('',#90,#2331);
#2331 = DEFINITIONAL_REPRESENTATION('',(#2332),#2336);
#2332 = LINE('',#2333,#2334);
#2333 = CARTESIAN_POINT('',(-24.070469,12.045494));
#2334 = VECTOR('',#2335,1.);
#2335 = DIRECTION('',(-0.7456424001,-0.666346314744));
#2336 = ( GEOMETRIC_REPRESENTATION_CONTEXT(2) 
PARAMETRIC_REPRESENTATION_CONTEXT() REPRESENTATION_CONTEXT('2D SPACE',''
  ) );
#2337 = PCURVE('',#408,#2338);
#2338 = DEFINITIONAL_REPRESENTATION('',(#2339),#2343);
#2339 = LINE('',#2340,#2341);
#2340 = CARTESIAN_POINT('',(0.,-1.6));
#2341 = VECTOR('',#2342,1.);
#2342 = DIRECTION('',(1.,0.));
#2343 = ( GEOMETRIC_REPRESENTATION_CONTEXT(2) 
PARAMETRIC_REPRESENTATION_CONTEXT() REPRESENTATION_CONTEXT('2D SPACE',''
  ) );
#2344 = ORIENTED_EDGE('',*,*,#2345,.T.);
#2345 = EDGE_CURVE('',#2323,#2346,#2348,.T.);
#2346 = VERTEX_POINT('',#2347);
#2347 = CARTESIAN_POINT('',(24.545494,11.570469,1.6));
#2348 = SURFACE_CURVE('',#2349,(#2353,#2360),.PCURVE_S1.);
#2349 = LINE('',#2350,#2351);
#2350 = CARTESIAN_POINT('',(24.32132,11.82132,1.6));
#2351 = VECTOR('',#2352,1.);
#2352 = DIRECTION('',(0.666346314744,-0.7456424001,0.));
#2353 = PCURVE('',#90,#2354);
#2354 = DEFINITIONAL_REPRESENTATION('',(#2355),#2359);
#2355 = LINE('',#2356,#2357);
#2356 = CARTESIAN_POINT('',(-24.32132,11.82132));
#2357 = VECTOR('',#2358,1.);
#2358 = DIRECTION('',(-0.666346314744,-0.7456424001));
#2359 = ( GEOMETRIC_REPRESENTATION_CONTEXT(2) 
PARAMETRIC_REPRESENTATION_CONTEXT() REPRESENTATION_CONTEXT('2D SPACE',''
  ) );
#2360 = PCURVE('',#436,#2361);
#2361 = DEFINITIONAL_REPRESENTATION('',(#2362),#2366);
#2362 = LINE('',#2363,#2364);
#2363 = CARTESIAN_POINT('',(0.,-1.6));
#2364 = VECTOR('',#2365,1.);
#2365 = DIRECTION('',(1.,0.));
#2366 = ( GEOMETRIC_REPRESENTATION_CONTEXT(2) 
PARAMETRIC_REPRESENTATION_CONTEXT() REPRESENTATION_CONTEXT('2D SPACE',''
  ) );
#2367 = ORIENTED_EDGE('',*,*,#2368,.T.);
#2368 = EDGE_CURVE('',#2346,#2369,#2371,.T.);
#2369 = VERTEX_POINT('',#2370);
#2370 = CARTESIAN_POINT('',(24.740173,11.296096,1.6));
#2371 = SURFACE_CURVE('',#2372,(#2376,#2383),.PCURVE_S1.);
#2372 = LINE('',#2373,#2374);
#2373 = CARTESIAN_POINT('',(24.545494,11.570469,1.6));
#2374 = VECTOR('',#2375,1.);
#2375 = DIRECTION('',(0.578673223091,-0.815559501739,0.));
#2376 = PCURVE('',#90,#2377);
#2377 = DEFINITIONAL_REPRESENTATION('',(#2378),#2382);
#2378 = LINE('',#2379,#2380);
#2379 = CARTESIAN_POINT('',(-24.545494,11.570469));
#2380 = VECTOR('',#2381,1.);
#2381 = DIRECTION('',(-0.578673223091,-0.815559501739));
#2382 = ( GEOMETRIC_REPRESENTATION_CONTEXT(2) 
PARAMETRIC_REPRESENTATION_CONTEXT() REPRESENTATION_CONTEXT('2D SPACE',''
  ) );
#2383 = PCURVE('',#464,#2384);
#2384 = DEFINITIONAL_REPRESENTATION('',(#2385),#2389);
#2385 = LINE('',#2386,#2387);
#2386 = CARTESIAN_POINT('',(0.,-1.6));
#2387 = VECTOR('',#2388,1.);
#2388 = DIRECTION('',(1.,0.));
#2389 = ( GEOMETRIC_REPRESENTATION_CONTEXT(2) 
PARAMETRIC_REPRESENTATION_CONTEXT() REPRESENTATION_CONTEXT('2D SPACE',''
  ) );
#2390 = ORIENTED_EDGE('',*,*,#2391,.T.);
#2391 = EDGE_CURVE('',#2369,#2392,#2394,.T.);
#2392 = VERTEX_POINT('',#2393);
#2393 = CARTESIAN_POINT('',(24.902907,11.001651,1.6));
#2394 = SURFACE_CURVE('',#2395,(#2399,#2406),.PCURVE_S1.);
#2395 = LINE('',#2396,#2397);
#2396 = CARTESIAN_POINT('',(24.740173,11.296096,1.6));
#2397 = VECTOR('',#2398,1.);
#2398 = DIRECTION('',(0.483718888737,-0.875223421007,0.));
#2399 = PCURVE('',#90,#2400);
#2400 = DEFINITIONAL_REPRESENTATION('',(#2401),#2405);
#2401 = LINE('',#2402,#2403);
#2402 = CARTESIAN_POINT('',(-24.740173,11.296096));
#2403 = VECTOR('',#2404,1.);
#2404 = DIRECTION('',(-0.483718888737,-0.875223421007));
#2405 = ( GEOMETRIC_REPRESENTATION_CONTEXT(2) 
PARAMETRIC_REPRESENTATION_CONTEXT() REPRESENTATION_CONTEXT('2D SPACE',''
  ) );
#2406 = PCURVE('',#492,#2407);
#2407 = DEFINITIONAL_REPRESENTATION('',(#2408),#2412);
#2408 = LINE('',#2409,#2410);
#2409 = CARTESIAN_POINT('',(0.,-1.6));
#2410 = VECTOR('',#2411,1.);
#2411 = DIRECTION('',(1.,0.));
#2412 = ( GEOMETRIC_REPRESENTATION_CONTEXT(2) 
PARAMETRIC_REPRESENTATION_CONTEXT() REPRESENTATION_CONTEXT('2D SPACE',''
  ) );
#2413 = ORIENTED_EDGE('',*,*,#2414,.T.);
#2414 = EDGE_CURVE('',#2392,#2415,#2417,.T.);
#2415 = VERTEX_POINT('',#2416);
#2416 = CARTESIAN_POINT('',(25.03165,10.690837,1.6));
#2417 = SURFACE_CURVE('',#2418,(#2422,#2429),.PCURVE_S1.);
#2418 = LINE('',#2419,#2420);
#2419 = CARTESIAN_POINT('',(24.902907,11.001651,1.6));
#2420 = VECTOR('',#2421,1.);
#2421 = DIRECTION('',(0.382682483027,-0.92387992574,0.));
#2422 = PCURVE('',#90,#2423);
#2423 = DEFINITIONAL_REPRESENTATION('',(#2424),#2428);
#2424 = LINE('',#2425,#2426);
#2425 = CARTESIAN_POINT('',(-24.902907,11.001651));
#2426 = VECTOR('',#2427,1.);
#2427 = DIRECTION('',(-0.382682483027,-0.92387992574));
#2428 = ( GEOMETRIC_REPRESENTATION_CONTEXT(2) 
PARAMETRIC_REPRESENTATION_CONTEXT() REPRESENTATION_CONTEXT('2D SPACE',''
  ) );
#2429 = PCURVE('',#520,#2430);
#2430 = DEFINITIONAL_REPRESENTATION('',(#2431),#2435);
#2431 = LINE('',#2432,#2433);
#2432 = CARTESIAN_POINT('',(0.,-1.6));
#2433 = VECTOR('',#2434,1.);
#2434 = DIRECTION('',(1.,0.));
#2435 = ( GEOMETRIC_REPRESENTATION_CONTEXT(2) 
PARAMETRIC_REPRESENTATION_CONTEXT() REPRESENTATION_CONTEXT('2D SPACE',''
  ) );
#2436 = ORIENTED_EDGE('',*,*,#2437,.T.);
#2437 = EDGE_CURVE('',#2415,#2438,#2440,.T.);
#2438 = VERTEX_POINT('',#2439);
#2439 = CARTESIAN_POINT('',(25.124784,10.367563,1.6));
#2440 = SURFACE_CURVE('',#2441,(#2445,#2452),.PCURVE_S1.);
#2441 = LINE('',#2442,#2443);
#2442 = CARTESIAN_POINT('',(25.03165,10.690837,1.6));
#2443 = VECTOR('',#2444,1.);
#2444 = DIRECTION('',(0.276836513242,-0.960917033326,0.));
#2445 = PCURVE('',#90,#2446);
#2446 = DEFINITIONAL_REPRESENTATION('',(#2447),#2451);
#2447 = LINE('',#2448,#2449);
#2448 = CARTESIAN_POINT('',(-25.03165,10.690837));
#2449 = VECTOR('',#2450,1.);
#2450 = DIRECTION('',(-0.276836513242,-0.960917033326));
#2451 = ( GEOMETRIC_REPRESENTATION_CONTEXT(2) 
PARAMETRIC_REPRESENTATION_CONTEXT() REPRESENTATION_CONTEXT('2D SPACE',''
  ) );
#2452 = PCURVE('',#548,#2453);
#2453 = DEFINITIONAL_REPRESENTATION('',(#2454),#2458);
#2454 = LINE('',#2455,#2456);
#2455 = CARTESIAN_POINT('',(0.,-1.6));
#2456 = VECTOR('',#2457,1.);
#2457 = DIRECTION('',(1.,0.));
#2458 = ( GEOMETRIC_REPRESENTATION_CONTEXT(2) 
PARAMETRIC_REPRESENTATION_CONTEXT() REPRESENTATION_CONTEXT('2D SPACE',''
  ) );
#2459 = ORIENTED_EDGE('',*,*,#2460,.T.);
#2460 = EDGE_CURVE('',#2438,#2461,#2463,.T.);
#2461 = VERTEX_POINT('',#2462);
#2462 = CARTESIAN_POINT('',(25.181137,10.035893,1.6));
#2463 = SURFACE_CURVE('',#2464,(#2468,#2475),.PCURVE_S1.);
#2464 = LINE('',#2465,#2466);
#2465 = CARTESIAN_POINT('',(25.124784,10.367563,1.6));
#2466 = VECTOR('',#2467,1.);
#2467 = DIRECTION('',(0.167506224545,-0.985871018308,0.));
#2468 = PCURVE('',#90,#2469);
#2469 = DEFINITIONAL_REPRESENTATION('',(#2470),#2474);
#2470 = LINE('',#2471,#2472);
#2471 = CARTESIAN_POINT('',(-25.124784,10.367563));
#2472 = VECTOR('',#2473,1.);
#2473 = DIRECTION('',(-0.167506224545,-0.985871018308));
#2474 = ( GEOMETRIC_REPRESENTATION_CONTEXT(2) 
PARAMETRIC_REPRESENTATION_CONTEXT() REPRESENTATION_CONTEXT('2D SPACE',''
  ) );
#2475 = PCURVE('',#576,#2476);
#2476 = DEFINITIONAL_REPRESENTATION('',(#2477),#2481);
#2477 = LINE('',#2478,#2479);
#2478 = CARTESIAN_POINT('',(0.,-1.6));
#2479 = VECTOR('',#2480,1.);
#2480 = DIRECTION('',(1.,0.));
#2481 = ( GEOMETRIC_REPRESENTATION_CONTEXT(2) 
PARAMETRIC_REPRESENTATION_CONTEXT() REPRESENTATION_CONTEXT('2D SPACE',''
  ) );
#2482 = ORIENTED_EDGE('',*,*,#2483,.T.);
#2483 = EDGE_CURVE('',#2461,#2484,#2486,.T.);
#2484 = VERTEX_POINT('',#2485);
#2485 = CARTESIAN_POINT('',(25.2,9.7,1.6));
#2486 = SURFACE_CURVE('',#2487,(#2491,#2498),.PCURVE_S1.);
#2487 = LINE('',#2488,#2489);
#2488 = CARTESIAN_POINT('',(25.181137,10.035893,1.6));
#2489 = VECTOR('',#2490,1.);
#2490 = DIRECTION('',(5.606942121022E-02,-0.998426872638,0.));
#2491 = PCURVE('',#90,#2492);
#2492 = DEFINITIONAL_REPRESENTATION('',(#2493),#2497);
#2493 = LINE('',#2494,#2495);
#2494 = CARTESIAN_POINT('',(-25.181137,10.035893));
#2495 = VECTOR('',#2496,1.);
#2496 = DIRECTION('',(-5.606942121022E-02,-0.998426872638));
#2497 = ( GEOMETRIC_REPRESENTATION_CONTEXT(2) 
PARAMETRIC_REPRESENTATION_CONTEXT() REPRESENTATION_CONTEXT('2D SPACE',''
  ) );
#2498 = PCURVE('',#604,#2499);
#2499 = DEFINITIONAL_REPRESENTATION('',(#2500),#2504);
#2500 = LINE('',#2501,#2502);
#2501 = CARTESIAN_POINT('',(0.,-1.6));
#2502 = VECTOR('',#2503,1.);
#2503 = DIRECTION('',(1.,0.));
#2504 = ( GEOMETRIC_REPRESENTATION_CONTEXT(2) 
PARAMETRIC_REPRESENTATION_CONTEXT() REPRESENTATION_CONTEXT('2D SPACE',''
  ) );
#2505 = ORIENTED_EDGE('',*,*,#2506,.T.);
#2506 = EDGE_CURVE('',#2484,#2507,#2509,.T.);
#2507 = VERTEX_POINT('',#2508);
#2508 = CARTESIAN_POINT('',(25.2,-9.7,1.6));
#2509 = SURFACE_CURVE('',#2510,(#2514,#2521),.PCURVE_S1.);
#2510 = LINE('',#2511,#2512);
#2511 = CARTESIAN_POINT('',(25.2,9.7,1.6));
#2512 = VECTOR('',#2513,1.);
#2513 = DIRECTION('',(0.,-1.,0.));
#2514 = PCURVE('',#90,#2515);
#2515 = DEFINITIONAL_REPRESENTATION('',(#2516),#2520);
#2516 = LINE('',#2517,#2518);
#2517 = CARTESIAN_POINT('',(-25.2,9.7));
#2518 = VECTOR('',#2519,1.);
#2519 = DIRECTION('',(0.,-1.));
#2520 = ( GEOMETRIC_REPRESENTATION_CONTEXT(2) 
PARAMETRIC_REPRESENTATION_CONTEXT() REPRESENTATION_CONTEXT('2D SPACE',''
  ) );
#2521 = PCURVE('',#632,#2522);
#2522 = DEFINITIONAL_REPRESENTATION('',(#2523),#2527);
#2523 = LINE('',#2524,#2525);
#2524 = CARTESIAN_POINT('',(0.,-1.6));
#2525 = VECTOR('',#2526,1.);
#2526 = DIRECTION('',(1.,0.));
#2527 = ( GEOMETRIC_REPRESENTATION_CONTEXT(2) 
PARAMETRIC_REPRESENTATION_CONTEXT() REPRESENTATION_CONTEXT('2D SPACE',''
  ) );
#2528 = ORIENTED_EDGE('',*,*,#2529,.T.);
#2529 = EDGE_CURVE('',#2507,#2530,#2532,.T.);
#2530 = VERTEX_POINT('',#2531);
#2531 = CARTESIAN_POINT('',(25.181137,-10.035893,1.6));
#2532 = SURFACE_CURVE('',#2533,(#2537,#2544),.PCURVE_S1.);
#2533 = LINE('',#2534,#2535);
#2534 = CARTESIAN_POINT('',(25.2,-9.7,1.6));
#2535 = VECTOR('',#2536,1.);
#2536 = DIRECTION('',(-5.606942121022E-02,-0.998426872638,0.));
#2537 = PCURVE('',#90,#2538);
#2538 = DEFINITIONAL_REPRESENTATION('',(#2539),#2543);
#2539 = LINE('',#2540,#2541);
#2540 = CARTESIAN_POINT('',(-25.2,-9.7));
#2541 = VECTOR('',#2542,1.);
#2542 = DIRECTION('',(5.606942121022E-02,-0.998426872638));
#2543 = ( GEOMETRIC_REPRESENTATION_CONTEXT(2) 
PARAMETRIC_REPRESENTATION_CONTEXT() REPRESENTATION_CONTEXT('2D SPACE',''
  ) );
#2544 = PCURVE('',#660,#2545);
#2545 = DEFINITIONAL_REPRESENTATION('',(#2546),#2550);
#2546 = LINE('',#2547,#2548);
#2547 = CARTESIAN_POINT('',(0.,-1.6));
#2548 = VECTOR('',#2549,1.);
#2549 = DIRECTION('',(1.,0.));
#2550 = ( GEOMETRIC_REPRESENTATION_CONTEXT(2) 
PARAMETRIC_REPRESENTATION_CONTEXT() REPRESENTATION_CONTEXT('2D SPACE',''
  ) );
#2551 = ORIENTED_EDGE('',*,*,#2552,.T.);
#2552 = EDGE_CURVE('',#2530,#2553,#2555,.T.);
#2553 = VERTEX_POINT('',#2554);
#2554 = CARTESIAN_POINT('',(25.124784,-10.367563,1.6));
#2555 = SURFACE_CURVE('',#2556,(#2560,#2567),.PCURVE_S1.);
#2556 = LINE('',#2557,#2558);
#2557 = CARTESIAN_POINT('',(25.181137,-10.035893,1.6));
#2558 = VECTOR('',#2559,1.);
#2559 = DIRECTION('',(-0.167506224545,-0.985871018308,0.));
#2560 = PCURVE('',#90,#2561);
#2561 = DEFINITIONAL_REPRESENTATION('',(#2562),#2566);
#2562 = LINE('',#2563,#2564);
#2563 = CARTESIAN_POINT('',(-25.181137,-10.035893));
#2564 = VECTOR('',#2565,1.);
#2565 = DIRECTION('',(0.167506224545,-0.985871018308));
#2566 = ( GEOMETRIC_REPRESENTATION_CONTEXT(2) 
PARAMETRIC_REPRESENTATION_CONTEXT() REPRESENTATION_CONTEXT('2D SPACE',''
  ) );
#2567 = PCURVE('',#688,#2568);
#2568 = DEFINITIONAL_REPRESENTATION('',(#2569),#2573);
#2569 = LINE('',#2570,#2571);
#2570 = CARTESIAN_POINT('',(0.,-1.6));
#2571 = VECTOR('',#2572,1.);
#2572 = DIRECTION('',(1.,0.));
#2573 = ( GEOMETRIC_REPRESENTATION_CONTEXT(2) 
PARAMETRIC_REPRESENTATION_CONTEXT() REPRESENTATION_CONTEXT('2D SPACE',''
  ) );
#2574 = ORIENTED_EDGE('',*,*,#2575,.T.);
#2575 = EDGE_CURVE('',#2553,#2576,#2578,.T.);
#2576 = VERTEX_POINT('',#2577);
#2577 = CARTESIAN_POINT('',(25.03165,-10.690837,1.6));
#2578 = SURFACE_CURVE('',#2579,(#2583,#2590),.PCURVE_S1.);
#2579 = LINE('',#2580,#2581);
#2580 = CARTESIAN_POINT('',(25.124784,-10.367563,1.6));
#2581 = VECTOR('',#2582,1.);
#2582 = DIRECTION('',(-0.276836513242,-0.960917033326,0.));
#2583 = PCURVE('',#90,#2584);
#2584 = DEFINITIONAL_REPRESENTATION('',(#2585),#2589);
#2585 = LINE('',#2586,#2587);
#2586 = CARTESIAN_POINT('',(-25.124784,-10.367563));
#2587 = VECTOR('',#2588,1.);
#2588 = DIRECTION('',(0.276836513242,-0.960917033326));
#2589 = ( GEOMETRIC_REPRESENTATION_CONTEXT(2) 
PARAMETRIC_REPRESENTATION_CONTEXT() REPRESENTATION_CONTEXT('2D SPACE',''
  ) );
#2590 = PCURVE('',#716,#2591);
#2591 = DEFINITIONAL_REPRESENTATION('',(#2592),#2596);
#2592 = LINE('',#2593,#2594);
#2593 = CARTESIAN_POINT('',(0.,-1.6));
#2594 = VECTOR('',#2595,1.);
#2595 = DIRECTION('',(1.,0.));
#2596 = ( GEOMETRIC_REPRESENTATION_CONTEXT(2) 
PARAMETRIC_REPRESENTATION_CONTEXT() REPRESENTATION_CONTEXT('2D SPACE',''
  ) );
#2597 = ORIENTED_EDGE('',*,*,#2598,.T.);
#2598 = EDGE_CURVE('',#2576,#2599,#2601,.T.);
#2599 = VERTEX_POINT('',#2600);
#2600 = CARTESIAN_POINT('',(24.902907,-11.001651,1.6));
#2601 = SURFACE_CURVE('',#2602,(#2606,#2613),.PCURVE_S1.);
#2602 = LINE('',#2603,#2604);
#2603 = CARTESIAN_POINT('',(25.03165,-10.690837,1.6));
#2604 = VECTOR('',#2605,1.);
#2605 = DIRECTION('',(-0.382682483027,-0.92387992574,0.));
#2606 = PCURVE('',#90,#2607);
#2607 = DEFINITIONAL_REPRESENTATION('',(#2608),#2612);
#2608 = LINE('',#2609,#2610);
#2609 = CARTESIAN_POINT('',(-25.03165,-10.690837));
#2610 = VECTOR('',#2611,1.);
#2611 = DIRECTION('',(0.382682483027,-0.92387992574));
#2612 = ( GEOMETRIC_REPRESENTATION_CONTEXT(2) 
PARAMETRIC_REPRESENTATION_CONTEXT() REPRESENTATION_CONTEXT('2D SPACE',''
  ) );
#2613 = PCURVE('',#744,#2614);
#2614 = DEFINITIONAL_REPRESENTATION('',(#2615),#2619);
#2615 = LINE('',#2616,#2617);
#2616 = CARTESIAN_POINT('',(0.,-1.6));
#2617 = VECTOR('',#2618,1.);
#2618 = DIRECTION('',(1.,0.));
#2619 = ( GEOMETRIC_REPRESENTATION_CONTEXT(2) 
PARAMETRIC_REPRESENTATION_CONTEXT() REPRESENTATION_CONTEXT('2D SPACE',''
  ) );
#2620 = ORIENTED_EDGE('',*,*,#2621,.T.);
#2621 = EDGE_CURVE('',#2599,#2622,#2624,.T.);
#2622 = VERTEX_POINT('',#2623);
#2623 = CARTESIAN_POINT('',(24.740173,-11.296096,1.6));
#2624 = SURFACE_CURVE('',#2625,(#2629,#2636),.PCURVE_S1.);
#2625 = LINE('',#2626,#2627);
#2626 = CARTESIAN_POINT('',(24.902907,-11.001651,1.6));
#2627 = VECTOR('',#2628,1.);
#2628 = DIRECTION('',(-0.483718888737,-0.875223421007,0.));
#2629 = PCURVE('',#90,#2630);
#2630 = DEFINITIONAL_REPRESENTATION('',(#2631),#2635);
#2631 = LINE('',#2632,#2633);
#2632 = CARTESIAN_POINT('',(-24.902907,-11.001651));
#2633 = VECTOR('',#2634,1.);
#2634 = DIRECTION('',(0.483718888737,-0.875223421007));
#2635 = ( GEOMETRIC_REPRESENTATION_CONTEXT(2) 
PARAMETRIC_REPRESENTATION_CONTEXT() REPRESENTATION_CONTEXT('2D SPACE',''
  ) );
#2636 = PCURVE('',#772,#2637);
#2637 = DEFINITIONAL_REPRESENTATION('',(#2638),#2642);
#2638 = LINE('',#2639,#2640);
#2639 = CARTESIAN_POINT('',(0.,-1.6));
#2640 = VECTOR('',#2641,1.);
#2641 = DIRECTION('',(1.,0.));
#2642 = ( GEOMETRIC_REPRESENTATION_CONTEXT(2) 
PARAMETRIC_REPRESENTATION_CONTEXT() REPRESENTATION_CONTEXT('2D SPACE',''
  ) );
#2643 = ORIENTED_EDGE('',*,*,#2644,.T.);
#2644 = EDGE_CURVE('',#2622,#2645,#2647,.T.);
#2645 = VERTEX_POINT('',#2646);
#2646 = CARTESIAN_POINT('',(24.545494,-11.570469,1.6));
#2647 = SURFACE_CURVE('',#2648,(#2652,#2659),.PCURVE_S1.);
#2648 = LINE('',#2649,#2650);
#2649 = CARTESIAN_POINT('',(24.740173,-11.296096,1.6));
#2650 = VECTOR('',#2651,1.);
#2651 = DIRECTION('',(-0.578673223091,-0.815559501739,0.));
#2652 = PCURVE('',#90,#2653);
#2653 = DEFINITIONAL_REPRESENTATION('',(#2654),#2658);
#2654 = LINE('',#2655,#2656);
#2655 = CARTESIAN_POINT('',(-24.740173,-11.296096));
#2656 = VECTOR('',#2657,1.);
#2657 = DIRECTION('',(0.578673223091,-0.815559501739));
#2658 = ( GEOMETRIC_REPRESENTATION_CONTEXT(2) 
PARAMETRIC_REPRESENTATION_CONTEXT() REPRESENTATION_CONTEXT('2D SPACE',''
  ) );
#2659 = PCURVE('',#800,#2660);
#2660 = DEFINITIONAL_REPRESENTATION('',(#2661),#2665);
#2661 = LINE('',#2662,#2663);
#2662 = CARTESIAN_POINT('',(0.,-1.6));
#2663 = VECTOR('',#2664,1.);
#2664 = DIRECTION('',(1.,0.));
#2665 = ( GEOMETRIC_REPRESENTATION_CONTEXT(2) 
PARAMETRIC_REPRESENTATION_CONTEXT() REPRESENTATION_CONTEXT('2D SPACE',''
  ) );
#2666 = ORIENTED_EDGE('',*,*,#2667,.T.);
#2667 = EDGE_CURVE('',#2645,#2668,#2670,.T.);
#2668 = VERTEX_POINT('',#2669);
#2669 = CARTESIAN_POINT('',(24.32132,-11.82132,1.6));
#2670 = SURFACE_CURVE('',#2671,(#2675,#2682),.PCURVE_S1.);
#2671 = LINE('',#2672,#2673);
#2672 = CARTESIAN_POINT('',(24.545494,-11.570469,1.6));
#2673 = VECTOR('',#2674,1.);
#2674 = DIRECTION('',(-0.666346314744,-0.7456424001,0.));
#2675 = PCURVE('',#90,#2676);
#2676 = DEFINITIONAL_REPRESENTATION('',(#2677),#2681);
#2677 = LINE('',#2678,#2679);
#2678 = CARTESIAN_POINT('',(-24.545494,-11.570469));
#2679 = VECTOR('',#2680,1.);
#2680 = DIRECTION('',(0.666346314744,-0.7456424001));
#2681 = ( GEOMETRIC_REPRESENTATION_CONTEXT(2) 
PARAMETRIC_REPRESENTATION_CONTEXT() REPRESENTATION_CONTEXT('2D SPACE',''
  ) );
#2682 = PCURVE('',#828,#2683);
#2683 = DEFINITIONAL_REPRESENTATION('',(#2684),#2688);
#2684 = LINE('',#2685,#2686);
#2685 = CARTESIAN_POINT('',(0.,-1.6));
#2686 = VECTOR('',#2687,1.);
#2687 = DIRECTION('',(1.,0.));
#2688 = ( GEOMETRIC_REPRESENTATION_CONTEXT(2) 
PARAMETRIC_REPRESENTATION_CONTEXT() REPRESENTATION_CONTEXT('2D SPACE',''
  ) );
#2689 = ORIENTED_EDGE('',*,*,#2690,.T.);
#2690 = EDGE_CURVE('',#2668,#2691,#2693,.T.);
#2691 = VERTEX_POINT('',#2692);
#2692 = CARTESIAN_POINT('',(24.070469,-12.045494,1.6));
#2693 = SURFACE_CURVE('',#2694,(#2698,#2705),.PCURVE_S1.);
#2694 = LINE('',#2695,#2696);
#2695 = CARTESIAN_POINT('',(24.32132,-11.82132,1.6));
#2696 = VECTOR('',#2697,1.);
#2697 = DIRECTION('',(-0.7456424001,-0.666346314744,0.));
#2698 = PCURVE('',#90,#2699);
#2699 = DEFINITIONAL_REPRESENTATION('',(#2700),#2704);
#2700 = LINE('',#2701,#2702);
#2701 = CARTESIAN_POINT('',(-24.32132,-11.82132));
#2702 = VECTOR('',#2703,1.);
#2703 = DIRECTION('',(0.7456424001,-0.666346314744));
#2704 = ( GEOMETRIC_REPRESENTATION_CONTEXT(2) 
PARAMETRIC_REPRESENTATION_CONTEXT() REPRESENTATION_CONTEXT('2D SPACE',''
  ) );
#2705 = PCURVE('',#856,#2706);
#2706 = DEFINITIONAL_REPRESENTATION('',(#2707),#2711);
#2707 = LINE('',#2708,#2709);
#2708 = CARTESIAN_POINT('',(0.,-1.6));
#2709 = VECTOR('',#2710,1.);
#2710 = DIRECTION('',(1.,0.));
#2711 = ( GEOMETRIC_REPRESENTATION_CONTEXT(2) 
PARAMETRIC_REPRESENTATION_CONTEXT() REPRESENTATION_CONTEXT('2D SPACE',''
  ) );
#2712 = ORIENTED_EDGE('',*,*,#2713,.T.);
#2713 = EDGE_CURVE('',#2691,#2714,#2716,.T.);
#2714 = VERTEX_POINT('',#2715);
#2715 = CARTESIAN_POINT('',(23.796096,-12.240173,1.6));
#2716 = SURFACE_CURVE('',#2717,(#2721,#2728),.PCURVE_S1.);
#2717 = LINE('',#2718,#2719);
#2718 = CARTESIAN_POINT('',(24.070469,-12.045494,1.6));
#2719 = VECTOR('',#2720,1.);
#2720 = DIRECTION('',(-0.815559501739,-0.578673223091,0.));
#2721 = PCURVE('',#90,#2722);
#2722 = DEFINITIONAL_REPRESENTATION('',(#2723),#2727);
#2723 = LINE('',#2724,#2725);
#2724 = CARTESIAN_POINT('',(-24.070469,-12.045494));
#2725 = VECTOR('',#2726,1.);
#2726 = DIRECTION('',(0.815559501739,-0.578673223091));
#2727 = ( GEOMETRIC_REPRESENTATION_CONTEXT(2) 
PARAMETRIC_REPRESENTATION_CONTEXT() REPRESENTATION_CONTEXT('2D SPACE',''
  ) );
#2728 = PCURVE('',#884,#2729);
#2729 = DEFINITIONAL_REPRESENTATION('',(#2730),#2734);
#2730 = LINE('',#2731,#2732);
#2731 = CARTESIAN_POINT('',(0.,-1.6));
#2732 = VECTOR('',#2733,1.);
#2733 = DIRECTION('',(1.,0.));
#2734 = ( GEOMETRIC_REPRESENTATION_CONTEXT(2) 
PARAMETRIC_REPRESENTATION_CONTEXT() REPRESENTATION_CONTEXT('2D SPACE',''
  ) );
#2735 = ORIENTED_EDGE('',*,*,#2736,.T.);
#2736 = EDGE_CURVE('',#2714,#2737,#2739,.T.);
#2737 = VERTEX_POINT('',#2738);
#2738 = CARTESIAN_POINT('',(23.501651,-12.402907,1.6));
#2739 = SURFACE_CURVE('',#2740,(#2744,#2751),.PCURVE_S1.);
#2740 = LINE('',#2741,#2742);
#2741 = CARTESIAN_POINT('',(23.796096,-12.240173,1.6));
#2742 = VECTOR('',#2743,1.);
#2743 = DIRECTION('',(-0.875223421007,-0.483718888737,0.));
#2744 = PCURVE('',#90,#2745);
#2745 = DEFINITIONAL_REPRESENTATION('',(#2746),#2750);
#2746 = LINE('',#2747,#2748);
#2747 = CARTESIAN_POINT('',(-23.796096,-12.240173));
#2748 = VECTOR('',#2749,1.);
#2749 = DIRECTION('',(0.875223421007,-0.483718888737));
#2750 = ( GEOMETRIC_REPRESENTATION_CONTEXT(2) 
PARAMETRIC_REPRESENTATION_CONTEXT() REPRESENTATION_CONTEXT('2D SPACE',''
  ) );
#2751 = PCURVE('',#912,#2752);
#2752 = DEFINITIONAL_REPRESENTATION('',(#2753),#2757);
#2753 = LINE('',#2754,#2755);
#2754 = CARTESIAN_POINT('',(0.,-1.6));
#2755 = VECTOR('',#2756,1.);
#2756 = DIRECTION('',(1.,0.));
#2757 = ( GEOMETRIC_REPRESENTATION_CONTEXT(2) 
PARAMETRIC_REPRESENTATION_CONTEXT() REPRESENTATION_CONTEXT('2D SPACE',''
  ) );
#2758 = ORIENTED_EDGE('',*,*,#2759,.T.);
#2759 = EDGE_CURVE('',#2737,#2760,#2762,.T.);
#2760 = VERTEX_POINT('',#2761);
#2761 = CARTESIAN_POINT('',(23.190837,-12.53165,1.6));
#2762 = SURFACE_CURVE('',#2763,(#2767,#2774),.PCURVE_S1.);
#2763 = LINE('',#2764,#2765);
#2764 = CARTESIAN_POINT('',(23.501651,-12.402907,1.6));
#2765 = VECTOR('',#2766,1.);
#2766 = DIRECTION('',(-0.92387992574,-0.382682483027,0.));
#2767 = PCURVE('',#90,#2768);
#2768 = DEFINITIONAL_REPRESENTATION('',(#2769),#2773);
#2769 = LINE('',#2770,#2771);
#2770 = CARTESIAN_POINT('',(-23.501651,-12.402907));
#2771 = VECTOR('',#2772,1.);
#2772 = DIRECTION('',(0.92387992574,-0.382682483027));
#2773 = ( GEOMETRIC_REPRESENTATION_CONTEXT(2) 
PARAMETRIC_REPRESENTATION_CONTEXT() REPRESENTATION_CONTEXT('2D SPACE',''
  ) );
#2774 = PCURVE('',#940,#2775);
#2775 = DEFINITIONAL_REPRESENTATION('',(#2776),#2780);
#2776 = LINE('',#2777,#2778);
#2777 = CARTESIAN_POINT('',(0.,-1.6));
#2778 = VECTOR('',#2779,1.);
#2779 = DIRECTION('',(1.,0.));
#2780 = ( GEOMETRIC_REPRESENTATION_CONTEXT(2) 
PARAMETRIC_REPRESENTATION_CONTEXT() REPRESENTATION_CONTEXT('2D SPACE',''
  ) );
#2781 = ORIENTED_EDGE('',*,*,#2782,.T.);
#2782 = EDGE_CURVE('',#2760,#2783,#2785,.T.);
#2783 = VERTEX_POINT('',#2784);
#2784 = CARTESIAN_POINT('',(22.867563,-12.624784,1.6));
#2785 = SURFACE_CURVE('',#2786,(#2790,#2797),.PCURVE_S1.);
#2786 = LINE('',#2787,#2788);
#2787 = CARTESIAN_POINT('',(23.190837,-12.53165,1.6));
#2788 = VECTOR('',#2789,1.);
#2789 = DIRECTION('',(-0.960917033326,-0.276836513242,0.));
#2790 = PCURVE('',#90,#2791);
#2791 = DEFINITIONAL_REPRESENTATION('',(#2792),#2796);
#2792 = LINE('',#2793,#2794);
#2793 = CARTESIAN_POINT('',(-23.190837,-12.53165));
#2794 = VECTOR('',#2795,1.);
#2795 = DIRECTION('',(0.960917033326,-0.276836513242));
#2796 = ( GEOMETRIC_REPRESENTATION_CONTEXT(2) 
PARAMETRIC_REPRESENTATION_CONTEXT() REPRESENTATION_CONTEXT('2D SPACE',''
  ) );
#2797 = PCURVE('',#968,#2798);
#2798 = DEFINITIONAL_REPRESENTATION('',(#2799),#2803);
#2799 = LINE('',#2800,#2801);
#2800 = CARTESIAN_POINT('',(0.,-1.6));
#2801 = VECTOR('',#2802,1.);
#2802 = DIRECTION('',(1.,0.));
#2803 = ( GEOMETRIC_REPRESENTATION_CONTEXT(2) 
PARAMETRIC_REPRESENTATION_CONTEXT() REPRESENTATION_CONTEXT('2D SPACE',''
  ) );
#2804 = ORIENTED_EDGE('',*,*,#2805,.T.);
#2805 = EDGE_CURVE('',#2783,#2806,#2808,.T.);
#2806 = VERTEX_POINT('',#2807);
#2807 = CARTESIAN_POINT('',(22.535893,-12.681137,1.6));
#2808 = SURFACE_CURVE('',#2809,(#2813,#2820),.PCURVE_S1.);
#2809 = LINE('',#2810,#2811);
#2810 = CARTESIAN_POINT('',(22.867563,-12.624784,1.6));
#2811 = VECTOR('',#2812,1.);
#2812 = DIRECTION('',(-0.985871018308,-0.167506224545,0.));
#2813 = PCURVE('',#90,#2814);
#2814 = DEFINITIONAL_REPRESENTATION('',(#2815),#2819);
#2815 = LINE('',#2816,#2817);
#2816 = CARTESIAN_POINT('',(-22.867563,-12.624784));
#2817 = VECTOR('',#2818,1.);
#2818 = DIRECTION('',(0.985871018308,-0.167506224545));
#2819 = ( GEOMETRIC_REPRESENTATION_CONTEXT(2) 
PARAMETRIC_REPRESENTATION_CONTEXT() REPRESENTATION_CONTEXT('2D SPACE',''
  ) );
#2820 = PCURVE('',#996,#2821);
#2821 = DEFINITIONAL_REPRESENTATION('',(#2822),#2826);
#2822 = LINE('',#2823,#2824);
#2823 = CARTESIAN_POINT('',(0.,-1.6));
#2824 = VECTOR('',#2825,1.);
#2825 = DIRECTION('',(1.,0.));
#2826 = ( GEOMETRIC_REPRESENTATION_CONTEXT(2) 
PARAMETRIC_REPRESENTATION_CONTEXT() REPRESENTATION_CONTEXT('2D SPACE',''
  ) );
#2827 = ORIENTED_EDGE('',*,*,#2828,.T.);
#2828 = EDGE_CURVE('',#2806,#2829,#2831,.T.);
#2829 = VERTEX_POINT('',#2830);
#2830 = CARTESIAN_POINT('',(22.2,-12.7,1.6));
#2831 = SURFACE_CURVE('',#2832,(#2836,#2843),.PCURVE_S1.);
#2832 = LINE('',#2833,#2834);
#2833 = CARTESIAN_POINT('',(22.535893,-12.681137,1.6));
#2834 = VECTOR('',#2835,1.);
#2835 = DIRECTION('',(-0.998426872638,-5.606942121022E-02,0.));
#2836 = PCURVE('',#90,#2837);
#2837 = DEFINITIONAL_REPRESENTATION('',(#2838),#2842);
#2838 = LINE('',#2839,#2840);
#2839 = CARTESIAN_POINT('',(-22.535893,-12.681137));
#2840 = VECTOR('',#2841,1.);
#2841 = DIRECTION('',(0.998426872638,-5.606942121022E-02));
#2842 = ( GEOMETRIC_REPRESENTATION_CONTEXT(2) 
PARAMETRIC_REPRESENTATION_CONTEXT() REPRESENTATION_CONTEXT('2D SPACE',''
  ) );
#2843 = PCURVE('',#1024,#2844);
#2844 = DEFINITIONAL_REPRESENTATION('',(#2845),#2849);
#2845 = LINE('',#2846,#2847);
#2846 = CARTESIAN_POINT('',(0.,-1.6));
#2847 = VECTOR('',#2848,1.);
#2848 = DIRECTION('',(1.,0.));
#2849 = ( GEOMETRIC_REPRESENTATION_CONTEXT(2) 
PARAMETRIC_REPRESENTATION_CONTEXT() REPRESENTATION_CONTEXT('2D SPACE',''
  ) );
#2850 = ORIENTED_EDGE('',*,*,#2851,.T.);
#2851 = EDGE_CURVE('',#2829,#2852,#2854,.T.);
#2852 = VERTEX_POINT('',#2853);
#2853 = CARTESIAN_POINT('',(-22.2,-12.7,1.6));
#2854 = SURFACE_CURVE('',#2855,(#2859,#2866),.PCURVE_S1.);
#2855 = LINE('',#2856,#2857);
#2856 = CARTESIAN_POINT('',(22.2,-12.7,1.6));
#2857 = VECTOR('',#2858,1.);
#2858 = DIRECTION('',(-1.,0.,0.));
#2859 = PCURVE('',#90,#2860);
#2860 = DEFINITIONAL_REPRESENTATION('',(#2861),#2865);
#2861 = LINE('',#2862,#2863);
#2862 = CARTESIAN_POINT('',(-22.2,-12.7));
#2863 = VECTOR('',#2864,1.);
#2864 = DIRECTION('',(1.,0.));
#2865 = ( GEOMETRIC_REPRESENTATION_CONTEXT(2) 
PARAMETRIC_REPRESENTATION_CONTEXT() REPRESENTATION_CONTEXT('2D SPACE',''
  ) );
#2866 = PCURVE('',#1052,#2867);
#2867 = DEFINITIONAL_REPRESENTATION('',(#2868),#2872);
#2868 = LINE('',#2869,#2870);
#2869 = CARTESIAN_POINT('',(0.,-1.6));
#2870 = VECTOR('',#2871,1.);
#2871 = DIRECTION('',(1.,0.));
#2872 = ( GEOMETRIC_REPRESENTATION_CONTEXT(2) 
PARAMETRIC_REPRESENTATION_CONTEXT() REPRESENTATION_CONTEXT('2D SPACE',''
  ) );
#2873 = ORIENTED_EDGE('',*,*,#2874,.T.);
#2874 = EDGE_CURVE('',#2852,#2875,#2877,.T.);
#2875 = VERTEX_POINT('',#2876);
#2876 = CARTESIAN_POINT('',(-22.535893,-12.681137,1.6));
#2877 = SURFACE_CURVE('',#2878,(#2882,#2889),.PCURVE_S1.);
#2878 = LINE('',#2879,#2880);
#2879 = CARTESIAN_POINT('',(-22.2,-12.7,1.6));
#2880 = VECTOR('',#2881,1.);
#2881 = DIRECTION('',(-0.998426872638,5.606942121022E-02,0.));
#2882 = PCURVE('',#90,#2883);
#2883 = DEFINITIONAL_REPRESENTATION('',(#2884),#2888);
#2884 = LINE('',#2885,#2886);
#2885 = CARTESIAN_POINT('',(22.2,-12.7));
#2886 = VECTOR('',#2887,1.);
#2887 = DIRECTION('',(0.998426872638,5.606942121022E-02));
#2888 = ( GEOMETRIC_REPRESENTATION_CONTEXT(2) 
PARAMETRIC_REPRESENTATION_CONTEXT() REPRESENTATION_CONTEXT('2D SPACE',''
  ) );
#2889 = PCURVE('',#1080,#2890);
#2890 = DEFINITIONAL_REPRESENTATION('',(#2891),#2895);
#2891 = LINE('',#2892,#2893);
#2892 = CARTESIAN_POINT('',(0.,-1.6));
#2893 = VECTOR('',#2894,1.);
#2894 = DIRECTION('',(1.,0.));
#2895 = ( GEOMETRIC_REPRESENTATION_CONTEXT(2) 
PARAMETRIC_REPRESENTATION_CONTEXT() REPRESENTATION_CONTEXT('2D SPACE',''
  ) );
#2896 = ORIENTED_EDGE('',*,*,#2897,.T.);
#2897 = EDGE_CURVE('',#2875,#2898,#2900,.T.);
#2898 = VERTEX_POINT('',#2899);
#2899 = CARTESIAN_POINT('',(-22.867563,-12.624784,1.6));
#2900 = SURFACE_CURVE('',#2901,(#2905,#2912),.PCURVE_S1.);
#2901 = LINE('',#2902,#2903);
#2902 = CARTESIAN_POINT('',(-22.535893,-12.681137,1.6));
#2903 = VECTOR('',#2904,1.);
#2904 = DIRECTION('',(-0.985871018308,0.167506224545,0.));
#2905 = PCURVE('',#90,#2906);
#2906 = DEFINITIONAL_REPRESENTATION('',(#2907),#2911);
#2907 = LINE('',#2908,#2909);
#2908 = CARTESIAN_POINT('',(22.535893,-12.681137));
#2909 = VECTOR('',#2910,1.);
#2910 = DIRECTION('',(0.985871018308,0.167506224545));
#2911 = ( GEOMETRIC_REPRESENTATION_CONTEXT(2) 
PARAMETRIC_REPRESENTATION_CONTEXT() REPRESENTATION_CONTEXT('2D SPACE',''
  ) );
#2912 = PCURVE('',#1108,#2913);
#2913 = DEFINITIONAL_REPRESENTATION('',(#2914),#2918);
#2914 = LINE('',#2915,#2916);
#2915 = CARTESIAN_POINT('',(0.,-1.6));
#2916 = VECTOR('',#2917,1.);
#2917 = DIRECTION('',(1.,0.));
#2918 = ( GEOMETRIC_REPRESENTATION_CONTEXT(2) 
PARAMETRIC_REPRESENTATION_CONTEXT() REPRESENTATION_CONTEXT('2D SPACE',''
  ) );
#2919 = ORIENTED_EDGE('',*,*,#2920,.T.);
#2920 = EDGE_CURVE('',#2898,#2921,#2923,.T.);
#2921 = VERTEX_POINT('',#2922);
#2922 = CARTESIAN_POINT('',(-23.190837,-12.53165,1.6));
#2923 = SURFACE_CURVE('',#2924,(#2928,#2935),.PCURVE_S1.);
#2924 = LINE('',#2925,#2926);
#2925 = CARTESIAN_POINT('',(-22.867563,-12.624784,1.6));
#2926 = VECTOR('',#2927,1.);
#2927 = DIRECTION('',(-0.960917033326,0.276836513242,0.));
#2928 = PCURVE('',#90,#2929);
#2929 = DEFINITIONAL_REPRESENTATION('',(#2930),#2934);
#2930 = LINE('',#2931,#2932);
#2931 = CARTESIAN_POINT('',(22.867563,-12.624784));
#2932 = VECTOR('',#2933,1.);
#2933 = DIRECTION('',(0.960917033326,0.276836513242));
#2934 = ( GEOMETRIC_REPRESENTATION_CONTEXT(2) 
PARAMETRIC_REPRESENTATION_CONTEXT() REPRESENTATION_CONTEXT('2D SPACE',''
  ) );
#2935 = PCURVE('',#1136,#2936);
#2936 = DEFINITIONAL_REPRESENTATION('',(#2937),#2941);
#2937 = LINE('',#2938,#2939);
#2938 = CARTESIAN_POINT('',(0.,-1.6));
#2939 = VECTOR('',#2940,1.);
#2940 = DIRECTION('',(1.,0.));
#2941 = ( GEOMETRIC_REPRESENTATION_CONTEXT(2) 
PARAMETRIC_REPRESENTATION_CONTEXT() REPRESENTATION_CONTEXT('2D SPACE',''
  ) );
#2942 = ORIENTED_EDGE('',*,*,#2943,.T.);
#2943 = EDGE_CURVE('',#2921,#2944,#2946,.T.);
#2944 = VERTEX_POINT('',#2945);
#2945 = CARTESIAN_POINT('',(-23.501651,-12.402907,1.6));
#2946 = SURFACE_CURVE('',#2947,(#2951,#2958),.PCURVE_S1.);
#2947 = LINE('',#2948,#2949);
#2948 = CARTESIAN_POINT('',(-23.190837,-12.53165,1.6));
#2949 = VECTOR('',#2950,1.);
#2950 = DIRECTION('',(-0.92387992574,0.382682483027,0.));
#2951 = PCURVE('',#90,#2952);
#2952 = DEFINITIONAL_REPRESENTATION('',(#2953),#2957);
#2953 = LINE('',#2954,#2955);
#2954 = CARTESIAN_POINT('',(23.190837,-12.53165));
#2955 = VECTOR('',#2956,1.);
#2956 = DIRECTION('',(0.92387992574,0.382682483027));
#2957 = ( GEOMETRIC_REPRESENTATION_CONTEXT(2) 
PARAMETRIC_REPRESENTATION_CONTEXT() REPRESENTATION_CONTEXT('2D SPACE',''
  ) );
#2958 = PCURVE('',#1164,#2959);
#2959 = DEFINITIONAL_REPRESENTATION('',(#2960),#2964);
#2960 = LINE('',#2961,#2962);
#2961 = CARTESIAN_POINT('',(0.,-1.6));
#2962 = VECTOR('',#2963,1.);
#2963 = DIRECTION('',(1.,0.));
#2964 = ( GEOMETRIC_REPRESENTATION_CONTEXT(2) 
PARAMETRIC_REPRESENTATION_CONTEXT() REPRESENTATION_CONTEXT('2D SPACE',''
  ) );
#2965 = ORIENTED_EDGE('',*,*,#2966,.T.);
#2966 = EDGE_CURVE('',#2944,#2967,#2969,.T.);
#2967 = VERTEX_POINT('',#2968);
#2968 = CARTESIAN_POINT('',(-23.796096,-12.240173,1.6));
#2969 = SURFACE_CURVE('',#2970,(#2974,#2981),.PCURVE_S1.);
#2970 = LINE('',#2971,#2972);
#2971 = CARTESIAN_POINT('',(-23.501651,-12.402907,1.6));
#2972 = VECTOR('',#2973,1.);
#2973 = DIRECTION('',(-0.875223421007,0.483718888737,0.));
#2974 = PCURVE('',#90,#2975);
#2975 = DEFINITIONAL_REPRESENTATION('',(#2976),#2980);
#2976 = LINE('',#2977,#2978);
#2977 = CARTESIAN_POINT('',(23.501651,-12.402907));
#2978 = VECTOR('',#2979,1.);
#2979 = DIRECTION('',(0.875223421007,0.483718888737));
#2980 = ( GEOMETRIC_REPRESENTATION_CONTEXT(2) 
PARAMETRIC_REPRESENTATION_CONTEXT() REPRESENTATION_CONTEXT('2D SPACE',''
  ) );
#2981 = PCURVE('',#1192,#2982);
#2982 = DEFINITIONAL_REPRESENTATION('',(#2983),#2987);
#2983 = LINE('',#2984,#2985);
#2984 = CARTESIAN_POINT('',(0.,-1.6));
#2985 = VECTOR('',#2986,1.);
#2986 = DIRECTION('',(1.,0.));
#2987 = ( GEOMETRIC_REPRESENTATION_CONTEXT(2) 
PARAMETRIC_REPRESENTATION_CONTEXT() REPRESENTATION_CONTEXT('2D SPACE',''
  ) );
#2988 = ORIENTED_EDGE('',*,*,#2989,.T.);
#2989 = EDGE_CURVE('',#2967,#2990,#2992,.T.);
#2990 = VERTEX_POINT('',#2991);
#2991 = CARTESIAN_POINT('',(-24.070469,-12.045494,1.6));
#2992 = SURFACE_CURVE('',#2993,(#2997,#3004),.PCURVE_S1.);
#2993 = LINE('',#2994,#2995);
#2994 = CARTESIAN_POINT('',(-23.796096,-12.240173,1.6));
#2995 = VECTOR('',#2996,1.);
#2996 = DIRECTION('',(-0.815559501739,0.578673223091,0.));
#2997 = PCURVE('',#90,#2998);
#2998 = DEFINITIONAL_REPRESENTATION('',(#2999),#3003);
#2999 = LINE('',#3000,#3001);
#3000 = CARTESIAN_POINT('',(23.796096,-12.240173));
#3001 = VECTOR('',#3002,1.);
#3002 = DIRECTION('',(0.815559501739,0.578673223091));
#3003 = ( GEOMETRIC_REPRESENTATION_CONTEXT(2) 
PARAMETRIC_REPRESENTATION_CONTEXT() REPRESENTATION_CONTEXT('2D SPACE',''
  ) );
#3004 = PCURVE('',#1220,#3005);
#3005 = DEFINITIONAL_REPRESENTATION('',(#3006),#3010);
#3006 = LINE('',#3007,#3008);
#3007 = CARTESIAN_POINT('',(0.,-1.6));
#3008 = VECTOR('',#3009,1.);
#3009 = DIRECTION('',(1.,0.));
#3010 = ( GEOMETRIC_REPRESENTATION_CONTEXT(2) 
PARAMETRIC_REPRESENTATION_CONTEXT() REPRESENTATION_CONTEXT('2D SPACE',''
  ) );
#3011 = ORIENTED_EDGE('',*,*,#3012,.T.);
#3012 = EDGE_CURVE('',#2990,#3013,#3015,.T.);
#3013 = VERTEX_POINT('',#3014);
#3014 = CARTESIAN_POINT('',(-24.32132,-11.82132,1.6));
#3015 = SURFACE_CURVE('',#3016,(#3020,#3027),.PCURVE_S1.);
#3016 = LINE('',#3017,#3018);
#3017 = CARTESIAN_POINT('',(-24.070469,-12.045494,1.6));
#3018 = VECTOR('',#3019,1.);
#3019 = DIRECTION('',(-0.7456424001,0.666346314744,0.));
#3020 = PCURVE('',#90,#3021);
#3021 = DEFINITIONAL_REPRESENTATION('',(#3022),#3026);
#3022 = LINE('',#3023,#3024);
#3023 = CARTESIAN_POINT('',(24.070469,-12.045494));
#3024 = VECTOR('',#3025,1.);
#3025 = DIRECTION('',(0.7456424001,0.666346314744));
#3026 = ( GEOMETRIC_REPRESENTATION_CONTEXT(2) 
PARAMETRIC_REPRESENTATION_CONTEXT() REPRESENTATION_CONTEXT('2D SPACE',''
  ) );
#3027 = PCURVE('',#1248,#3028);
#3028 = DEFINITIONAL_REPRESENTATION('',(#3029),#3033);
#3029 = LINE('',#3030,#3031);
#3030 = CARTESIAN_POINT('',(0.,-1.6));
#3031 = VECTOR('',#3032,1.);
#3032 = DIRECTION('',(1.,0.));
#3033 = ( GEOMETRIC_REPRESENTATION_CONTEXT(2) 
PARAMETRIC_REPRESENTATION_CONTEXT() REPRESENTATION_CONTEXT('2D SPACE',''
  ) );
#3034 = ORIENTED_EDGE('',*,*,#3035,.T.);
#3035 = EDGE_CURVE('',#3013,#3036,#3038,.T.);
#3036 = VERTEX_POINT('',#3037);
#3037 = CARTESIAN_POINT('',(-24.545494,-11.570469,1.6));
#3038 = SURFACE_CURVE('',#3039,(#3043,#3050),.PCURVE_S1.);
#3039 = LINE('',#3040,#3041);
#3040 = CARTESIAN_POINT('',(-24.32132,-11.82132,1.6));
#3041 = VECTOR('',#3042,1.);
#3042 = DIRECTION('',(-0.666346314744,0.7456424001,0.));
#3043 = PCURVE('',#90,#3044);
#3044 = DEFINITIONAL_REPRESENTATION('',(#3045),#3049);
#3045 = LINE('',#3046,#3047);
#3046 = CARTESIAN_POINT('',(24.32132,-11.82132));
#3047 = VECTOR('',#3048,1.);
#3048 = DIRECTION('',(0.666346314744,0.7456424001));
#3049 = ( GEOMETRIC_REPRESENTATION_CONTEXT(2) 
PARAMETRIC_REPRESENTATION_CONTEXT() REPRESENTATION_CONTEXT('2D SPACE',''
  ) );
#3050 = PCURVE('',#1276,#3051);
#3051 = DEFINITIONAL_REPRESENTATION('',(#3052),#3056);
#3052 = LINE('',#3053,#3054);
#3053 = CARTESIAN_POINT('',(0.,-1.6));
#3054 = VECTOR('',#3055,1.);
#3055 = DIRECTION('',(1.,0.));
#3056 = ( GEOMETRIC_REPRESENTATION_CONTEXT(2) 
PARAMETRIC_REPRESENTATION_CONTEXT() REPRESENTATION_CONTEXT('2D SPACE',''
  ) );
#3057 = ORIENTED_EDGE('',*,*,#3058,.T.);
#3058 = EDGE_CURVE('',#3036,#3059,#3061,.T.);
#3059 = VERTEX_POINT('',#3060);
#3060 = CARTESIAN_POINT('',(-24.740173,-11.296096,1.6));
#3061 = SURFACE_CURVE('',#3062,(#3066,#3073),.PCURVE_S1.);
#3062 = LINE('',#3063,#3064);
#3063 = CARTESIAN_POINT('',(-24.545494,-11.570469,1.6));
#3064 = VECTOR('',#3065,1.);
#3065 = DIRECTION('',(-0.578673223091,0.815559501739,0.));
#3066 = PCURVE('',#90,#3067);
#3067 = DEFINITIONAL_REPRESENTATION('',(#3068),#3072);
#3068 = LINE('',#3069,#3070);
#3069 = CARTESIAN_POINT('',(24.545494,-11.570469));
#3070 = VECTOR('',#3071,1.);
#3071 = DIRECTION('',(0.578673223091,0.815559501739));
#3072 = ( GEOMETRIC_REPRESENTATION_CONTEXT(2) 
PARAMETRIC_REPRESENTATION_CONTEXT() REPRESENTATION_CONTEXT('2D SPACE',''
  ) );
#3073 = PCURVE('',#1304,#3074);
#3074 = DEFINITIONAL_REPRESENTATION('',(#3075),#3079);
#3075 = LINE('',#3076,#3077);
#3076 = CARTESIAN_POINT('',(0.,-1.6));
#3077 = VECTOR('',#3078,1.);
#3078 = DIRECTION('',(1.,0.));
#3079 = ( GEOMETRIC_REPRESENTATION_CONTEXT(2) 
PARAMETRIC_REPRESENTATION_CONTEXT() REPRESENTATION_CONTEXT('2D SPACE',''
  ) );
#3080 = ORIENTED_EDGE('',*,*,#3081,.T.);
#3081 = EDGE_CURVE('',#3059,#3082,#3084,.T.);
#3082 = VERTEX_POINT('',#3083);
#3083 = CARTESIAN_POINT('',(-24.902907,-11.001651,1.6));
#3084 = SURFACE_CURVE('',#3085,(#3089,#3096),.PCURVE_S1.);
#3085 = LINE('',#3086,#3087);
#3086 = CARTESIAN_POINT('',(-24.740173,-11.296096,1.6));
#3087 = VECTOR('',#3088,1.);
#3088 = DIRECTION('',(-0.483718888737,0.875223421007,0.));
#3089 = PCURVE('',#90,#3090);
#3090 = DEFINITIONAL_REPRESENTATION('',(#3091),#3095);
#3091 = LINE('',#3092,#3093);
#3092 = CARTESIAN_POINT('',(24.740173,-11.296096));
#3093 = VECTOR('',#3094,1.);
#3094 = DIRECTION('',(0.483718888737,0.875223421007));
#3095 = ( GEOMETRIC_REPRESENTATION_CONTEXT(2) 
PARAMETRIC_REPRESENTATION_CONTEXT() REPRESENTATION_CONTEXT('2D SPACE',''
  ) );
#3096 = PCURVE('',#1332,#3097);
#3097 = DEFINITIONAL_REPRESENTATION('',(#3098),#3102);
#3098 = LINE('',#3099,#3100);
#3099 = CARTESIAN_POINT('',(0.,-1.6));
#3100 = VECTOR('',#3101,1.);
#3101 = DIRECTION('',(1.,0.));
#3102 = ( GEOMETRIC_REPRESENTATION_CONTEXT(2) 
PARAMETRIC_REPRESENTATION_CONTEXT() REPRESENTATION_CONTEXT('2D SPACE',''
  ) );
#3103 = ORIENTED_EDGE('',*,*,#3104,.T.);
#3104 = EDGE_CURVE('',#3082,#3105,#3107,.T.);
#3105 = VERTEX_POINT('',#3106);
#3106 = CARTESIAN_POINT('',(-25.03165,-10.690837,1.6));
#3107 = SURFACE_CURVE('',#3108,(#3112,#3119),.PCURVE_S1.);
#3108 = LINE('',#3109,#3110);
#3109 = CARTESIAN_POINT('',(-24.902907,-11.001651,1.6));
#3110 = VECTOR('',#3111,1.);
#3111 = DIRECTION('',(-0.382682483027,0.92387992574,0.));
#3112 = PCURVE('',#90,#3113);
#3113 = DEFINITIONAL_REPRESENTATION('',(#3114),#3118);
#3114 = LINE('',#3115,#3116);
#3115 = CARTESIAN_POINT('',(24.902907,-11.001651));
#3116 = VECTOR('',#3117,1.);
#3117 = DIRECTION('',(0.382682483027,0.92387992574));
#3118 = ( GEOMETRIC_REPRESENTATION_CONTEXT(2) 
PARAMETRIC_REPRESENTATION_CONTEXT() REPRESENTATION_CONTEXT('2D SPACE',''
  ) );
#3119 = PCURVE('',#1360,#3120);
#3120 = DEFINITIONAL_REPRESENTATION('',(#3121),#3125);
#3121 = LINE('',#3122,#3123);
#3122 = CARTESIAN_POINT('',(0.,-1.6));
#3123 = VECTOR('',#3124,1.);
#3124 = DIRECTION('',(1.,0.));
#3125 = ( GEOMETRIC_REPRESENTATION_CONTEXT(2) 
PARAMETRIC_REPRESENTATION_CONTEXT() REPRESENTATION_CONTEXT('2D SPACE',''
  ) );
#3126 = ORIENTED_EDGE('',*,*,#3127,.T.);
#3127 = EDGE_CURVE('',#3105,#3128,#3130,.T.);
#3128 = VERTEX_POINT('',#3129);
#3129 = CARTESIAN_POINT('',(-25.124784,-10.367563,1.6));
#3130 = SURFACE_CURVE('',#3131,(#3135,#3142),.PCURVE_S1.);
#3131 = LINE('',#3132,#3133);
#3132 = CARTESIAN_POINT('',(-25.03165,-10.690837,1.6));
#3133 = VECTOR('',#3134,1.);
#3134 = DIRECTION('',(-0.276836513242,0.960917033326,0.));
#3135 = PCURVE('',#90,#3136);
#3136 = DEFINITIONAL_REPRESENTATION('',(#3137),#3141);
#3137 = LINE('',#3138,#3139);
#3138 = CARTESIAN_POINT('',(25.03165,-10.690837));
#3139 = VECTOR('',#3140,1.);
#3140 = DIRECTION('',(0.276836513242,0.960917033326));
#3141 = ( GEOMETRIC_REPRESENTATION_CONTEXT(2) 
PARAMETRIC_REPRESENTATION_CONTEXT() REPRESENTATION_CONTEXT('2D SPACE',''
  ) );
#3142 = PCURVE('',#1388,#3143);
#3143 = DEFINITIONAL_REPRESENTATION('',(#3144),#3148);
#3144 = LINE('',#3145,#3146);
#3145 = CARTESIAN_POINT('',(0.,-1.6));
#3146 = VECTOR('',#3147,1.);
#3147 = DIRECTION('',(1.,0.));
#3148 = ( GEOMETRIC_REPRESENTATION_CONTEXT(2) 
PARAMETRIC_REPRESENTATION_CONTEXT() REPRESENTATION_CONTEXT('2D SPACE',''
  ) );
#3149 = ORIENTED_EDGE('',*,*,#3150,.T.);
#3150 = EDGE_CURVE('',#3128,#3151,#3153,.T.);
#3151 = VERTEX_POINT('',#3152);
#3152 = CARTESIAN_POINT('',(-25.181137,-10.035893,1.6));
#3153 = SURFACE_CURVE('',#3154,(#3158,#3165),.PCURVE_S1.);
#3154 = LINE('',#3155,#3156);
#3155 = CARTESIAN_POINT('',(-25.124784,-10.367563,1.6));
#3156 = VECTOR('',#3157,1.);
#3157 = DIRECTION('',(-0.167506224545,0.985871018308,0.));
#3158 = PCURVE('',#90,#3159);
#3159 = DEFINITIONAL_REPRESENTATION('',(#3160),#3164);
#3160 = LINE('',#3161,#3162);
#3161 = CARTESIAN_POINT('',(25.124784,-10.367563));
#3162 = VECTOR('',#3163,1.);
#3163 = DIRECTION('',(0.167506224545,0.985871018308));
#3164 = ( GEOMETRIC_REPRESENTATION_CONTEXT(2) 
PARAMETRIC_REPRESENTATION_CONTEXT() REPRESENTATION_CONTEXT('2D SPACE',''
  ) );
#3165 = PCURVE('',#1416,#3166);
#3166 = DEFINITIONAL_REPRESENTATION('',(#3167),#3171);
#3167 = LINE('',#3168,#3169);
#3168 = CARTESIAN_POINT('',(0.,-1.6));
#3169 = VECTOR('',#3170,1.);
#3170 = DIRECTION('',(1.,0.));
#3171 = ( GEOMETRIC_REPRESENTATION_CONTEXT(2) 
PARAMETRIC_REPRESENTATION_CONTEXT() REPRESENTATION_CONTEXT('2D SPACE',''
  ) );
#3172 = ORIENTED_EDGE('',*,*,#3173,.T.);
#3173 = EDGE_CURVE('',#3151,#3174,#3176,.T.);
#3174 = VERTEX_POINT('',#3175);
#3175 = CARTESIAN_POINT('',(-25.2,-9.7,1.6));
#3176 = SURFACE_CURVE('',#3177,(#3181,#3188),.PCURVE_S1.);
#3177 = LINE('',#3178,#3179);
#3178 = CARTESIAN_POINT('',(-25.181137,-10.035893,1.6));
#3179 = VECTOR('',#3180,1.);
#3180 = DIRECTION('',(-5.606942121022E-02,0.998426872638,0.));
#3181 = PCURVE('',#90,#3182);
#3182 = DEFINITIONAL_REPRESENTATION('',(#3183),#3187);
#3183 = LINE('',#3184,#3185);
#3184 = CARTESIAN_POINT('',(25.181137,-10.035893));
#3185 = VECTOR('',#3186,1.);
#3186 = DIRECTION('',(5.606942121022E-02,0.998426872638));
#3187 = ( GEOMETRIC_REPRESENTATION_CONTEXT(2) 
PARAMETRIC_REPRESENTATION_CONTEXT() REPRESENTATION_CONTEXT('2D SPACE',''
  ) );
#3188 = PCURVE('',#1444,#3189);
#3189 = DEFINITIONAL_REPRESENTATION('',(#3190),#3194);
#3190 = LINE('',#3191,#3192);
#3191 = CARTESIAN_POINT('',(0.,-1.6));
#3192 = VECTOR('',#3193,1.);
#3193 = DIRECTION('',(1.,0.));
#3194 = ( GEOMETRIC_REPRESENTATION_CONTEXT(2) 
PARAMETRIC_REPRESENTATION_CONTEXT() REPRESENTATION_CONTEXT('2D SPACE',''
  ) );
#3195 = ORIENTED_EDGE('',*,*,#3196,.T.);
#3196 = EDGE_CURVE('',#3174,#3197,#3199,.T.);
#3197 = VERTEX_POINT('',#3198);
#3198 = CARTESIAN_POINT('',(-25.2,9.7,1.6));
#3199 = SURFACE_CURVE('',#3200,(#3204,#3211),.PCURVE_S1.);
#3200 = LINE('',#3201,#3202);
#3201 = CARTESIAN_POINT('',(-25.2,-9.7,1.6));
#3202 = VECTOR('',#3203,1.);
#3203 = DIRECTION('',(0.,1.,0.));
#3204 = PCURVE('',#90,#3205);
#3205 = DEFINITIONAL_REPRESENTATION('',(#3206),#3210);
#3206 = LINE('',#3207,#3208);
#3207 = CARTESIAN_POINT('',(25.2,-9.7));
#3208 = VECTOR('',#3209,1.);
#3209 = DIRECTION('',(0.,1.));
#3210 = ( GEOMETRIC_REPRESENTATION_CONTEXT(2) 
PARAMETRIC_REPRESENTATION_CONTEXT() REPRESENTATION_CONTEXT('2D SPACE',''
  ) );
#3211 = PCURVE('',#1472,#3212);
#3212 = DEFINITIONAL_REPRESENTATION('',(#3213),#3217);
#3213 = LINE('',#3214,#3215);
#3214 = CARTESIAN_POINT('',(0.,-1.6));
#3215 = VECTOR('',#3216,1.);
#3216 = DIRECTION('',(1.,0.));
#3217 = ( GEOMETRIC_REPRESENTATION_CONTEXT(2) 
PARAMETRIC_REPRESENTATION_CONTEXT() REPRESENTATION_CONTEXT('2D SPACE',''
  ) );
#3218 = ORIENTED_EDGE('',*,*,#3219,.T.);
#3219 = EDGE_CURVE('',#3197,#3220,#3222,.T.);
#3220 = VERTEX_POINT('',#3221);
#3221 = CARTESIAN_POINT('',(-25.181137,10.035893,1.6));
#3222 = SURFACE_CURVE('',#3223,(#3227,#3234),.PCURVE_S1.);
#3223 = LINE('',#3224,#3225);
#3224 = CARTESIAN_POINT('',(-25.2,9.7,1.6));
#3225 = VECTOR('',#3226,1.);
#3226 = DIRECTION('',(5.606942121022E-02,0.998426872638,0.));
#3227 = PCURVE('',#90,#3228);
#3228 = DEFINITIONAL_REPRESENTATION('',(#3229),#3233);
#3229 = LINE('',#3230,#3231);
#3230 = CARTESIAN_POINT('',(25.2,9.7));
#3231 = VECTOR('',#3232,1.);
#3232 = DIRECTION('',(-5.606942121022E-02,0.998426872638));
#3233 = ( GEOMETRIC_REPRESENTATION_CONTEXT(2) 
PARAMETRIC_REPRESENTATION_CONTEXT() REPRESENTATION_CONTEXT('2D SPACE',''
  ) );
#3234 = PCURVE('',#1500,#3235);
#3235 = DEFINITIONAL_REPRESENTATION('',(#3236),#3240);
#3236 = LINE('',#3237,#3238);
#3237 = CARTESIAN_POINT('',(0.,-1.6));
#3238 = VECTOR('',#3239,1.);
#3239 = DIRECTION('',(1.,0.));
#3240 = ( GEOMETRIC_REPRESENTATION_CONTEXT(2) 
PARAMETRIC_REPRESENTATION_CONTEXT() REPRESENTATION_CONTEXT('2D SPACE',''
  ) );
#3241 = ORIENTED_EDGE('',*,*,#3242,.T.);
#3242 = EDGE_CURVE('',#3220,#3243,#3245,.T.);
#3243 = VERTEX_POINT('',#3244);
#3244 = CARTESIAN_POINT('',(-25.124784,10.367563,1.6));
#3245 = SURFACE_CURVE('',#3246,(#3250,#3257),.PCURVE_S1.);
#3246 = LINE('',#3247,#3248);
#3247 = CARTESIAN_POINT('',(-25.181137,10.035893,1.6));
#3248 = VECTOR('',#3249,1.);
#3249 = DIRECTION('',(0.167506224545,0.985871018308,0.));
#3250 = PCURVE('',#90,#3251);
#3251 = DEFINITIONAL_REPRESENTATION('',(#3252),#3256);
#3252 = LINE('',#3253,#3254);
#3253 = CARTESIAN_POINT('',(25.181137,10.035893));
#3254 = VECTOR('',#3255,1.);
#3255 = DIRECTION('',(-0.167506224545,0.985871018308));
#3256 = ( GEOMETRIC_REPRESENTATION_CONTEXT(2) 
PARAMETRIC_REPRESENTATION_CONTEXT() REPRESENTATION_CONTEXT('2D SPACE',''
  ) );
#3257 = PCURVE('',#1528,#3258);
#3258 = DEFINITIONAL_REPRESENTATION('',(#3259),#3263);
#3259 = LINE('',#3260,#3261);
#3260 = CARTESIAN_POINT('',(0.,-1.6));
#3261 = VECTOR('',#3262,1.);
#3262 = DIRECTION('',(1.,0.));
#3263 = ( GEOMETRIC_REPRESENTATION_CONTEXT(2) 
PARAMETRIC_REPRESENTATION_CONTEXT() REPRESENTATION_CONTEXT('2D SPACE',''
  ) );
#3264 = ORIENTED_EDGE('',*,*,#3265,.T.);
#3265 = EDGE_CURVE('',#3243,#3266,#3268,.T.);
#3266 = VERTEX_POINT('',#3267);
#3267 = CARTESIAN_POINT('',(-25.03165,10.690837,1.6));
#3268 = SURFACE_CURVE('',#3269,(#3273,#3280),.PCURVE_S1.);
#3269 = LINE('',#3270,#3271);
#3270 = CARTESIAN_POINT('',(-25.124784,10.367563,1.6));
#3271 = VECTOR('',#3272,1.);
#3272 = DIRECTION('',(0.276836513242,0.960917033326,0.));
#3273 = PCURVE('',#90,#3274);
#3274 = DEFINITIONAL_REPRESENTATION('',(#3275),#3279);
#3275 = LINE('',#3276,#3277);
#3276 = CARTESIAN_POINT('',(25.124784,10.367563));
#3277 = VECTOR('',#3278,1.);
#3278 = DIRECTION('',(-0.276836513242,0.960917033326));
#3279 = ( GEOMETRIC_REPRESENTATION_CONTEXT(2) 
PARAMETRIC_REPRESENTATION_CONTEXT() REPRESENTATION_CONTEXT('2D SPACE',''
  ) );
#3280 = PCURVE('',#1556,#3281);
#3281 = DEFINITIONAL_REPRESENTATION('',(#3282),#3286);
#3282 = LINE('',#3283,#3284);
#3283 = CARTESIAN_POINT('',(0.,-1.6));
#3284 = VECTOR('',#3285,1.);
#3285 = DIRECTION('',(1.,0.));
#3286 = ( GEOMETRIC_REPRESENTATION_CONTEXT(2) 
PARAMETRIC_REPRESENTATION_CONTEXT() REPRESENTATION_CONTEXT('2D SPACE',''
  ) );
#3287 = ORIENTED_EDGE('',*,*,#3288,.T.);
#3288 = EDGE_CURVE('',#3266,#3289,#3291,.T.);
#3289 = VERTEX_POINT('',#3290);
#3290 = CARTESIAN_POINT('',(-24.902907,11.001651,1.6));
#3291 = SURFACE_CURVE('',#3292,(#3296,#3303),.PCURVE_S1.);
#3292 = LINE('',#3293,#3294);
#3293 = CARTESIAN_POINT('',(-25.03165,10.690837,1.6));
#3294 = VECTOR('',#3295,1.);
#3295 = DIRECTION('',(0.382682483027,0.92387992574,0.));
#3296 = PCURVE('',#90,#3297);
#3297 = DEFINITIONAL_REPRESENTATION('',(#3298),#3302);
#3298 = LINE('',#3299,#3300);
#3299 = CARTESIAN_POINT('',(25.03165,10.690837));
#3300 = VECTOR('',#3301,1.);
#3301 = DIRECTION('',(-0.382682483027,0.92387992574));
#3302 = ( GEOMETRIC_REPRESENTATION_CONTEXT(2) 
PARAMETRIC_REPRESENTATION_CONTEXT() REPRESENTATION_CONTEXT('2D SPACE',''
  ) );
#3303 = PCURVE('',#1584,#3304);
#3304 = DEFINITIONAL_REPRESENTATION('',(#3305),#3309);
#3305 = LINE('',#3306,#3307);
#3306 = CARTESIAN_POINT('',(0.,-1.6));
#3307 = VECTOR('',#3308,1.);
#3308 = DIRECTION('',(1.,0.));
#3309 = ( GEOMETRIC_REPRESENTATION_CONTEXT(2) 
PARAMETRIC_REPRESENTATION_CONTEXT() REPRESENTATION_CONTEXT('2D SPACE',''
  ) );
#3310 = ORIENTED_EDGE('',*,*,#3311,.T.);
#3311 = EDGE_CURVE('',#3289,#3312,#3314,.T.);
#3312 = VERTEX_POINT('',#3313);
#3313 = CARTESIAN_POINT('',(-24.740173,11.296096,1.6));
#3314 = SURFACE_CURVE('',#3315,(#3319,#3326),.PCURVE_S1.);
#3315 = LINE('',#3316,#3317);
#3316 = CARTESIAN_POINT('',(-24.902907,11.001651,1.6));
#3317 = VECTOR('',#3318,1.);
#3318 = DIRECTION('',(0.483718888737,0.875223421007,0.));
#3319 = PCURVE('',#90,#3320);
#3320 = DEFINITIONAL_REPRESENTATION('',(#3321),#3325);
#3321 = LINE('',#3322,#3323);
#3322 = CARTESIAN_POINT('',(24.902907,11.001651));
#3323 = VECTOR('',#3324,1.);
#3324 = DIRECTION('',(-0.483718888737,0.875223421007));
#3325 = ( GEOMETRIC_REPRESENTATION_CONTEXT(2) 
PARAMETRIC_REPRESENTATION_CONTEXT() REPRESENTATION_CONTEXT('2D SPACE',''
  ) );
#3326 = PCURVE('',#1612,#3327);
#3327 = DEFINITIONAL_REPRESENTATION('',(#3328),#3332);
#3328 = LINE('',#3329,#3330);
#3329 = CARTESIAN_POINT('',(0.,-1.6));
#3330 = VECTOR('',#3331,1.);
#3331 = DIRECTION('',(1.,0.));
#3332 = ( GEOMETRIC_REPRESENTATION_CONTEXT(2) 
PARAMETRIC_REPRESENTATION_CONTEXT() REPRESENTATION_CONTEXT('2D SPACE',''
  ) );
#3333 = ORIENTED_EDGE('',*,*,#3334,.T.);
#3334 = EDGE_CURVE('',#3312,#3335,#3337,.T.);
#3335 = VERTEX_POINT('',#3336);
#3336 = CARTESIAN_POINT('',(-24.545494,11.570469,1.6));
#3337 = SURFACE_CURVE('',#3338,(#3342,#3349),.PCURVE_S1.);
#3338 = LINE('',#3339,#3340);
#3339 = CARTESIAN_POINT('',(-24.740173,11.296096,1.6));
#3340 = VECTOR('',#3341,1.);
#3341 = DIRECTION('',(0.578673223091,0.815559501739,0.));
#3342 = PCURVE('',#90,#3343);
#3343 = DEFINITIONAL_REPRESENTATION('',(#3344),#3348);
#3344 = LINE('',#3345,#3346);
#3345 = CARTESIAN_POINT('',(24.740173,11.296096));
#3346 = VECTOR('',#3347,1.);
#3347 = DIRECTION('',(-0.578673223091,0.815559501739));
#3348 = ( GEOMETRIC_REPRESENTATION_CONTEXT(2) 
PARAMETRIC_REPRESENTATION_CONTEXT() REPRESENTATION_CONTEXT('2D SPACE',''
  ) );
#3349 = PCURVE('',#1640,#3350);
#3350 = DEFINITIONAL_REPRESENTATION('',(#3351),#3355);
#3351 = LINE('',#3352,#3353);
#3352 = CARTESIAN_POINT('',(0.,-1.6));
#3353 = VECTOR('',#3354,1.);
#3354 = DIRECTION('',(1.,0.));
#3355 = ( GEOMETRIC_REPRESENTATION_CONTEXT(2) 
PARAMETRIC_REPRESENTATION_CONTEXT() REPRESENTATION_CONTEXT('2D SPACE',''
  ) );
#3356 = ORIENTED_EDGE('',*,*,#3357,.T.);
#3357 = EDGE_CURVE('',#3335,#3358,#3360,.T.);
#3358 = VERTEX_POINT('',#3359);
#3359 = CARTESIAN_POINT('',(-24.32132,11.82132,1.6));
#3360 = SURFACE_CURVE('',#3361,(#3365,#3372),.PCURVE_S1.);
#3361 = LINE('',#3362,#3363);
#3362 = CARTESIAN_POINT('',(-24.545494,11.570469,1.6));
#3363 = VECTOR('',#3364,1.);
#3364 = DIRECTION('',(0.666346314744,0.7456424001,0.));
#3365 = PCURVE('',#90,#3366);
#3366 = DEFINITIONAL_REPRESENTATION('',(#3367),#3371);
#3367 = LINE('',#3368,#3369);
#3368 = CARTESIAN_POINT('',(24.545494,11.570469));
#3369 = VECTOR('',#3370,1.);
#3370 = DIRECTION('',(-0.666346314744,0.7456424001));
#3371 = ( GEOMETRIC_REPRESENTATION_CONTEXT(2) 
PARAMETRIC_REPRESENTATION_CONTEXT() REPRESENTATION_CONTEXT('2D SPACE',''
  ) );
#3372 = PCURVE('',#1668,#3373);
#3373 = DEFINITIONAL_REPRESENTATION('',(#3374),#3378);
#3374 = LINE('',#3375,#3376);
#3375 = CARTESIAN_POINT('',(0.,-1.6));
#3376 = VECTOR('',#3377,1.);
#3377 = DIRECTION('',(1.,0.));
#3378 = ( GEOMETRIC_REPRESENTATION_CONTEXT(2) 
PARAMETRIC_REPRESENTATION_CONTEXT() REPRESENTATION_CONTEXT('2D SPACE',''
  ) );
#3379 = ORIENTED_EDGE('',*,*,#3380,.T.);
#3380 = EDGE_CURVE('',#3358,#3381,#3383,.T.);
#3381 = VERTEX_POINT('',#3382);
#3382 = CARTESIAN_POINT('',(-24.070469,12.045494,1.6));
#3383 = SURFACE_CURVE('',#3384,(#3388,#3395),.PCURVE_S1.);
#3384 = LINE('',#3385,#3386);
#3385 = CARTESIAN_POINT('',(-24.32132,11.82132,1.6));
#3386 = VECTOR('',#3387,1.);
#3387 = DIRECTION('',(0.7456424001,0.666346314744,0.));
#3388 = PCURVE('',#90,#3389);
#3389 = DEFINITIONAL_REPRESENTATION('',(#3390),#3394);
#3390 = LINE('',#3391,#3392);
#3391 = CARTESIAN_POINT('',(24.32132,11.82132));
#3392 = VECTOR('',#3393,1.);
#3393 = DIRECTION('',(-0.7456424001,0.666346314744));
#3394 = ( GEOMETRIC_REPRESENTATION_CONTEXT(2) 
PARAMETRIC_REPRESENTATION_CONTEXT() REPRESENTATION_CONTEXT('2D SPACE',''
  ) );
#3395 = PCURVE('',#1696,#3396);
#3396 = DEFINITIONAL_REPRESENTATION('',(#3397),#3401);
#3397 = LINE('',#3398,#3399);
#3398 = CARTESIAN_POINT('',(0.,-1.6));
#3399 = VECTOR('',#3400,1.);
#3400 = DIRECTION('',(1.,0.));
#3401 = ( GEOMETRIC_REPRESENTATION_CONTEXT(2) 
PARAMETRIC_REPRESENTATION_CONTEXT() REPRESENTATION_CONTEXT('2D SPACE',''
  ) );
#3402 = ORIENTED_EDGE('',*,*,#3403,.T.);
#3403 = EDGE_CURVE('',#3381,#3404,#3406,.T.);
#3404 = VERTEX_POINT('',#3405);
#3405 = CARTESIAN_POINT('',(-23.796096,12.240173,1.6));
#3406 = SURFACE_CURVE('',#3407,(#3411,#3418),.PCURVE_S1.);
#3407 = LINE('',#3408,#3409);
#3408 = CARTESIAN_POINT('',(-24.070469,12.045494,1.6));
#3409 = VECTOR('',#3410,1.);
#3410 = DIRECTION('',(0.815559501739,0.578673223091,0.));
#3411 = PCURVE('',#90,#3412);
#3412 = DEFINITIONAL_REPRESENTATION('',(#3413),#3417);
#3413 = LINE('',#3414,#3415);
#3414 = CARTESIAN_POINT('',(24.070469,12.045494));
#3415 = VECTOR('',#3416,1.);
#3416 = DIRECTION('',(-0.815559501739,0.578673223091));
#3417 = ( GEOMETRIC_REPRESENTATION_CONTEXT(2) 
PARAMETRIC_REPRESENTATION_CONTEXT() REPRESENTATION_CONTEXT('2D SPACE',''
  ) );
#3418 = PCURVE('',#1724,#3419);
#3419 = DEFINITIONAL_REPRESENTATION('',(#3420),#3424);
#3420 = LINE('',#3421,#3422);
#3421 = CARTESIAN_POINT('',(0.,-1.6));
#3422 = VECTOR('',#3423,1.);
#3423 = DIRECTION('',(1.,0.));
#3424 = ( GEOMETRIC_REPRESENTATION_CONTEXT(2) 
PARAMETRIC_REPRESENTATION_CONTEXT() REPRESENTATION_CONTEXT('2D SPACE',''
  ) );
#3425 = ORIENTED_EDGE('',*,*,#3426,.T.);
#3426 = EDGE_CURVE('',#3404,#3427,#3429,.T.);
#3427 = VERTEX_POINT('',#3428);
#3428 = CARTESIAN_POINT('',(-23.501651,12.402907,1.6));
#3429 = SURFACE_CURVE('',#3430,(#3434,#3441),.PCURVE_S1.);
#3430 = LINE('',#3431,#3432);
#3431 = CARTESIAN_POINT('',(-23.796096,12.240173,1.6));
#3432 = VECTOR('',#3433,1.);
#3433 = DIRECTION('',(0.875223421007,0.483718888737,0.));
#3434 = PCURVE('',#90,#3435);
#3435 = DEFINITIONAL_REPRESENTATION('',(#3436),#3440);
#3436 = LINE('',#3437,#3438);
#3437 = CARTESIAN_POINT('',(23.796096,12.240173));
#3438 = VECTOR('',#3439,1.);
#3439 = DIRECTION('',(-0.875223421007,0.483718888737));
#3440 = ( GEOMETRIC_REPRESENTATION_CONTEXT(2) 
PARAMETRIC_REPRESENTATION_CONTEXT() REPRESENTATION_CONTEXT('2D SPACE',''
  ) );
#3441 = PCURVE('',#1752,#3442);
#3442 = DEFINITIONAL_REPRESENTATION('',(#3443),#3447);
#3443 = LINE('',#3444,#3445);
#3444 = CARTESIAN_POINT('',(0.,-1.6));
#3445 = VECTOR('',#3446,1.);
#3446 = DIRECTION('',(1.,0.));
#3447 = ( GEOMETRIC_REPRESENTATION_CONTEXT(2) 
PARAMETRIC_REPRESENTATION_CONTEXT() REPRESENTATION_CONTEXT('2D SPACE',''
  ) );
#3448 = ORIENTED_EDGE('',*,*,#3449,.T.);
#3449 = EDGE_CURVE('',#3427,#3450,#3452,.T.);
#3450 = VERTEX_POINT('',#3451);
#3451 = CARTESIAN_POINT('',(-23.190837,12.53165,1.6));
#3452 = SURFACE_CURVE('',#3453,(#3457,#3464),.PCURVE_S1.);
#3453 = LINE('',#3454,#3455);
#3454 = CARTESIAN_POINT('',(-23.501651,12.402907,1.6));
#3455 = VECTOR('',#3456,1.);
#3456 = DIRECTION('',(0.92387992574,0.382682483027,0.));
#3457 = PCURVE('',#90,#3458);
#3458 = DEFINITIONAL_REPRESENTATION('',(#3459),#3463);
#3459 = LINE('',#3460,#3461);
#3460 = CARTESIAN_POINT('',(23.501651,12.402907));
#3461 = VECTOR('',#3462,1.);
#3462 = DIRECTION('',(-0.92387992574,0.382682483027));
#3463 = ( GEOMETRIC_REPRESENTATION_CONTEXT(2) 
PARAMETRIC_REPRESENTATION_CONTEXT() REPRESENTATION_CONTEXT('2D SPACE',''
  ) );
#3464 = PCURVE('',#1780,#3465);
#3465 = DEFINITIONAL_REPRESENTATION('',(#3466),#3470);
#3466 = LINE('',#3467,#3468);
#3467 = CARTESIAN_POINT('',(0.,-1.6));
#3468 = VECTOR('',#3469,1.);
#3469 = DIRECTION('',(1.,0.));
#3470 = ( GEOMETRIC_REPRESENTATION_CONTEXT(2) 
PARAMETRIC_REPRESENTATION_CONTEXT() REPRESENTATION_CONTEXT('2D SPACE',''
  ) );
#3471 = ORIENTED_EDGE('',*,*,#3472,.T.);
#3472 = EDGE_CURVE('',#3450,#3473,#3475,.T.);
#3473 = VERTEX_POINT('',#3474);
#3474 = CARTESIAN_POINT('',(-22.867563,12.624784,1.6));
#3475 = SURFACE_CURVE('',#3476,(#3480,#3487),.PCURVE_S1.);
#3476 = LINE('',#3477,#3478);
#3477 = CARTESIAN_POINT('',(-23.190837,12.53165,1.6));
#3478 = VECTOR('',#3479,1.);
#3479 = DIRECTION('',(0.960917033326,0.276836513242,0.));
#3480 = PCURVE('',#90,#3481);
#3481 = DEFINITIONAL_REPRESENTATION('',(#3482),#3486);
#3482 = LINE('',#3483,#3484);
#3483 = CARTESIAN_POINT('',(23.190837,12.53165));
#3484 = VECTOR('',#3485,1.);
#3485 = DIRECTION('',(-0.960917033326,0.276836513242));
#3486 = ( GEOMETRIC_REPRESENTATION_CONTEXT(2) 
PARAMETRIC_REPRESENTATION_CONTEXT() REPRESENTATION_CONTEXT('2D SPACE',''
  ) );
#3487 = PCURVE('',#1808,#3488);
#3488 = DEFINITIONAL_REPRESENTATION('',(#3489),#3493);
#3489 = LINE('',#3490,#3491);
#3490 = CARTESIAN_POINT('',(0.,-1.6));
#3491 = VECTOR('',#3492,1.);
#3492 = DIRECTION('',(1.,0.));
#3493 = ( GEOMETRIC_REPRESENTATION_CONTEXT(2) 
PARAMETRIC_REPRESENTATION_CONTEXT() REPRESENTATION_CONTEXT('2D SPACE',''
  ) );
#3494 = ORIENTED_EDGE('',*,*,#3495,.T.);
#3495 = EDGE_CURVE('',#3473,#3496,#3498,.T.);
#3496 = VERTEX_POINT('',#3497);
#3497 = CARTESIAN_POINT('',(-22.535893,12.681137,1.6));
#3498 = SURFACE_CURVE('',#3499,(#3503,#3510),.PCURVE_S1.);
#3499 = LINE('',#3500,#3501);
#3500 = CARTESIAN_POINT('',(-22.867563,12.624784,1.6));
#3501 = VECTOR('',#3502,1.);
#3502 = DIRECTION('',(0.985871018308,0.167506224545,0.));
#3503 = PCURVE('',#90,#3504);
#3504 = DEFINITIONAL_REPRESENTATION('',(#3505),#3509);
#3505 = LINE('',#3506,#3507);
#3506 = CARTESIAN_POINT('',(22.867563,12.624784));
#3507 = VECTOR('',#3508,1.);
#3508 = DIRECTION('',(-0.985871018308,0.167506224545));
#3509 = ( GEOMETRIC_REPRESENTATION_CONTEXT(2) 
PARAMETRIC_REPRESENTATION_CONTEXT() REPRESENTATION_CONTEXT('2D SPACE',''
  ) );
#3510 = PCURVE('',#1836,#3511);
#3511 = DEFINITIONAL_REPRESENTATION('',(#3512),#3516);
#3512 = LINE('',#3513,#3514);
#3513 = CARTESIAN_POINT('',(0.,-1.6));
#3514 = VECTOR('',#3515,1.);
#3515 = DIRECTION('',(1.,0.));
#3516 = ( GEOMETRIC_REPRESENTATION_CONTEXT(2) 
PARAMETRIC_REPRESENTATION_CONTEXT() REPRESENTATION_CONTEXT('2D SPACE',''
  ) );
#3517 = ORIENTED_EDGE('',*,*,#3518,.T.);
#3518 = EDGE_CURVE('',#3496,#3519,#3521,.T.);
#3519 = VERTEX_POINT('',#3520);
#3520 = CARTESIAN_POINT('',(-22.2,12.7,1.6));
#3521 = SURFACE_CURVE('',#3522,(#3526,#3533),.PCURVE_S1.);
#3522 = LINE('',#3523,#3524);
#3523 = CARTESIAN_POINT('',(-22.535893,12.681137,1.6));
#3524 = VECTOR('',#3525,1.);
#3525 = DIRECTION('',(0.998426872638,5.606942121022E-02,0.));
#3526 = PCURVE('',#90,#3527);
#3527 = DEFINITIONAL_REPRESENTATION('',(#3528),#3532);
#3528 = LINE('',#3529,#3530);
#3529 = CARTESIAN_POINT('',(22.535893,12.681137));
#3530 = VECTOR('',#3531,1.);
#3531 = DIRECTION('',(-0.998426872638,5.606942121022E-02));
#3532 = ( GEOMETRIC_REPRESENTATION_CONTEXT(2) 
PARAMETRIC_REPRESENTATION_CONTEXT() REPRESENTATION_CONTEXT('2D SPACE',''
  ) );
#3533 = PCURVE('',#1864,#3534);
#3534 = DEFINITIONAL_REPRESENTATION('',(#3535),#3539);
#3535 = LINE('',#3536,#3537);
#3536 = CARTESIAN_POINT('',(0.,-1.6));
#3537 = VECTOR('',#3538,1.);
#3538 = DIRECTION('',(1.,0.));
#3539 = ( GEOMETRIC_REPRESENTATION_CONTEXT(2) 
PARAMETRIC_REPRESENTATION_CONTEXT() REPRESENTATION_CONTEXT('2D SPACE',''
  ) );
#3540 = ORIENTED_EDGE('',*,*,#3541,.T.);
#3541 = EDGE_CURVE('',#3519,#162,#3542,.T.);
#3542 = SURFACE_CURVE('',#3543,(#3547,#3554),.PCURVE_S1.);
#3543 = LINE('',#3544,#3545);
#3544 = CARTESIAN_POINT('',(-22.2,12.7,1.6));
#3545 = VECTOR('',#3546,1.);
#3546 = DIRECTION('',(1.,0.,0.));
#3547 = PCURVE('',#90,#3548);
#3548 = DEFINITIONAL_REPRESENTATION('',(#3549),#3553);
#3549 = LINE('',#3550,#3551);
#3550 = CARTESIAN_POINT('',(22.2,12.7));
#3551 = VECTOR('',#3552,1.);
#3552 = DIRECTION('',(-1.,0.));
#3553 = ( GEOMETRIC_REPRESENTATION_CONTEXT(2) 
PARAMETRIC_REPRESENTATION_CONTEXT() REPRESENTATION_CONTEXT('2D SPACE',''
  ) );
#3554 = PCURVE('',#177,#3555);
#3555 = DEFINITIONAL_REPRESENTATION('',(#3556),#3560);
#3556 = LINE('',#3557,#3558);
#3557 = CARTESIAN_POINT('',(0.,-1.6));
#3558 = VECTOR('',#3559,1.);
#3559 = DIRECTION('',(1.,0.));
#3560 = ( GEOMETRIC_REPRESENTATION_CONTEXT(2) 
PARAMETRIC_REPRESENTATION_CONTEXT() REPRESENTATION_CONTEXT('2D SPACE',''
  ) );
#3561 = ORIENTED_EDGE('',*,*,#189,.T.);
#3562 = FACE_BOUND('',#3563,.F.);
#3563 = EDGE_LOOP('',(#3564));
#3564 = ORIENTED_EDGE('',*,*,#3565,.T.);
#3565 = EDGE_CURVE('',#3566,#3566,#3568,.T.);
#3566 = VERTEX_POINT('',#3567);
#3567 = CARTESIAN_POINT('',(-21.7,-3.25,1.6));
#3568 = SURFACE_CURVE('',#3569,(#3574,#3585),.PCURVE_S1.);
#3569 = CIRCLE('',#3570,0.5);
#3570 = AXIS2_PLACEMENT_3D('',#3571,#3572,#3573);
#3571 = CARTESIAN_POINT('',(-22.2,-3.25,1.6));
#3572 = DIRECTION('',(0.,0.,1.));
#3573 = DIRECTION('',(1.,0.,-0.));
#3574 = PCURVE('',#90,#3575);
#3575 = DEFINITIONAL_REPRESENTATION('',(#3576),#3584);
#3576 = ( BOUNDED_CURVE() B_SPLINE_CURVE(2,(#3577,#3578,#3579,#3580,
#3581,#3582,#3583),.UNSPECIFIED.,.T.,.F.) B_SPLINE_CURVE_WITH_KNOTS((1,2
    ,2,2,2,1),(-2.094395102393,0.,2.094395102393,4.188790204786,
6.28318530718,8.377580409573),.UNSPECIFIED.) CURVE() 
GEOMETRIC_REPRESENTATION_ITEM() RATIONAL_B_SPLINE_CURVE((1.,0.5,1.,0.5,
1.,0.5,1.)) REPRESENTATION_ITEM('') );
#3577 = CARTESIAN_POINT('',(21.7,-3.25));
#3578 = CARTESIAN_POINT('',(21.7,-2.383974596216));
#3579 = CARTESIAN_POINT('',(22.45,-2.816987298108));
#3580 = CARTESIAN_POINT('',(23.2,-3.25));
#3581 = CARTESIAN_POINT('',(22.45,-3.683012701892));
#3582 = CARTESIAN_POINT('',(21.7,-4.116025403784));
#3583 = CARTESIAN_POINT('',(21.7,-3.25));
#3584 = ( GEOMETRIC_REPRESENTATION_CONTEXT(2) 
PARAMETRIC_REPRESENTATION_CONTEXT() REPRESENTATION_CONTEXT('2D SPACE',''
  ) );
#3585 = PCURVE('',#1921,#3586);
#3586 = DEFINITIONAL_REPRESENTATION('',(#3587),#3591);
#3587 = LINE('',#3588,#3589);
#3588 = CARTESIAN_POINT('',(0.,1.61));
#3589 = VECTOR('',#3590,1.);
#3590 = DIRECTION('',(1.,0.));
#3591 = ( GEOMETRIC_REPRESENTATION_CONTEXT(2) 
PARAMETRIC_REPRESENTATION_CONTEXT() REPRESENTATION_CONTEXT('2D SPACE',''
  ) );
#3592 = FACE_BOUND('',#3593,.F.);
#3593 = EDGE_LOOP('',(#3594));
#3594 = ORIENTED_EDGE('',*,*,#3595,.T.);
#3595 = EDGE_CURVE('',#3596,#3596,#3598,.T.);
#3596 = VERTEX_POINT('',#3597);
#3597 = CARTESIAN_POINT('',(23.65,-3.306546357698E-16,1.6));
#3598 = SURFACE_CURVE('',#3599,(#3604,#3615),.PCURVE_S1.);
#3599 = CIRCLE('',#3600,1.35);
#3600 = AXIS2_PLACEMENT_3D('',#3601,#3602,#3603);
#3601 = CARTESIAN_POINT('',(22.3,0.,1.6));
#3602 = DIRECTION('',(0.,0.,1.));
#3603 = DIRECTION('',(1.,0.,-0.));
#3604 = PCURVE('',#90,#3605);
#3605 = DEFINITIONAL_REPRESENTATION('',(#3606),#3614);
#3606 = ( BOUNDED_CURVE() B_SPLINE_CURVE(2,(#3607,#3608,#3609,#3610,
#3611,#3612,#3613),.UNSPECIFIED.,.T.,.F.) B_SPLINE_CURVE_WITH_KNOTS((1,2
    ,2,2,2,1),(-2.094395102393,0.,2.094395102393,4.188790204786,
6.28318530718,8.377580409573),.UNSPECIFIED.) CURVE() 
GEOMETRIC_REPRESENTATION_ITEM() RATIONAL_B_SPLINE_CURVE((1.,0.5,1.,0.5,
1.,0.5,1.)) REPRESENTATION_ITEM('') );
#3607 = CARTESIAN_POINT('',(-23.65,-9.704238387788E-17));
#3608 = CARTESIAN_POINT('',(-23.65,2.338268590218));
#3609 = CARTESIAN_POINT('',(-21.625,1.169134295109));
#3610 = CARTESIAN_POINT('',(-19.6,2.336122518919E-16));
#3611 = CARTESIAN_POINT('',(-21.625,-1.169134295109));
#3612 = CARTESIAN_POINT('',(-23.65,-2.338268590218));
#3613 = CARTESIAN_POINT('',(-23.65,-9.704238387788E-17));
#3614 = ( GEOMETRIC_REPRESENTATION_CONTEXT(2) 
PARAMETRIC_REPRESENTATION_CONTEXT() REPRESENTATION_CONTEXT('2D SPACE',''
  ) );
#3615 = PCURVE('',#1956,#3616);
#3616 = DEFINITIONAL_REPRESENTATION('',(#3617),#3621);
#3617 = LINE('',#3618,#3619);
#3618 = CARTESIAN_POINT('',(0.,1.61));
#3619 = VECTOR('',#3620,1.);
#3620 = DIRECTION('',(1.,0.));
#3621 = ( GEOMETRIC_REPRESENTATION_CONTEXT(2) 
PARAMETRIC_REPRESENTATION_CONTEXT() REPRESENTATION_CONTEXT('2D SPACE',''
  ) );
#3622 = FACE_BOUND('',#3623,.F.);
#3623 = EDGE_LOOP('',(#3624));
#3624 = ORIENTED_EDGE('',*,*,#3625,.T.);
#3625 = EDGE_CURVE('',#3626,#3626,#3628,.T.);
#3626 = VERTEX_POINT('',#3627);
#3627 = CARTESIAN_POINT('',(18.65,-3.306546357698E-16,1.6));
#3628 = SURFACE_CURVE('',#3629,(#3634,#3645),.PCURVE_S1.);
#3629 = CIRCLE('',#3630,1.35);
#3630 = AXIS2_PLACEMENT_3D('',#3631,#3632,#3633);
#3631 = CARTESIAN_POINT('',(17.3,0.,1.6));
#3632 = DIRECTION('',(0.,0.,1.));
#3633 = DIRECTION('',(1.,0.,-0.));
#3634 = PCURVE('',#90,#3635);
#3635 = DEFINITIONAL_REPRESENTATION('',(#3636),#3644);
#3636 = ( BOUNDED_CURVE() B_SPLINE_CURVE(2,(#3637,#3638,#3639,#3640,
#3641,#3642,#3643),.UNSPECIFIED.,.T.,.F.) B_SPLINE_CURVE_WITH_KNOTS((1,2
    ,2,2,2,1),(-2.094395102393,0.,2.094395102393,4.188790204786,
6.28318530718,8.377580409573),.UNSPECIFIED.) CURVE() 
GEOMETRIC_REPRESENTATION_ITEM() RATIONAL_B_SPLINE_CURVE((1.,0.5,1.,0.5,
1.,0.5,1.)) REPRESENTATION_ITEM('') );
#3637 = CARTESIAN_POINT('',(-18.65,-9.704238387788E-17));
#3638 = CARTESIAN_POINT('',(-18.65,2.338268590218));
#3639 = CARTESIAN_POINT('',(-16.625,1.169134295109));
#3640 = CARTESIAN_POINT('',(-14.6,2.336122518919E-16));
#3641 = CARTESIAN_POINT('',(-16.625,-1.169134295109));
#3642 = CARTESIAN_POINT('',(-18.65,-2.338268590218));
#3643 = CARTESIAN_POINT('',(-18.65,-9.704238387788E-17));
#3644 = ( GEOMETRIC_REPRESENTATION_CONTEXT(2) 
PARAMETRIC_REPRESENTATION_CONTEXT() REPRESENTATION_CONTEXT('2D SPACE',''
  ) );
#3645 = PCURVE('',#1991,#3646);
#3646 = DEFINITIONAL_REPRESENTATION('',(#3647),#3651);
#3647 = LINE('',#3648,#3649);
#3648 = CARTESIAN_POINT('',(0.,1.61));
#3649 = VECTOR('',#3650,1.);
#3650 = DIRECTION('',(1.,0.));
#3651 = ( GEOMETRIC_REPRESENTATION_CONTEXT(2) 
PARAMETRIC_REPRESENTATION_CONTEXT() REPRESENTATION_CONTEXT('2D SPACE',''
  ) );
#3652 = FACE_BOUND('',#3653,.F.);
#3653 = EDGE_LOOP('',(#3654));
#3654 = ORIENTED_EDGE('',*,*,#3655,.T.);
#3655 = EDGE_CURVE('',#3656,#3656,#3658,.T.);
#3656 = VERTEX_POINT('',#3657);
#3657 = CARTESIAN_POINT('',(12.15,-3.306546357698E-16,1.6));
#3658 = SURFACE_CURVE('',#3659,(#3664,#3675),.PCURVE_S1.);
#3659 = CIRCLE('',#3660,1.35);
#3660 = AXIS2_PLACEMENT_3D('',#3661,#3662,#3663);
#3661 = CARTESIAN_POINT('',(10.8,0.,1.6));
#3662 = DIRECTION('',(0.,0.,1.));
#3663 = DIRECTION('',(1.,0.,-0.));
#3664 = PCURVE('',#90,#3665);
#3665 = DEFINITIONAL_REPRESENTATION('',(#3666),#3674);
#3666 = ( BOUNDED_CURVE() B_SPLINE_CURVE(2,(#3667,#3668,#3669,#3670,
#3671,#3672,#3673),.UNSPECIFIED.,.T.,.F.) B_SPLINE_CURVE_WITH_KNOTS((1,2
    ,2,2,2,1),(-2.094395102393,0.,2.094395102393,4.188790204786,
6.28318530718,8.377580409573),.UNSPECIFIED.) CURVE() 
GEOMETRIC_REPRESENTATION_ITEM() RATIONAL_B_SPLINE_CURVE((1.,0.5,1.,0.5,
1.,0.5,1.)) REPRESENTATION_ITEM('') );
#3667 = CARTESIAN_POINT('',(-12.15,-9.704238387788E-17));
#3668 = CARTESIAN_POINT('',(-12.15,2.338268590218));
#3669 = CARTESIAN_POINT('',(-10.125,1.169134295109));
#3670 = CARTESIAN_POINT('',(-8.1,2.336122518919E-16));
#3671 = CARTESIAN_POINT('',(-10.125,-1.169134295109));
#3672 = CARTESIAN_POINT('',(-12.15,-2.338268590218));
#3673 = CARTESIAN_POINT('',(-12.15,-9.704238387788E-17));
#3674 = ( GEOMETRIC_REPRESENTATION_CONTEXT(2) 
PARAMETRIC_REPRESENTATION_CONTEXT() REPRESENTATION_CONTEXT('2D SPACE',''
  ) );
#3675 = PCURVE('',#2026,#3676);
#3676 = DEFINITIONAL_REPRESENTATION('',(#3677),#3681);
#3677 = LINE('',#3678,#3679);
#3678 = CARTESIAN_POINT('',(0.,1.61));
#3679 = VECTOR('',#3680,1.);
#3680 = DIRECTION('',(1.,0.));
#3681 = ( GEOMETRIC_REPRESENTATION_CONTEXT(2) 
PARAMETRIC_REPRESENTATION_CONTEXT() REPRESENTATION_CONTEXT('2D SPACE',''
  ) );
#3682 = FACE_BOUND('',#3683,.F.);
#3683 = EDGE_LOOP('',(#3684));
#3684 = ORIENTED_EDGE('',*,*,#3685,.T.);
#3685 = EDGE_CURVE('',#3686,#3686,#3688,.T.);
#3686 = VERTEX_POINT('',#3687);
#3687 = CARTESIAN_POINT('',(7.15,-3.306546357698E-16,1.6));
#3688 = SURFACE_CURVE('',#3689,(#3694,#3705),.PCURVE_S1.);
#3689 = CIRCLE('',#3690,1.35);
#3690 = AXIS2_PLACEMENT_3D('',#3691,#3692,#3693);
#3691 = CARTESIAN_POINT('',(5.8,0.,1.6));
#3692 = DIRECTION('',(0.,0.,1.));
#3693 = DIRECTION('',(1.,0.,-0.));
#3694 = PCURVE('',#90,#3695);
#3695 = DEFINITIONAL_REPRESENTATION('',(#3696),#3704);
#3696 = ( BOUNDED_CURVE() B_SPLINE_CURVE(2,(#3697,#3698,#3699,#3700,
#3701,#3702,#3703),.UNSPECIFIED.,.T.,.F.) B_SPLINE_CURVE_WITH_KNOTS((1,2
    ,2,2,2,1),(-2.094395102393,0.,2.094395102393,4.188790204786,
6.28318530718,8.377580409573),.UNSPECIFIED.) CURVE() 
GEOMETRIC_REPRESENTATION_ITEM() RATIONAL_B_SPLINE_CURVE((1.,0.5,1.,0.5,
1.,0.5,1.)) REPRESENTATION_ITEM('') );
#3697 = CARTESIAN_POINT('',(-7.15,-9.704238387788E-17));
#3698 = CARTESIAN_POINT('',(-7.15,2.338268590218));
#3699 = CARTESIAN_POINT('',(-5.125,1.169134295109));
#3700 = CARTESIAN_POINT('',(-3.1,2.336122518919E-16));
#3701 = CARTESIAN_POINT('',(-5.125,-1.169134295109));
#3702 = CARTESIAN_POINT('',(-7.15,-2.338268590218));
#3703 = CARTESIAN_POINT('',(-7.15,-9.704238387788E-17));
#3704 = ( GEOMETRIC_REPRESENTATION_CONTEXT(2) 
PARAMETRIC_REPRESENTATION_CONTEXT() REPRESENTATION_CONTEXT('2D SPACE',''
  ) );
#3705 = PCURVE('',#2061,#3706);
#3706 = DEFINITIONAL_REPRESENTATION('',(#3707),#3711);
#3707 = LINE('',#3708,#3709);
#3708 = CARTESIAN_POINT('',(0.,1.61));
#3709 = VECTOR('',#3710,1.);
#3710 = DIRECTION('',(1.,0.));
#3711 = ( GEOMETRIC_REPRESENTATION_CONTEXT(2) 
PARAMETRIC_REPRESENTATION_CONTEXT() REPRESENTATION_CONTEXT('2D SPACE',''
  ) );
#3712 = FACE_BOUND('',#3713,.F.);
#3713 = EDGE_LOOP('',(#3714));
#3714 = ORIENTED_EDGE('',*,*,#3715,.T.);
#3715 = EDGE_CURVE('',#3716,#3716,#3718,.T.);
#3716 = VERTEX_POINT('',#3717);
#3717 = CARTESIAN_POINT('',(0.65,-3.306546357698E-16,1.6));
#3718 = SURFACE_CURVE('',#3719,(#3724,#3735),.PCURVE_S1.);
#3719 = CIRCLE('',#3720,1.35);
#3720 = AXIS2_PLACEMENT_3D('',#3721,#3722,#3723);
#3721 = CARTESIAN_POINT('',(-0.7,0.,1.6));
#3722 = DIRECTION('',(0.,0.,1.));
#3723 = DIRECTION('',(1.,0.,-0.));
#3724 = PCURVE('',#90,#3725);
#3725 = DEFINITIONAL_REPRESENTATION('',(#3726),#3734);
#3726 = ( BOUNDED_CURVE() B_SPLINE_CURVE(2,(#3727,#3728,#3729,#3730,
#3731,#3732,#3733),.UNSPECIFIED.,.T.,.F.) B_SPLINE_CURVE_WITH_KNOTS((1,2
    ,2,2,2,1),(-2.094395102393,0.,2.094395102393,4.188790204786,
6.28318530718,8.377580409573),.UNSPECIFIED.) CURVE() 
GEOMETRIC_REPRESENTATION_ITEM() RATIONAL_B_SPLINE_CURVE((1.,0.5,1.,0.5,
1.,0.5,1.)) REPRESENTATION_ITEM('') );
#3727 = CARTESIAN_POINT('',(-0.65,-9.704238387788E-17));
#3728 = CARTESIAN_POINT('',(-0.65,2.338268590218));
#3729 = CARTESIAN_POINT('',(1.375,1.169134295109));
#3730 = CARTESIAN_POINT('',(3.4,2.336122518919E-16));
#3731 = CARTESIAN_POINT('',(1.375,-1.169134295109));
#3732 = CARTESIAN_POINT('',(-0.65,-2.338268590218));
#3733 = CARTESIAN_POINT('',(-0.65,-9.704238387788E-17));
#3734 = ( GEOMETRIC_REPRESENTATION_CONTEXT(2) 
PARAMETRIC_REPRESENTATION_CONTEXT() REPRESENTATION_CONTEXT('2D SPACE',''
  ) );
#3735 = PCURVE('',#2096,#3736);
#3736 = DEFINITIONAL_REPRESENTATION('',(#3737),#3741);
#3737 = LINE('',#3738,#3739);
#3738 = CARTESIAN_POINT('',(0.,1.61));
#3739 = VECTOR('',#3740,1.);
#3740 = DIRECTION('',(1.,0.));
#3741 = ( GEOMETRIC_REPRESENTATION_CONTEXT(2) 
PARAMETRIC_REPRESENTATION_CONTEXT() REPRESENTATION_CONTEXT('2D SPACE',''
  ) );
#3742 = FACE_BOUND('',#3743,.F.);
#3743 = EDGE_LOOP('',(#3744));
#3744 = ORIENTED_EDGE('',*,*,#3745,.T.);
#3745 = EDGE_CURVE('',#3746,#3746,#3748,.T.);
#3746 = VERTEX_POINT('',#3747);
#3747 = CARTESIAN_POINT('',(-4.35,-3.306546357698E-16,1.6));
#3748 = SURFACE_CURVE('',#3749,(#3754,#3765),.PCURVE_S1.);
#3749 = CIRCLE('',#3750,1.35);
#3750 = AXIS2_PLACEMENT_3D('',#3751,#3752,#3753);
#3751 = CARTESIAN_POINT('',(-5.7,0.,1.6));
#3752 = DIRECTION('',(0.,0.,1.));
#3753 = DIRECTION('',(1.,0.,-0.));
#3754 = PCURVE('',#90,#3755);
#3755 = DEFINITIONAL_REPRESENTATION('',(#3756),#3764);
#3756 = ( BOUNDED_CURVE() B_SPLINE_CURVE(2,(#3757,#3758,#3759,#3760,
#3761,#3762,#3763),.UNSPECIFIED.,.T.,.F.) B_SPLINE_CURVE_WITH_KNOTS((1,2
    ,2,2,2,1),(-2.094395102393,0.,2.094395102393,4.188790204786,
6.28318530718,8.377580409573),.UNSPECIFIED.) CURVE() 
GEOMETRIC_REPRESENTATION_ITEM() RATIONAL_B_SPLINE_CURVE((1.,0.5,1.,0.5,
1.,0.5,1.)) REPRESENTATION_ITEM('') );
#3757 = CARTESIAN_POINT('',(4.35,-9.704238387788E-17));
#3758 = CARTESIAN_POINT('',(4.35,2.338268590218));
#3759 = CARTESIAN_POINT('',(6.375,1.169134295109));
#3760 = CARTESIAN_POINT('',(8.4,2.336122518919E-16));
#3761 = CARTESIAN_POINT('',(6.375,-1.169134295109));
#3762 = CARTESIAN_POINT('',(4.35,-2.338268590218));
#3763 = CARTESIAN_POINT('',(4.35,-9.704238387788E-17));
#3764 = ( GEOMETRIC_REPRESENTATION_CONTEXT(2) 
PARAMETRIC_REPRESENTATION_CONTEXT() REPRESENTATION_CONTEXT('2D SPACE',''
  ) );
#3765 = PCURVE('',#2131,#3766);
#3766 = DEFINITIONAL_REPRESENTATION('',(#3767),#3771);
#3767 = LINE('',#3768,#3769);
#3768 = CARTESIAN_POINT('',(0.,1.61));
#3769 = VECTOR('',#3770,1.);
#3770 = DIRECTION('',(1.,0.));
#3771 = ( GEOMETRIC_REPRESENTATION_CONTEXT(2) 
PARAMETRIC_REPRESENTATION_CONTEXT() REPRESENTATION_CONTEXT('2D SPACE',''
  ) );
#3772 = FACE_BOUND('',#3773,.F.);
#3773 = EDGE_LOOP('',(#3774));
#3774 = ORIENTED_EDGE('',*,*,#3775,.T.);
#3775 = EDGE_CURVE('',#3776,#3776,#3778,.T.);
#3776 = VERTEX_POINT('',#3777);
#3777 = CARTESIAN_POINT('',(-10.85,-3.306546357698E-16,1.6));
#3778 = SURFACE_CURVE('',#3779,(#3784,#3795),.PCURVE_S1.);
#3779 = CIRCLE('',#3780,1.35);
#3780 = AXIS2_PLACEMENT_3D('',#3781,#3782,#3783);
#3781 = CARTESIAN_POINT('',(-12.2,0.,1.6));
#3782 = DIRECTION('',(0.,0.,1.));
#3783 = DIRECTION('',(1.,0.,-0.));
#3784 = PCURVE('',#90,#3785);
#3785 = DEFINITIONAL_REPRESENTATION('',(#3786),#3794);
#3786 = ( BOUNDED_CURVE() B_SPLINE_CURVE(2,(#3787,#3788,#3789,#3790,
#3791,#3792,#3793),.UNSPECIFIED.,.T.,.F.) B_SPLINE_CURVE_WITH_KNOTS((1,2
    ,2,2,2,1),(-2.094395102393,0.,2.094395102393,4.188790204786,
6.28318530718,8.377580409573),.UNSPECIFIED.) CURVE() 
GEOMETRIC_REPRESENTATION_ITEM() RATIONAL_B_SPLINE_CURVE((1.,0.5,1.,0.5,
1.,0.5,1.)) REPRESENTATION_ITEM('') );
#3787 = CARTESIAN_POINT('',(10.85,-9.704238387788E-17));
#3788 = CARTESIAN_POINT('',(10.85,2.338268590218));
#3789 = CARTESIAN_POINT('',(12.875,1.169134295109));
#3790 = CARTESIAN_POINT('',(14.9,2.336122518919E-16));
#3791 = CARTESIAN_POINT('',(12.875,-1.169134295109));
#3792 = CARTESIAN_POINT('',(10.85,-2.338268590218));
#3793 = CARTESIAN_POINT('',(10.85,-9.704238387788E-17));
#3794 = ( GEOMETRIC_REPRESENTATION_CONTEXT(2) 
PARAMETRIC_REPRESENTATION_CONTEXT() REPRESENTATION_CONTEXT('2D SPACE',''
  ) );
#3795 = PCURVE('',#2166,#3796);
#3796 = DEFINITIONAL_REPRESENTATION('',(#3797),#3801);
#3797 = LINE('',#3798,#3799);
#3798 = CARTESIAN_POINT('',(0.,1.61));
#3799 = VECTOR('',#3800,1.);
#3800 = DIRECTION('',(1.,0.));
#3801 = ( GEOMETRIC_REPRESENTATION_CONTEXT(2) 
PARAMETRIC_REPRESENTATION_CONTEXT() REPRESENTATION_CONTEXT('2D SPACE',''
  ) );
#3802 = FACE_BOUND('',#3803,.F.);
#3803 = EDGE_LOOP('',(#3804));
#3804 = ORIENTED_EDGE('',*,*,#3805,.T.);
#3805 = EDGE_CURVE('',#3806,#3806,#3808,.T.);
#3806 = VERTEX_POINT('',#3807);
#3807 = CARTESIAN_POINT('',(-15.85,-3.306546357698E-16,1.6));
#3808 = SURFACE_CURVE('',#3809,(#3814,#3825),.PCURVE_S1.);
#3809 = CIRCLE('',#3810,1.35);
#3810 = AXIS2_PLACEMENT_3D('',#3811,#3812,#3813);
#3811 = CARTESIAN_POINT('',(-17.2,0.,1.6));
#3812 = DIRECTION('',(0.,0.,1.));
#3813 = DIRECTION('',(1.,0.,-0.));
#3814 = PCURVE('',#90,#3815);
#3815 = DEFINITIONAL_REPRESENTATION('',(#3816),#3824);
#3816 = ( BOUNDED_CURVE() B_SPLINE_CURVE(2,(#3817,#3818,#3819,#3820,
#3821,#3822,#3823),.UNSPECIFIED.,.T.,.F.) B_SPLINE_CURVE_WITH_KNOTS((1,2
    ,2,2,2,1),(-2.094395102393,0.,2.094395102393,4.188790204786,
6.28318530718,8.377580409573),.UNSPECIFIED.) CURVE() 
GEOMETRIC_REPRESENTATION_ITEM() RATIONAL_B_SPLINE_CURVE((1.,0.5,1.,0.5,
1.,0.5,1.)) REPRESENTATION_ITEM('') );
#3817 = CARTESIAN_POINT('',(15.85,-9.704238387788E-17));
#3818 = CARTESIAN_POINT('',(15.85,2.338268590218));
#3819 = CARTESIAN_POINT('',(17.875,1.169134295109));
#3820 = CARTESIAN_POINT('',(19.9,2.336122518919E-16));
#3821 = CARTESIAN_POINT('',(17.875,-1.169134295109));
#3822 = CARTESIAN_POINT('',(15.85,-2.338268590218));
#3823 = CARTESIAN_POINT('',(15.85,-9.704238387788E-17));
#3824 = ( GEOMETRIC_REPRESENTATION_CONTEXT(2) 
PARAMETRIC_REPRESENTATION_CONTEXT() REPRESENTATION_CONTEXT('2D SPACE',''
  ) );
#3825 = PCURVE('',#2201,#3826);
#3826 = DEFINITIONAL_REPRESENTATION('',(#3827),#3831);
#3827 = LINE('',#3828,#3829);
#3828 = CARTESIAN_POINT('',(0.,1.61));
#3829 = VECTOR('',#3830,1.);
#3830 = DIRECTION('',(1.,0.));
#3831 = ( GEOMETRIC_REPRESENTATION_CONTEXT(2) 
PARAMETRIC_REPRESENTATION_CONTEXT() REPRESENTATION_CONTEXT('2D SPACE',''
  ) );
#3832 = FACE_BOUND('',#3833,.F.);
#3833 = EDGE_LOOP('',(#3834));
#3834 = ORIENTED_EDGE('',*,*,#3835,.T.);
#3835 = EDGE_CURVE('',#3836,#3836,#3838,.T.);
#3836 = VERTEX_POINT('',#3837);
#3837 = CARTESIAN_POINT('',(-21.7,3.25,1.6));
#3838 = SURFACE_CURVE('',#3839,(#3844,#3855),.PCURVE_S1.);
#3839 = CIRCLE('',#3840,0.5);
#3840 = AXIS2_PLACEMENT_3D('',#3841,#3842,#3843);
#3841 = CARTESIAN_POINT('',(-22.2,3.25,1.6));
#3842 = DIRECTION('',(0.,0.,1.));
#3843 = DIRECTION('',(1.,0.,-0.));
#3844 = PCURVE('',#90,#3845);
#3845 = DEFINITIONAL_REPRESENTATION('',(#3846),#3854);
#3846 = ( BOUNDED_CURVE() B_SPLINE_CURVE(2,(#3847,#3848,#3849,#3850,
#3851,#3852,#3853),.UNSPECIFIED.,.T.,.F.) B_SPLINE_CURVE_WITH_KNOTS((1,2
    ,2,2,2,1),(-2.094395102393,0.,2.094395102393,4.188790204786,
6.28318530718,8.377580409573),.UNSPECIFIED.) CURVE() 
GEOMETRIC_REPRESENTATION_ITEM() RATIONAL_B_SPLINE_CURVE((1.,0.5,1.,0.5,
1.,0.5,1.)) REPRESENTATION_ITEM('') );
#3847 = CARTESIAN_POINT('',(21.7,3.25));
#3848 = CARTESIAN_POINT('',(21.7,4.116025403784));
#3849 = CARTESIAN_POINT('',(22.45,3.683012701892));
#3850 = CARTESIAN_POINT('',(23.2,3.25));
#3851 = CARTESIAN_POINT('',(22.45,2.816987298108));
#3852 = CARTESIAN_POINT('',(21.7,2.383974596216));
#3853 = CARTESIAN_POINT('',(21.7,3.25));
#3854 = ( GEOMETRIC_REPRESENTATION_CONTEXT(2) 
PARAMETRIC_REPRESENTATION_CONTEXT() REPRESENTATION_CONTEXT('2D SPACE',''
  ) );
#3855 = PCURVE('',#2236,#3856);
#3856 = DEFINITIONAL_REPRESENTATION('',(#3857),#3861);
#3857 = LINE('',#3858,#3859);
#3858 = CARTESIAN_POINT('',(0.,1.61));
#3859 = VECTOR('',#3860,1.);
#3860 = DIRECTION('',(1.,0.));
#3861 = ( GEOMETRIC_REPRESENTATION_CONTEXT(2) 
PARAMETRIC_REPRESENTATION_CONTEXT() REPRESENTATION_CONTEXT('2D SPACE',''
  ) );
#3862 = ADVANCED_FACE('',(#3863),#177,.T.);
#3863 = FACE_BOUND('',#3864,.T.);
#3864 = EDGE_LOOP('',(#3865,#3886,#3887,#3888));
#3865 = ORIENTED_EDGE('',*,*,#3866,.T.);
#3866 = EDGE_CURVE('',#1849,#3519,#3867,.T.);
#3867 = SURFACE_CURVE('',#3868,(#3872,#3879),.PCURVE_S1.);
#3868 = LINE('',#3869,#3870);
#3869 = CARTESIAN_POINT('',(-22.2,12.7,0.));
#3870 = VECTOR('',#3871,1.);
#3871 = DIRECTION('',(0.,0.,1.));
#3872 = PCURVE('',#177,#3873);
#3873 = DEFINITIONAL_REPRESENTATION('',(#3874),#3878);
#3874 = LINE('',#3875,#3876);
#3875 = CARTESIAN_POINT('',(0.,0.));
#3876 = VECTOR('',#3877,1.);
#3877 = DIRECTION('',(0.,-1.));
#3878 = ( GEOMETRIC_REPRESENTATION_CONTEXT(2) 
PARAMETRIC_REPRESENTATION_CONTEXT() REPRESENTATION_CONTEXT('2D SPACE',''
  ) );
#3879 = PCURVE('',#1864,#3880);
#3880 = DEFINITIONAL_REPRESENTATION('',(#3881),#3885);
#3881 = LINE('',#3882,#3883);
#3882 = CARTESIAN_POINT('',(0.336422235023,0.));
#3883 = VECTOR('',#3884,1.);
#3884 = DIRECTION('',(0.,-1.));
#3885 = ( GEOMETRIC_REPRESENTATION_CONTEXT(2) 
PARAMETRIC_REPRESENTATION_CONTEXT() REPRESENTATION_CONTEXT('2D SPACE',''
  ) );
#3886 = ORIENTED_EDGE('',*,*,#3541,.T.);
#3887 = ORIENTED_EDGE('',*,*,#159,.F.);
#3888 = ORIENTED_EDGE('',*,*,#1876,.F.);
#3889 = ADVANCED_FACE('',(#3890),#275,.T.);
#3890 = FACE_BOUND('',#3891,.T.);
#3891 = EDGE_LOOP('',(#3892,#3893,#3894,#3915));
#3892 = ORIENTED_EDGE('',*,*,#259,.T.);
#3893 = ORIENTED_EDGE('',*,*,#2253,.T.);
#3894 = ORIENTED_EDGE('',*,*,#3895,.F.);
#3895 = EDGE_CURVE('',#314,#2254,#3896,.T.);
#3896 = SURFACE_CURVE('',#3897,(#3901,#3908),.PCURVE_S1.);
#3897 = LINE('',#3898,#3899);
#3898 = CARTESIAN_POINT('',(23.501651,12.402907,0.));
#3899 = VECTOR('',#3900,1.);
#3900 = DIRECTION('',(0.,0.,1.));
#3901 = PCURVE('',#275,#3902);
#3902 = DEFINITIONAL_REPRESENTATION('',(#3903),#3907);
#3903 = LINE('',#3904,#3905);
#3904 = CARTESIAN_POINT('',(0.336422506151,0.));
#3905 = VECTOR('',#3906,1.);
#3906 = DIRECTION('',(0.,-1.));
#3907 = ( GEOMETRIC_REPRESENTATION_CONTEXT(2) 
PARAMETRIC_REPRESENTATION_CONTEXT() REPRESENTATION_CONTEXT('2D SPACE',''
  ) );
#3908 = PCURVE('',#352,#3909);
#3909 = DEFINITIONAL_REPRESENTATION('',(#3910),#3914);
#3910 = LINE('',#3911,#3912);
#3911 = CARTESIAN_POINT('',(0.,0.));
#3912 = VECTOR('',#3913,1.);
#3913 = DIRECTION('',(0.,-1.));
#3914 = ( GEOMETRIC_REPRESENTATION_CONTEXT(2) 
PARAMETRIC_REPRESENTATION_CONTEXT() REPRESENTATION_CONTEXT('2D SPACE',''
  ) );
#3915 = ORIENTED_EDGE('',*,*,#313,.F.);
#3916 = ADVANCED_FACE('',(#3917),#1864,.T.);
#3917 = FACE_BOUND('',#3918,.T.);
#3918 = EDGE_LOOP('',(#3919,#3940,#3941,#3942));
#3919 = ORIENTED_EDGE('',*,*,#3920,.T.);
#3920 = EDGE_CURVE('',#1821,#3496,#3921,.T.);
#3921 = SURFACE_CURVE('',#3922,(#3926,#3933),.PCURVE_S1.);
#3922 = LINE('',#3923,#3924);
#3923 = CARTESIAN_POINT('',(-22.535893,12.681137,0.));
#3924 = VECTOR('',#3925,1.);
#3925 = DIRECTION('',(0.,0.,1.));
#3926 = PCURVE('',#1864,#3927);
#3927 = DEFINITIONAL_REPRESENTATION('',(#3928),#3932);
#3928 = LINE('',#3929,#3930);
#3929 = CARTESIAN_POINT('',(0.,0.));
#3930 = VECTOR('',#3931,1.);
#3931 = DIRECTION('',(0.,-1.));
#3932 = ( GEOMETRIC_REPRESENTATION_CONTEXT(2) 
PARAMETRIC_REPRESENTATION_CONTEXT() REPRESENTATION_CONTEXT('2D SPACE',''
  ) );
#3933 = PCURVE('',#1836,#3934);
#3934 = DEFINITIONAL_REPRESENTATION('',(#3935),#3939);
#3935 = LINE('',#3936,#3937);
#3936 = CARTESIAN_POINT('',(0.336423318914,0.));
#3937 = VECTOR('',#3938,1.);
#3938 = DIRECTION('',(0.,-1.));
#3939 = ( GEOMETRIC_REPRESENTATION_CONTEXT(2) 
PARAMETRIC_REPRESENTATION_CONTEXT() REPRESENTATION_CONTEXT('2D SPACE',''
  ) );
#3940 = ORIENTED_EDGE('',*,*,#3518,.T.);
#3941 = ORIENTED_EDGE('',*,*,#3866,.F.);
#3942 = ORIENTED_EDGE('',*,*,#1848,.F.);
#3943 = ADVANCED_FACE('',(#3944),#352,.T.);
#3944 = FACE_BOUND('',#3945,.T.);
#3945 = EDGE_LOOP('',(#3946,#3947,#3948,#3969));
#3946 = ORIENTED_EDGE('',*,*,#3895,.T.);
#3947 = ORIENTED_EDGE('',*,*,#2276,.T.);
#3948 = ORIENTED_EDGE('',*,*,#3949,.F.);
#3949 = EDGE_CURVE('',#337,#2277,#3950,.T.);
#3950 = SURFACE_CURVE('',#3951,(#3955,#3962),.PCURVE_S1.);
#3951 = LINE('',#3952,#3953);
#3952 = CARTESIAN_POINT('',(23.796096,12.240173,0.));
#3953 = VECTOR('',#3954,1.);
#3954 = DIRECTION('',(0.,0.,1.));
#3955 = PCURVE('',#352,#3956);
#3956 = DEFINITIONAL_REPRESENTATION('',(#3957),#3961);
#3957 = LINE('',#3958,#3959);
#3958 = CARTESIAN_POINT('',(0.336422669838,0.));
#3959 = VECTOR('',#3960,1.);
#3960 = DIRECTION('',(0.,-1.));
#3961 = ( GEOMETRIC_REPRESENTATION_CONTEXT(2) 
PARAMETRIC_REPRESENTATION_CONTEXT() REPRESENTATION_CONTEXT('2D SPACE',''
  ) );
#3962 = PCURVE('',#380,#3963);
#3963 = DEFINITIONAL_REPRESENTATION('',(#3964),#3968);
#3964 = LINE('',#3965,#3966);
#3965 = CARTESIAN_POINT('',(0.,0.));
#3966 = VECTOR('',#3967,1.);
#3967 = DIRECTION('',(0.,-1.));
#3968 = ( GEOMETRIC_REPRESENTATION_CONTEXT(2) 
PARAMETRIC_REPRESENTATION_CONTEXT() REPRESENTATION_CONTEXT('2D SPACE',''
  ) );
#3969 = ORIENTED_EDGE('',*,*,#336,.F.);
#3970 = ADVANCED_FACE('',(#3971),#1836,.T.);
#3971 = FACE_BOUND('',#3972,.T.);
#3972 = EDGE_LOOP('',(#3973,#3994,#3995,#3996));
#3973 = ORIENTED_EDGE('',*,*,#3974,.T.);
#3974 = EDGE_CURVE('',#1793,#3473,#3975,.T.);
#3975 = SURFACE_CURVE('',#3976,(#3980,#3987),.PCURVE_S1.);
#3976 = LINE('',#3977,#3978);
#3977 = CARTESIAN_POINT('',(-22.867563,12.624784,0.));
#3978 = VECTOR('',#3979,1.);
#3979 = DIRECTION('',(0.,0.,1.));
#3980 = PCURVE('',#1836,#3981);
#3981 = DEFINITIONAL_REPRESENTATION('',(#3982),#3986);
#3982 = LINE('',#3983,#3984);
#3983 = CARTESIAN_POINT('',(0.,0.));
#3984 = VECTOR('',#3985,1.);
#3985 = DIRECTION('',(0.,-1.));
#3986 = ( GEOMETRIC_REPRESENTATION_CONTEXT(2) 
PARAMETRIC_REPRESENTATION_CONTEXT() REPRESENTATION_CONTEXT('2D SPACE',''
  ) );
#3987 = PCURVE('',#1808,#3988);
#3988 = DEFINITIONAL_REPRESENTATION('',(#3989),#3993);
#3989 = LINE('',#3990,#3991);
#3990 = CARTESIAN_POINT('',(0.336422384856,0.));
#3991 = VECTOR('',#3992,1.);
#3992 = DIRECTION('',(0.,-1.));
#3993 = ( GEOMETRIC_REPRESENTATION_CONTEXT(2) 
PARAMETRIC_REPRESENTATION_CONTEXT() REPRESENTATION_CONTEXT('2D SPACE',''
  ) );
#3994 = ORIENTED_EDGE('',*,*,#3495,.T.);
#3995 = ORIENTED_EDGE('',*,*,#3920,.F.);
#3996 = ORIENTED_EDGE('',*,*,#1820,.F.);
#3997 = ADVANCED_FACE('',(#3998),#380,.T.);
#3998 = FACE_BOUND('',#3999,.T.);
#3999 = EDGE_LOOP('',(#4000,#4001,#4002,#4023));
#4000 = ORIENTED_EDGE('',*,*,#3949,.T.);
#4001 = ORIENTED_EDGE('',*,*,#2299,.T.);
#4002 = ORIENTED_EDGE('',*,*,#4003,.F.);
#4003 = EDGE_CURVE('',#365,#2300,#4004,.T.);
#4004 = SURFACE_CURVE('',#4005,(#4009,#4016),.PCURVE_S1.);
#4005 = LINE('',#4006,#4007);
#4006 = CARTESIAN_POINT('',(24.070469,12.045494,0.));
#4007 = VECTOR('',#4008,1.);
#4008 = DIRECTION('',(0.,0.,1.));
#4009 = PCURVE('',#380,#4010);
#4010 = DEFINITIONAL_REPRESENTATION('',(#4011),#4015);
#4011 = LINE('',#4012,#4013);
#4012 = CARTESIAN_POINT('',(0.336423031569,0.));
#4013 = VECTOR('',#4014,1.);
#4014 = DIRECTION('',(0.,-1.));
#4015 = ( GEOMETRIC_REPRESENTATION_CONTEXT(2) 
PARAMETRIC_REPRESENTATION_CONTEXT() REPRESENTATION_CONTEXT('2D SPACE',''
  ) );
#4016 = PCURVE('',#408,#4017);
#4017 = DEFINITIONAL_REPRESENTATION('',(#4018),#4022);
#4018 = LINE('',#4019,#4020);
#4019 = CARTESIAN_POINT('',(0.,0.));
#4020 = VECTOR('',#4021,1.);
#4021 = DIRECTION('',(0.,-1.));
#4022 = ( GEOMETRIC_REPRESENTATION_CONTEXT(2) 
PARAMETRIC_REPRESENTATION_CONTEXT() REPRESENTATION_CONTEXT('2D SPACE',''
  ) );
#4023 = ORIENTED_EDGE('',*,*,#364,.F.);
#4024 = ADVANCED_FACE('',(#4025),#1808,.T.);
#4025 = FACE_BOUND('',#4026,.T.);
#4026 = EDGE_LOOP('',(#4027,#4048,#4049,#4050));
#4027 = ORIENTED_EDGE('',*,*,#4028,.T.);
#4028 = EDGE_CURVE('',#1765,#3450,#4029,.T.);
#4029 = SURFACE_CURVE('',#4030,(#4034,#4041),.PCURVE_S1.);
#4030 = LINE('',#4031,#4032);
#4031 = CARTESIAN_POINT('',(-23.190837,12.53165,0.));
#4032 = VECTOR('',#4033,1.);
#4033 = DIRECTION('',(0.,0.,1.));
#4034 = PCURVE('',#1808,#4035);
#4035 = DEFINITIONAL_REPRESENTATION('',(#4036),#4040);
#4036 = LINE('',#4037,#4038);
#4037 = CARTESIAN_POINT('',(0.,0.));
#4038 = VECTOR('',#4039,1.);
#4039 = DIRECTION('',(0.,-1.));
#4040 = ( GEOMETRIC_REPRESENTATION_CONTEXT(2) 
PARAMETRIC_REPRESENTATION_CONTEXT() REPRESENTATION_CONTEXT('2D SPACE',''
  ) );
#4041 = PCURVE('',#1780,#4042);
#4042 = DEFINITIONAL_REPRESENTATION('',(#4043),#4047);
#4043 = LINE('',#4044,#4045);
#4044 = CARTESIAN_POINT('',(0.336422506151,0.));
#4045 = VECTOR('',#4046,1.);
#4046 = DIRECTION('',(0.,-1.));
#4047 = ( GEOMETRIC_REPRESENTATION_CONTEXT(2) 
PARAMETRIC_REPRESENTATION_CONTEXT() REPRESENTATION_CONTEXT('2D SPACE',''
  ) );
#4048 = ORIENTED_EDGE('',*,*,#3472,.T.);
#4049 = ORIENTED_EDGE('',*,*,#3974,.F.);
#4050 = ORIENTED_EDGE('',*,*,#1792,.F.);
#4051 = ADVANCED_FACE('',(#4052),#408,.T.);
#4052 = FACE_BOUND('',#4053,.T.);
#4053 = EDGE_LOOP('',(#4054,#4055,#4056,#4077));
#4054 = ORIENTED_EDGE('',*,*,#4003,.T.);
#4055 = ORIENTED_EDGE('',*,*,#2322,.T.);
#4056 = ORIENTED_EDGE('',*,*,#4057,.F.);
#4057 = EDGE_CURVE('',#393,#2323,#4058,.T.);
#4058 = SURFACE_CURVE('',#4059,(#4063,#4070),.PCURVE_S1.);
#4059 = LINE('',#4060,#4061);
#4060 = CARTESIAN_POINT('',(24.32132,11.82132,0.));
#4061 = VECTOR('',#4062,1.);
#4062 = DIRECTION('',(0.,0.,1.));
#4063 = PCURVE('',#408,#4064);
#4064 = DEFINITIONAL_REPRESENTATION('',(#4065),#4069);
#4065 = LINE('',#4066,#4067);
#4066 = CARTESIAN_POINT('',(0.336422660469,0.));
#4067 = VECTOR('',#4068,1.);
#4068 = DIRECTION('',(0.,-1.));
#4069 = ( GEOMETRIC_REPRESENTATION_CONTEXT(2) 
PARAMETRIC_REPRESENTATION_CONTEXT() REPRESENTATION_CONTEXT('2D SPACE',''
  ) );
#4070 = PCURVE('',#436,#4071);
#4071 = DEFINITIONAL_REPRESENTATION('',(#4072),#4076);
#4072 = LINE('',#4073,#4074);
#4073 = CARTESIAN_POINT('',(0.,0.));
#4074 = VECTOR('',#4075,1.);
#4075 = DIRECTION('',(0.,-1.));
#4076 = ( GEOMETRIC_REPRESENTATION_CONTEXT(2) 
PARAMETRIC_REPRESENTATION_CONTEXT() REPRESENTATION_CONTEXT('2D SPACE',''
  ) );
#4077 = ORIENTED_EDGE('',*,*,#392,.F.);
#4078 = ADVANCED_FACE('',(#4079),#1780,.T.);
#4079 = FACE_BOUND('',#4080,.T.);
#4080 = EDGE_LOOP('',(#4081,#4102,#4103,#4104));
#4081 = ORIENTED_EDGE('',*,*,#4082,.T.);
#4082 = EDGE_CURVE('',#1737,#3427,#4083,.T.);
#4083 = SURFACE_CURVE('',#4084,(#4088,#4095),.PCURVE_S1.);
#4084 = LINE('',#4085,#4086);
#4085 = CARTESIAN_POINT('',(-23.501651,12.402907,0.));
#4086 = VECTOR('',#4087,1.);
#4087 = DIRECTION('',(0.,0.,1.));
#4088 = PCURVE('',#1780,#4089);
#4089 = DEFINITIONAL_REPRESENTATION('',(#4090),#4094);
#4090 = LINE('',#4091,#4092);
#4091 = CARTESIAN_POINT('',(0.,0.));
#4092 = VECTOR('',#4093,1.);
#4093 = DIRECTION('',(0.,-1.));
#4094 = ( GEOMETRIC_REPRESENTATION_CONTEXT(2) 
PARAMETRIC_REPRESENTATION_CONTEXT() REPRESENTATION_CONTEXT('2D SPACE',''
  ) );
#4095 = PCURVE('',#1752,#4096);
#4096 = DEFINITIONAL_REPRESENTATION('',(#4097),#4101);
#4097 = LINE('',#4098,#4099);
#4098 = CARTESIAN_POINT('',(0.336422669838,0.));
#4099 = VECTOR('',#4100,1.);
#4100 = DIRECTION('',(0.,-1.));
#4101 = ( GEOMETRIC_REPRESENTATION_CONTEXT(2) 
PARAMETRIC_REPRESENTATION_CONTEXT() REPRESENTATION_CONTEXT('2D SPACE',''
  ) );
#4102 = ORIENTED_EDGE('',*,*,#3449,.T.);
#4103 = ORIENTED_EDGE('',*,*,#4028,.F.);
#4104 = ORIENTED_EDGE('',*,*,#1764,.F.);
#4105 = ADVANCED_FACE('',(#4106),#436,.T.);
#4106 = FACE_BOUND('',#4107,.T.);
#4107 = EDGE_LOOP('',(#4108,#4109,#4110,#4131));
#4108 = ORIENTED_EDGE('',*,*,#4057,.T.);
#4109 = ORIENTED_EDGE('',*,*,#2345,.T.);
#4110 = ORIENTED_EDGE('',*,*,#4111,.F.);
#4111 = EDGE_CURVE('',#421,#2346,#4112,.T.);
#4112 = SURFACE_CURVE('',#4113,(#4117,#4124),.PCURVE_S1.);
#4113 = LINE('',#4114,#4115);
#4114 = CARTESIAN_POINT('',(24.545494,11.570469,0.));
#4115 = VECTOR('',#4116,1.);
#4116 = DIRECTION('',(0.,0.,1.));
#4117 = PCURVE('',#436,#4118);
#4118 = DEFINITIONAL_REPRESENTATION('',(#4119),#4123);
#4119 = LINE('',#4120,#4121);
#4120 = CARTESIAN_POINT('',(0.336422660469,0.));
#4121 = VECTOR('',#4122,1.);
#4122 = DIRECTION('',(0.,-1.));
#4123 = ( GEOMETRIC_REPRESENTATION_CONTEXT(2) 
PARAMETRIC_REPRESENTATION_CONTEXT() REPRESENTATION_CONTEXT('2D SPACE',''
  ) );
#4124 = PCURVE('',#464,#4125);
#4125 = DEFINITIONAL_REPRESENTATION('',(#4126),#4130);
#4126 = LINE('',#4127,#4128);
#4127 = CARTESIAN_POINT('',(0.,0.));
#4128 = VECTOR('',#4129,1.);
#4129 = DIRECTION('',(0.,-1.));
#4130 = ( GEOMETRIC_REPRESENTATION_CONTEXT(2) 
PARAMETRIC_REPRESENTATION_CONTEXT() REPRESENTATION_CONTEXT('2D SPACE',''
  ) );
#4131 = ORIENTED_EDGE('',*,*,#420,.F.);
#4132 = ADVANCED_FACE('',(#4133),#1752,.T.);
#4133 = FACE_BOUND('',#4134,.T.);
#4134 = EDGE_LOOP('',(#4135,#4156,#4157,#4158));
#4135 = ORIENTED_EDGE('',*,*,#4136,.T.);
#4136 = EDGE_CURVE('',#1709,#3404,#4137,.T.);
#4137 = SURFACE_CURVE('',#4138,(#4142,#4149),.PCURVE_S1.);
#4138 = LINE('',#4139,#4140);
#4139 = CARTESIAN_POINT('',(-23.796096,12.240173,0.));
#4140 = VECTOR('',#4141,1.);
#4141 = DIRECTION('',(0.,0.,1.));
#4142 = PCURVE('',#1752,#4143);
#4143 = DEFINITIONAL_REPRESENTATION('',(#4144),#4148);
#4144 = LINE('',#4145,#4146);
#4145 = CARTESIAN_POINT('',(0.,0.));
#4146 = VECTOR('',#4147,1.);
#4147 = DIRECTION('',(0.,-1.));
#4148 = ( GEOMETRIC_REPRESENTATION_CONTEXT(2) 
PARAMETRIC_REPRESENTATION_CONTEXT() REPRESENTATION_CONTEXT('2D SPACE',''
  ) );
#4149 = PCURVE('',#1724,#4150);
#4150 = DEFINITIONAL_REPRESENTATION('',(#4151),#4155);
#4151 = LINE('',#4152,#4153);
#4152 = CARTESIAN_POINT('',(0.336423031569,0.));
#4153 = VECTOR('',#4154,1.);
#4154 = DIRECTION('',(0.,-1.));
#4155 = ( GEOMETRIC_REPRESENTATION_CONTEXT(2) 
PARAMETRIC_REPRESENTATION_CONTEXT() REPRESENTATION_CONTEXT('2D SPACE',''
  ) );
#4156 = ORIENTED_EDGE('',*,*,#3426,.T.);
#4157 = ORIENTED_EDGE('',*,*,#4082,.F.);
#4158 = ORIENTED_EDGE('',*,*,#1736,.F.);
#4159 = ADVANCED_FACE('',(#4160),#464,.T.);
#4160 = FACE_BOUND('',#4161,.T.);
#4161 = EDGE_LOOP('',(#4162,#4163,#4164,#4185));
#4162 = ORIENTED_EDGE('',*,*,#4111,.T.);
#4163 = ORIENTED_EDGE('',*,*,#2368,.T.);
#4164 = ORIENTED_EDGE('',*,*,#4165,.F.);
#4165 = EDGE_CURVE('',#449,#2369,#4166,.T.);
#4166 = SURFACE_CURVE('',#4167,(#4171,#4178),.PCURVE_S1.);
#4167 = LINE('',#4168,#4169);
#4168 = CARTESIAN_POINT('',(24.740173,11.296096,0.));
#4169 = VECTOR('',#4170,1.);
#4170 = DIRECTION('',(0.,0.,1.));
#4171 = PCURVE('',#464,#4172);
#4172 = DEFINITIONAL_REPRESENTATION('',(#4173),#4177);
#4173 = LINE('',#4174,#4175);
#4174 = CARTESIAN_POINT('',(0.336423031569,0.));
#4175 = VECTOR('',#4176,1.);
#4176 = DIRECTION('',(0.,-1.));
#4177 = ( GEOMETRIC_REPRESENTATION_CONTEXT(2) 
PARAMETRIC_REPRESENTATION_CONTEXT() REPRESENTATION_CONTEXT('2D SPACE',''
  ) );
#4178 = PCURVE('',#492,#4179);
#4179 = DEFINITIONAL_REPRESENTATION('',(#4180),#4184);
#4180 = LINE('',#4181,#4182);
#4181 = CARTESIAN_POINT('',(0.,0.));
#4182 = VECTOR('',#4183,1.);
#4183 = DIRECTION('',(0.,-1.));
#4184 = ( GEOMETRIC_REPRESENTATION_CONTEXT(2) 
PARAMETRIC_REPRESENTATION_CONTEXT() REPRESENTATION_CONTEXT('2D SPACE',''
  ) );
#4185 = ORIENTED_EDGE('',*,*,#448,.F.);
#4186 = ADVANCED_FACE('',(#4187),#1724,.T.);
#4187 = FACE_BOUND('',#4188,.T.);
#4188 = EDGE_LOOP('',(#4189,#4210,#4211,#4212));
#4189 = ORIENTED_EDGE('',*,*,#4190,.T.);
#4190 = EDGE_CURVE('',#1681,#3381,#4191,.T.);
#4191 = SURFACE_CURVE('',#4192,(#4196,#4203),.PCURVE_S1.);
#4192 = LINE('',#4193,#4194);
#4193 = CARTESIAN_POINT('',(-24.070469,12.045494,0.));
#4194 = VECTOR('',#4195,1.);
#4195 = DIRECTION('',(0.,0.,1.));
#4196 = PCURVE('',#1724,#4197);
#4197 = DEFINITIONAL_REPRESENTATION('',(#4198),#4202);
#4198 = LINE('',#4199,#4200);
#4199 = CARTESIAN_POINT('',(0.,0.));
#4200 = VECTOR('',#4201,1.);
#4201 = DIRECTION('',(0.,-1.));
#4202 = ( GEOMETRIC_REPRESENTATION_CONTEXT(2) 
PARAMETRIC_REPRESENTATION_CONTEXT() REPRESENTATION_CONTEXT('2D SPACE',''
  ) );
#4203 = PCURVE('',#1696,#4204);
#4204 = DEFINITIONAL_REPRESENTATION('',(#4205),#4209);
#4205 = LINE('',#4206,#4207);
#4206 = CARTESIAN_POINT('',(0.336422660469,0.));
#4207 = VECTOR('',#4208,1.);
#4208 = DIRECTION('',(0.,-1.));
#4209 = ( GEOMETRIC_REPRESENTATION_CONTEXT(2) 
PARAMETRIC_REPRESENTATION_CONTEXT() REPRESENTATION_CONTEXT('2D SPACE',''
  ) );
#4210 = ORIENTED_EDGE('',*,*,#3403,.T.);
#4211 = ORIENTED_EDGE('',*,*,#4136,.F.);
#4212 = ORIENTED_EDGE('',*,*,#1708,.F.);
#4213 = ADVANCED_FACE('',(#4214),#492,.T.);
#4214 = FACE_BOUND('',#4215,.T.);
#4215 = EDGE_LOOP('',(#4216,#4217,#4218,#4239));
#4216 = ORIENTED_EDGE('',*,*,#4165,.T.);
#4217 = ORIENTED_EDGE('',*,*,#2391,.T.);
#4218 = ORIENTED_EDGE('',*,*,#4219,.F.);
#4219 = EDGE_CURVE('',#477,#2392,#4220,.T.);
#4220 = SURFACE_CURVE('',#4221,(#4225,#4232),.PCURVE_S1.);
#4221 = LINE('',#4222,#4223);
#4222 = CARTESIAN_POINT('',(24.902907,11.001651,0.));
#4223 = VECTOR('',#4224,1.);
#4224 = DIRECTION('',(0.,0.,1.));
#4225 = PCURVE('',#492,#4226);
#4226 = DEFINITIONAL_REPRESENTATION('',(#4227),#4231);
#4227 = LINE('',#4228,#4229);
#4228 = CARTESIAN_POINT('',(0.336422669838,0.));
#4229 = VECTOR('',#4230,1.);
#4230 = DIRECTION('',(0.,-1.));
#4231 = ( GEOMETRIC_REPRESENTATION_CONTEXT(2) 
PARAMETRIC_REPRESENTATION_CONTEXT() REPRESENTATION_CONTEXT('2D SPACE',''
  ) );
#4232 = PCURVE('',#520,#4233);
#4233 = DEFINITIONAL_REPRESENTATION('',(#4234),#4238);
#4234 = LINE('',#4235,#4236);
#4235 = CARTESIAN_POINT('',(0.,0.));
#4236 = VECTOR('',#4237,1.);
#4237 = DIRECTION('',(0.,-1.));
#4238 = ( GEOMETRIC_REPRESENTATION_CONTEXT(2) 
PARAMETRIC_REPRESENTATION_CONTEXT() REPRESENTATION_CONTEXT('2D SPACE',''
  ) );
#4239 = ORIENTED_EDGE('',*,*,#476,.F.);
#4240 = ADVANCED_FACE('',(#4241),#1696,.T.);
#4241 = FACE_BOUND('',#4242,.T.);
#4242 = EDGE_LOOP('',(#4243,#4264,#4265,#4266));
#4243 = ORIENTED_EDGE('',*,*,#4244,.T.);
#4244 = EDGE_CURVE('',#1653,#3358,#4245,.T.);
#4245 = SURFACE_CURVE('',#4246,(#4250,#4257),.PCURVE_S1.);
#4246 = LINE('',#4247,#4248);
#4247 = CARTESIAN_POINT('',(-24.32132,11.82132,0.));
#4248 = VECTOR('',#4249,1.);
#4249 = DIRECTION('',(0.,0.,1.));
#4250 = PCURVE('',#1696,#4251);
#4251 = DEFINITIONAL_REPRESENTATION('',(#4252),#4256);
#4252 = LINE('',#4253,#4254);
#4253 = CARTESIAN_POINT('',(0.,0.));
#4254 = VECTOR('',#4255,1.);
#4255 = DIRECTION('',(0.,-1.));
#4256 = ( GEOMETRIC_REPRESENTATION_CONTEXT(2) 
PARAMETRIC_REPRESENTATION_CONTEXT() REPRESENTATION_CONTEXT('2D SPACE',''
  ) );
#4257 = PCURVE('',#1668,#4258);
#4258 = DEFINITIONAL_REPRESENTATION('',(#4259),#4263);
#4259 = LINE('',#4260,#4261);
#4260 = CARTESIAN_POINT('',(0.336422660469,0.));
#4261 = VECTOR('',#4262,1.);
#4262 = DIRECTION('',(0.,-1.));
#4263 = ( GEOMETRIC_REPRESENTATION_CONTEXT(2) 
PARAMETRIC_REPRESENTATION_CONTEXT() REPRESENTATION_CONTEXT('2D SPACE',''
  ) );
#4264 = ORIENTED_EDGE('',*,*,#3380,.T.);
#4265 = ORIENTED_EDGE('',*,*,#4190,.F.);
#4266 = ORIENTED_EDGE('',*,*,#1680,.F.);
#4267 = ADVANCED_FACE('',(#4268),#520,.T.);
#4268 = FACE_BOUND('',#4269,.T.);
#4269 = EDGE_LOOP('',(#4270,#4271,#4272,#4293));
#4270 = ORIENTED_EDGE('',*,*,#4219,.T.);
#4271 = ORIENTED_EDGE('',*,*,#2414,.T.);
#4272 = ORIENTED_EDGE('',*,*,#4273,.F.);
#4273 = EDGE_CURVE('',#505,#2415,#4274,.T.);
#4274 = SURFACE_CURVE('',#4275,(#4279,#4286),.PCURVE_S1.);
#4275 = LINE('',#4276,#4277);
#4276 = CARTESIAN_POINT('',(25.03165,10.690837,0.));
#4277 = VECTOR('',#4278,1.);
#4278 = DIRECTION('',(0.,0.,1.));
#4279 = PCURVE('',#520,#4280);
#4280 = DEFINITIONAL_REPRESENTATION('',(#4281),#4285);
#4281 = LINE('',#4282,#4283);
#4282 = CARTESIAN_POINT('',(0.336422506151,0.));
#4283 = VECTOR('',#4284,1.);
#4284 = DIRECTION('',(0.,-1.));
#4285 = ( GEOMETRIC_REPRESENTATION_CONTEXT(2) 
PARAMETRIC_REPRESENTATION_CONTEXT() REPRESENTATION_CONTEXT('2D SPACE',''
  ) );
#4286 = PCURVE('',#548,#4287);
#4287 = DEFINITIONAL_REPRESENTATION('',(#4288),#4292);
#4288 = LINE('',#4289,#4290);
#4289 = CARTESIAN_POINT('',(0.,0.));
#4290 = VECTOR('',#4291,1.);
#4291 = DIRECTION('',(0.,-1.));
#4292 = ( GEOMETRIC_REPRESENTATION_CONTEXT(2) 
PARAMETRIC_REPRESENTATION_CONTEXT() REPRESENTATION_CONTEXT('2D SPACE',''
  ) );
#4293 = ORIENTED_EDGE('',*,*,#504,.F.);
#4294 = ADVANCED_FACE('',(#4295),#1668,.T.);
#4295 = FACE_BOUND('',#4296,.T.);
#4296 = EDGE_LOOP('',(#4297,#4318,#4319,#4320));
#4297 = ORIENTED_EDGE('',*,*,#4298,.T.);
#4298 = EDGE_CURVE('',#1625,#3335,#4299,.T.);
#4299 = SURFACE_CURVE('',#4300,(#4304,#4311),.PCURVE_S1.);
#4300 = LINE('',#4301,#4302);
#4301 = CARTESIAN_POINT('',(-24.545494,11.570469,0.));
#4302 = VECTOR('',#4303,1.);
#4303 = DIRECTION('',(0.,0.,1.));
#4304 = PCURVE('',#1668,#4305);
#4305 = DEFINITIONAL_REPRESENTATION('',(#4306),#4310);
#4306 = LINE('',#4307,#4308);
#4307 = CARTESIAN_POINT('',(0.,0.));
#4308 = VECTOR('',#4309,1.);
#4309 = DIRECTION('',(0.,-1.));
#4310 = ( GEOMETRIC_REPRESENTATION_CONTEXT(2) 
PARAMETRIC_REPRESENTATION_CONTEXT() REPRESENTATION_CONTEXT('2D SPACE',''
  ) );
#4311 = PCURVE('',#1640,#4312);
#4312 = DEFINITIONAL_REPRESENTATION('',(#4313),#4317);
#4313 = LINE('',#4314,#4315);
#4314 = CARTESIAN_POINT('',(0.336423031569,0.));
#4315 = VECTOR('',#4316,1.);
#4316 = DIRECTION('',(0.,-1.));
#4317 = ( GEOMETRIC_REPRESENTATION_CONTEXT(2) 
PARAMETRIC_REPRESENTATION_CONTEXT() REPRESENTATION_CONTEXT('2D SPACE',''
  ) );
#4318 = ORIENTED_EDGE('',*,*,#3357,.T.);
#4319 = ORIENTED_EDGE('',*,*,#4244,.F.);
#4320 = ORIENTED_EDGE('',*,*,#1652,.F.);
#4321 = ADVANCED_FACE('',(#4322),#548,.T.);
#4322 = FACE_BOUND('',#4323,.T.);
#4323 = EDGE_LOOP('',(#4324,#4325,#4326,#4347));
#4324 = ORIENTED_EDGE('',*,*,#4273,.T.);
#4325 = ORIENTED_EDGE('',*,*,#2437,.T.);
#4326 = ORIENTED_EDGE('',*,*,#4327,.F.);
#4327 = EDGE_CURVE('',#533,#2438,#4328,.T.);
#4328 = SURFACE_CURVE('',#4329,(#4333,#4340),.PCURVE_S1.);
#4329 = LINE('',#4330,#4331);
#4330 = CARTESIAN_POINT('',(25.124784,10.367563,0.));
#4331 = VECTOR('',#4332,1.);
#4332 = DIRECTION('',(0.,0.,1.));
#4333 = PCURVE('',#548,#4334);
#4334 = DEFINITIONAL_REPRESENTATION('',(#4335),#4339);
#4335 = LINE('',#4336,#4337);
#4336 = CARTESIAN_POINT('',(0.336422384856,0.));
#4337 = VECTOR('',#4338,1.);
#4338 = DIRECTION('',(0.,-1.));
#4339 = ( GEOMETRIC_REPRESENTATION_CONTEXT(2) 
PARAMETRIC_REPRESENTATION_CONTEXT() REPRESENTATION_CONTEXT('2D SPACE',''
  ) );
#4340 = PCURVE('',#576,#4341);
#4341 = DEFINITIONAL_REPRESENTATION('',(#4342),#4346);
#4342 = LINE('',#4343,#4344);
#4343 = CARTESIAN_POINT('',(0.,0.));
#4344 = VECTOR('',#4345,1.);
#4345 = DIRECTION('',(0.,-1.));
#4346 = ( GEOMETRIC_REPRESENTATION_CONTEXT(2) 
PARAMETRIC_REPRESENTATION_CONTEXT() REPRESENTATION_CONTEXT('2D SPACE',''
  ) );
#4347 = ORIENTED_EDGE('',*,*,#532,.F.);
#4348 = ADVANCED_FACE('',(#4349),#1640,.T.);
#4349 = FACE_BOUND('',#4350,.T.);
#4350 = EDGE_LOOP('',(#4351,#4372,#4373,#4374));
#4351 = ORIENTED_EDGE('',*,*,#4352,.T.);
#4352 = EDGE_CURVE('',#1597,#3312,#4353,.T.);
#4353 = SURFACE_CURVE('',#4354,(#4358,#4365),.PCURVE_S1.);
#4354 = LINE('',#4355,#4356);
#4355 = CARTESIAN_POINT('',(-24.740173,11.296096,0.));
#4356 = VECTOR('',#4357,1.);
#4357 = DIRECTION('',(0.,0.,1.));
#4358 = PCURVE('',#1640,#4359);
#4359 = DEFINITIONAL_REPRESENTATION('',(#4360),#4364);
#4360 = LINE('',#4361,#4362);
#4361 = CARTESIAN_POINT('',(0.,0.));
#4362 = VECTOR('',#4363,1.);
#4363 = DIRECTION('',(0.,-1.));
#4364 = ( GEOMETRIC_REPRESENTATION_CONTEXT(2) 
PARAMETRIC_REPRESENTATION_CONTEXT() REPRESENTATION_CONTEXT('2D SPACE',''
  ) );
#4365 = PCURVE('',#1612,#4366);
#4366 = DEFINITIONAL_REPRESENTATION('',(#4367),#4371);
#4367 = LINE('',#4368,#4369);
#4368 = CARTESIAN_POINT('',(0.336422669838,0.));
#4369 = VECTOR('',#4370,1.);
#4370 = DIRECTION('',(0.,-1.));
#4371 = ( GEOMETRIC_REPRESENTATION_CONTEXT(2) 
PARAMETRIC_REPRESENTATION_CONTEXT() REPRESENTATION_CONTEXT('2D SPACE',''
  ) );
#4372 = ORIENTED_EDGE('',*,*,#3334,.T.);
#4373 = ORIENTED_EDGE('',*,*,#4298,.F.);
#4374 = ORIENTED_EDGE('',*,*,#1624,.F.);
#4375 = ADVANCED_FACE('',(#4376),#576,.T.);
#4376 = FACE_BOUND('',#4377,.T.);
#4377 = EDGE_LOOP('',(#4378,#4379,#4380,#4401));
#4378 = ORIENTED_EDGE('',*,*,#4327,.T.);
#4379 = ORIENTED_EDGE('',*,*,#2460,.T.);
#4380 = ORIENTED_EDGE('',*,*,#4381,.F.);
#4381 = EDGE_CURVE('',#561,#2461,#4382,.T.);
#4382 = SURFACE_CURVE('',#4383,(#4387,#4394),.PCURVE_S1.);
#4383 = LINE('',#4384,#4385);
#4384 = CARTESIAN_POINT('',(25.181137,10.035893,0.));
#4385 = VECTOR('',#4386,1.);
#4386 = DIRECTION('',(0.,0.,1.));
#4387 = PCURVE('',#576,#4388);
#4388 = DEFINITIONAL_REPRESENTATION('',(#4389),#4393);
#4389 = LINE('',#4390,#4391);
#4390 = CARTESIAN_POINT('',(0.336423318914,0.));
#4391 = VECTOR('',#4392,1.);
#4392 = DIRECTION('',(0.,-1.));
#4393 = ( GEOMETRIC_REPRESENTATION_CONTEXT(2) 
PARAMETRIC_REPRESENTATION_CONTEXT() REPRESENTATION_CONTEXT('2D SPACE',''
  ) );
#4394 = PCURVE('',#604,#4395);
#4395 = DEFINITIONAL_REPRESENTATION('',(#4396),#4400);
#4396 = LINE('',#4397,#4398);
#4397 = CARTESIAN_POINT('',(0.,0.));
#4398 = VECTOR('',#4399,1.);
#4399 = DIRECTION('',(0.,-1.));
#4400 = ( GEOMETRIC_REPRESENTATION_CONTEXT(2) 
PARAMETRIC_REPRESENTATION_CONTEXT() REPRESENTATION_CONTEXT('2D SPACE',''
  ) );
#4401 = ORIENTED_EDGE('',*,*,#560,.F.);
#4402 = ADVANCED_FACE('',(#4403),#1612,.T.);
#4403 = FACE_BOUND('',#4404,.T.);
#4404 = EDGE_LOOP('',(#4405,#4426,#4427,#4428));
#4405 = ORIENTED_EDGE('',*,*,#4406,.T.);
#4406 = EDGE_CURVE('',#1569,#3289,#4407,.T.);
#4407 = SURFACE_CURVE('',#4408,(#4412,#4419),.PCURVE_S1.);
#4408 = LINE('',#4409,#4410);
#4409 = CARTESIAN_POINT('',(-24.902907,11.001651,0.));
#4410 = VECTOR('',#4411,1.);
#4411 = DIRECTION('',(0.,0.,1.));
#4412 = PCURVE('',#1612,#4413);
#4413 = DEFINITIONAL_REPRESENTATION('',(#4414),#4418);
#4414 = LINE('',#4415,#4416);
#4415 = CARTESIAN_POINT('',(0.,0.));
#4416 = VECTOR('',#4417,1.);
#4417 = DIRECTION('',(0.,-1.));
#4418 = ( GEOMETRIC_REPRESENTATION_CONTEXT(2) 
PARAMETRIC_REPRESENTATION_CONTEXT() REPRESENTATION_CONTEXT('2D SPACE',''
  ) );
#4419 = PCURVE('',#1584,#4420);
#4420 = DEFINITIONAL_REPRESENTATION('',(#4421),#4425);
#4421 = LINE('',#4422,#4423);
#4422 = CARTESIAN_POINT('',(0.336422506151,0.));
#4423 = VECTOR('',#4424,1.);
#4424 = DIRECTION('',(0.,-1.));
#4425 = ( GEOMETRIC_REPRESENTATION_CONTEXT(2) 
PARAMETRIC_REPRESENTATION_CONTEXT() REPRESENTATION_CONTEXT('2D SPACE',''
  ) );
#4426 = ORIENTED_EDGE('',*,*,#3311,.T.);
#4427 = ORIENTED_EDGE('',*,*,#4352,.F.);
#4428 = ORIENTED_EDGE('',*,*,#1596,.F.);
#4429 = ADVANCED_FACE('',(#4430),#604,.T.);
#4430 = FACE_BOUND('',#4431,.T.);
#4431 = EDGE_LOOP('',(#4432,#4433,#4434,#4455));
#4432 = ORIENTED_EDGE('',*,*,#4381,.T.);
#4433 = ORIENTED_EDGE('',*,*,#2483,.T.);
#4434 = ORIENTED_EDGE('',*,*,#4435,.F.);
#4435 = EDGE_CURVE('',#589,#2484,#4436,.T.);
#4436 = SURFACE_CURVE('',#4437,(#4441,#4448),.PCURVE_S1.);
#4437 = LINE('',#4438,#4439);
#4438 = CARTESIAN_POINT('',(25.2,9.7,0.));
#4439 = VECTOR('',#4440,1.);
#4440 = DIRECTION('',(0.,0.,1.));
#4441 = PCURVE('',#604,#4442);
#4442 = DEFINITIONAL_REPRESENTATION('',(#4443),#4447);
#4443 = LINE('',#4444,#4445);
#4444 = CARTESIAN_POINT('',(0.336422235023,0.));
#4445 = VECTOR('',#4446,1.);
#4446 = DIRECTION('',(0.,-1.));
#4447 = ( GEOMETRIC_REPRESENTATION_CONTEXT(2) 
PARAMETRIC_REPRESENTATION_CONTEXT() REPRESENTATION_CONTEXT('2D SPACE',''
  ) );
#4448 = PCURVE('',#632,#4449);
#4449 = DEFINITIONAL_REPRESENTATION('',(#4450),#4454);
#4450 = LINE('',#4451,#4452);
#4451 = CARTESIAN_POINT('',(0.,0.));
#4452 = VECTOR('',#4453,1.);
#4453 = DIRECTION('',(0.,-1.));
#4454 = ( GEOMETRIC_REPRESENTATION_CONTEXT(2) 
PARAMETRIC_REPRESENTATION_CONTEXT() REPRESENTATION_CONTEXT('2D SPACE',''
  ) );
#4455 = ORIENTED_EDGE('',*,*,#588,.F.);
#4456 = ADVANCED_FACE('',(#4457),#1584,.T.);
#4457 = FACE_BOUND('',#4458,.T.);
#4458 = EDGE_LOOP('',(#4459,#4480,#4481,#4482));
#4459 = ORIENTED_EDGE('',*,*,#4460,.T.);
#4460 = EDGE_CURVE('',#1541,#3266,#4461,.T.);
#4461 = SURFACE_CURVE('',#4462,(#4466,#4473),.PCURVE_S1.);
#4462 = LINE('',#4463,#4464);
#4463 = CARTESIAN_POINT('',(-25.03165,10.690837,0.));
#4464 = VECTOR('',#4465,1.);
#4465 = DIRECTION('',(0.,0.,1.));
#4466 = PCURVE('',#1584,#4467);
#4467 = DEFINITIONAL_REPRESENTATION('',(#4468),#4472);
#4468 = LINE('',#4469,#4470);
#4469 = CARTESIAN_POINT('',(0.,0.));
#4470 = VECTOR('',#4471,1.);
#4471 = DIRECTION('',(0.,-1.));
#4472 = ( GEOMETRIC_REPRESENTATION_CONTEXT(2) 
PARAMETRIC_REPRESENTATION_CONTEXT() REPRESENTATION_CONTEXT('2D SPACE',''
  ) );
#4473 = PCURVE('',#1556,#4474);
#4474 = DEFINITIONAL_REPRESENTATION('',(#4475),#4479);
#4475 = LINE('',#4476,#4477);
#4476 = CARTESIAN_POINT('',(0.336422384856,0.));
#4477 = VECTOR('',#4478,1.);
#4478 = DIRECTION('',(0.,-1.));
#4479 = ( GEOMETRIC_REPRESENTATION_CONTEXT(2) 
PARAMETRIC_REPRESENTATION_CONTEXT() REPRESENTATION_CONTEXT('2D SPACE',''
  ) );
#4480 = ORIENTED_EDGE('',*,*,#3288,.T.);
#4481 = ORIENTED_EDGE('',*,*,#4406,.F.);
#4482 = ORIENTED_EDGE('',*,*,#1568,.F.);
#4483 = ADVANCED_FACE('',(#4484),#632,.T.);
#4484 = FACE_BOUND('',#4485,.T.);
#4485 = EDGE_LOOP('',(#4486,#4487,#4488,#4509));
#4486 = ORIENTED_EDGE('',*,*,#4435,.T.);
#4487 = ORIENTED_EDGE('',*,*,#2506,.T.);
#4488 = ORIENTED_EDGE('',*,*,#4489,.F.);
#4489 = EDGE_CURVE('',#617,#2507,#4490,.T.);
#4490 = SURFACE_CURVE('',#4491,(#4495,#4502),.PCURVE_S1.);
#4491 = LINE('',#4492,#4493);
#4492 = CARTESIAN_POINT('',(25.2,-9.7,0.));
#4493 = VECTOR('',#4494,1.);
#4494 = DIRECTION('',(0.,0.,1.));
#4495 = PCURVE('',#632,#4496);
#4496 = DEFINITIONAL_REPRESENTATION('',(#4497),#4501);
#4497 = LINE('',#4498,#4499);
#4498 = CARTESIAN_POINT('',(19.4,0.));
#4499 = VECTOR('',#4500,1.);
#4500 = DIRECTION('',(0.,-1.));
#4501 = ( GEOMETRIC_REPRESENTATION_CONTEXT(2) 
PARAMETRIC_REPRESENTATION_CONTEXT() REPRESENTATION_CONTEXT('2D SPACE',''
  ) );
#4502 = PCURVE('',#660,#4503);
#4503 = DEFINITIONAL_REPRESENTATION('',(#4504),#4508);
#4504 = LINE('',#4505,#4506);
#4505 = CARTESIAN_POINT('',(0.,0.));
#4506 = VECTOR('',#4507,1.);
#4507 = DIRECTION('',(0.,-1.));
#4508 = ( GEOMETRIC_REPRESENTATION_CONTEXT(2) 
PARAMETRIC_REPRESENTATION_CONTEXT() REPRESENTATION_CONTEXT('2D SPACE',''
  ) );
#4509 = ORIENTED_EDGE('',*,*,#616,.F.);
#4510 = ADVANCED_FACE('',(#4511),#1556,.T.);
#4511 = FACE_BOUND('',#4512,.T.);
#4512 = EDGE_LOOP('',(#4513,#4534,#4535,#4536));
#4513 = ORIENTED_EDGE('',*,*,#4514,.T.);
#4514 = EDGE_CURVE('',#1513,#3243,#4515,.T.);
#4515 = SURFACE_CURVE('',#4516,(#4520,#4527),.PCURVE_S1.);
#4516 = LINE('',#4517,#4518);
#4517 = CARTESIAN_POINT('',(-25.124784,10.367563,0.));
#4518 = VECTOR('',#4519,1.);
#4519 = DIRECTION('',(0.,0.,1.));
#4520 = PCURVE('',#1556,#4521);
#4521 = DEFINITIONAL_REPRESENTATION('',(#4522),#4526);
#4522 = LINE('',#4523,#4524);
#4523 = CARTESIAN_POINT('',(0.,0.));
#4524 = VECTOR('',#4525,1.);
#4525 = DIRECTION('',(0.,-1.));
#4526 = ( GEOMETRIC_REPRESENTATION_CONTEXT(2) 
PARAMETRIC_REPRESENTATION_CONTEXT() REPRESENTATION_CONTEXT('2D SPACE',''
  ) );
#4527 = PCURVE('',#1528,#4528);
#4528 = DEFINITIONAL_REPRESENTATION('',(#4529),#4533);
#4529 = LINE('',#4530,#4531);
#4530 = CARTESIAN_POINT('',(0.336423318914,0.));
#4531 = VECTOR('',#4532,1.);
#4532 = DIRECTION('',(0.,-1.));
#4533 = ( GEOMETRIC_REPRESENTATION_CONTEXT(2) 
PARAMETRIC_REPRESENTATION_CONTEXT() REPRESENTATION_CONTEXT('2D SPACE',''
  ) );
#4534 = ORIENTED_EDGE('',*,*,#3265,.T.);
#4535 = ORIENTED_EDGE('',*,*,#4460,.F.);
#4536 = ORIENTED_EDGE('',*,*,#1540,.F.);
#4537 = ADVANCED_FACE('',(#4538),#660,.T.);
#4538 = FACE_BOUND('',#4539,.T.);
#4539 = EDGE_LOOP('',(#4540,#4541,#4542,#4563));
#4540 = ORIENTED_EDGE('',*,*,#4489,.T.);
#4541 = ORIENTED_EDGE('',*,*,#2529,.T.);
#4542 = ORIENTED_EDGE('',*,*,#4543,.F.);
#4543 = EDGE_CURVE('',#645,#2530,#4544,.T.);
#4544 = SURFACE_CURVE('',#4545,(#4549,#4556),.PCURVE_S1.);
#4545 = LINE('',#4546,#4547);
#4546 = CARTESIAN_POINT('',(25.181137,-10.035893,0.));
#4547 = VECTOR('',#4548,1.);
#4548 = DIRECTION('',(0.,0.,1.));
#4549 = PCURVE('',#660,#4550);
#4550 = DEFINITIONAL_REPRESENTATION('',(#4551),#4555);
#4551 = LINE('',#4552,#4553);
#4552 = CARTESIAN_POINT('',(0.336422235023,0.));
#4553 = VECTOR('',#4554,1.);
#4554 = DIRECTION('',(0.,-1.));
#4555 = ( GEOMETRIC_REPRESENTATION_CONTEXT(2) 
PARAMETRIC_REPRESENTATION_CONTEXT() REPRESENTATION_CONTEXT('2D SPACE',''
  ) );
#4556 = PCURVE('',#688,#4557);
#4557 = DEFINITIONAL_REPRESENTATION('',(#4558),#4562);
#4558 = LINE('',#4559,#4560);
#4559 = CARTESIAN_POINT('',(0.,0.));
#4560 = VECTOR('',#4561,1.);
#4561 = DIRECTION('',(0.,-1.));
#4562 = ( GEOMETRIC_REPRESENTATION_CONTEXT(2) 
PARAMETRIC_REPRESENTATION_CONTEXT() REPRESENTATION_CONTEXT('2D SPACE',''
  ) );
#4563 = ORIENTED_EDGE('',*,*,#644,.F.);
#4564 = ADVANCED_FACE('',(#4565),#1528,.T.);
#4565 = FACE_BOUND('',#4566,.T.);
#4566 = EDGE_LOOP('',(#4567,#4588,#4589,#4590));
#4567 = ORIENTED_EDGE('',*,*,#4568,.T.);
#4568 = EDGE_CURVE('',#1485,#3220,#4569,.T.);
#4569 = SURFACE_CURVE('',#4570,(#4574,#4581),.PCURVE_S1.);
#4570 = LINE('',#4571,#4572);
#4571 = CARTESIAN_POINT('',(-25.181137,10.035893,0.));
#4572 = VECTOR('',#4573,1.);
#4573 = DIRECTION('',(0.,0.,1.));
#4574 = PCURVE('',#1528,#4575);
#4575 = DEFINITIONAL_REPRESENTATION('',(#4576),#4580);
#4576 = LINE('',#4577,#4578);
#4577 = CARTESIAN_POINT('',(0.,0.));
#4578 = VECTOR('',#4579,1.);
#4579 = DIRECTION('',(0.,-1.));
#4580 = ( GEOMETRIC_REPRESENTATION_CONTEXT(2) 
PARAMETRIC_REPRESENTATION_CONTEXT() REPRESENTATION_CONTEXT('2D SPACE',''
  ) );
#4581 = PCURVE('',#1500,#4582);
#4582 = DEFINITIONAL_REPRESENTATION('',(#4583),#4587);
#4583 = LINE('',#4584,#4585);
#4584 = CARTESIAN_POINT('',(0.336422235023,0.));
#4585 = VECTOR('',#4586,1.);
#4586 = DIRECTION('',(0.,-1.));
#4587 = ( GEOMETRIC_REPRESENTATION_CONTEXT(2) 
PARAMETRIC_REPRESENTATION_CONTEXT() REPRESENTATION_CONTEXT('2D SPACE',''
  ) );
#4588 = ORIENTED_EDGE('',*,*,#3242,.T.);
#4589 = ORIENTED_EDGE('',*,*,#4514,.F.);
#4590 = ORIENTED_EDGE('',*,*,#1512,.F.);
#4591 = ADVANCED_FACE('',(#4592),#688,.T.);
#4592 = FACE_BOUND('',#4593,.T.);
#4593 = EDGE_LOOP('',(#4594,#4595,#4596,#4617));
#4594 = ORIENTED_EDGE('',*,*,#4543,.T.);
#4595 = ORIENTED_EDGE('',*,*,#2552,.T.);
#4596 = ORIENTED_EDGE('',*,*,#4597,.F.);
#4597 = EDGE_CURVE('',#673,#2553,#4598,.T.);
#4598 = SURFACE_CURVE('',#4599,(#4603,#4610),.PCURVE_S1.);
#4599 = LINE('',#4600,#4601);
#4600 = CARTESIAN_POINT('',(25.124784,-10.367563,0.));
#4601 = VECTOR('',#4602,1.);
#4602 = DIRECTION('',(0.,0.,1.));
#4603 = PCURVE('',#688,#4604);
#4604 = DEFINITIONAL_REPRESENTATION('',(#4605),#4609);
#4605 = LINE('',#4606,#4607);
#4606 = CARTESIAN_POINT('',(0.336423318914,0.));
#4607 = VECTOR('',#4608,1.);
#4608 = DIRECTION('',(0.,-1.));
#4609 = ( GEOMETRIC_REPRESENTATION_CONTEXT(2) 
PARAMETRIC_REPRESENTATION_CONTEXT() REPRESENTATION_CONTEXT('2D SPACE',''
  ) );
#4610 = PCURVE('',#716,#4611);
#4611 = DEFINITIONAL_REPRESENTATION('',(#4612),#4616);
#4612 = LINE('',#4613,#4614);
#4613 = CARTESIAN_POINT('',(0.,0.));
#4614 = VECTOR('',#4615,1.);
#4615 = DIRECTION('',(0.,-1.));
#4616 = ( GEOMETRIC_REPRESENTATION_CONTEXT(2) 
PARAMETRIC_REPRESENTATION_CONTEXT() REPRESENTATION_CONTEXT('2D SPACE',''
  ) );
#4617 = ORIENTED_EDGE('',*,*,#672,.F.);
#4618 = ADVANCED_FACE('',(#4619),#1500,.T.);
#4619 = FACE_BOUND('',#4620,.T.);
#4620 = EDGE_LOOP('',(#4621,#4642,#4643,#4644));
#4621 = ORIENTED_EDGE('',*,*,#4622,.T.);
#4622 = EDGE_CURVE('',#1457,#3197,#4623,.T.);
#4623 = SURFACE_CURVE('',#4624,(#4628,#4635),.PCURVE_S1.);
#4624 = LINE('',#4625,#4626);
#4625 = CARTESIAN_POINT('',(-25.2,9.7,0.));
#4626 = VECTOR('',#4627,1.);
#4627 = DIRECTION('',(0.,0.,1.));
#4628 = PCURVE('',#1500,#4629);
#4629 = DEFINITIONAL_REPRESENTATION('',(#4630),#4634);
#4630 = LINE('',#4631,#4632);
#4631 = CARTESIAN_POINT('',(0.,0.));
#4632 = VECTOR('',#4633,1.);
#4633 = DIRECTION('',(0.,-1.));
#4634 = ( GEOMETRIC_REPRESENTATION_CONTEXT(2) 
PARAMETRIC_REPRESENTATION_CONTEXT() REPRESENTATION_CONTEXT('2D SPACE',''
  ) );
#4635 = PCURVE('',#1472,#4636);
#4636 = DEFINITIONAL_REPRESENTATION('',(#4637),#4641);
#4637 = LINE('',#4638,#4639);
#4638 = CARTESIAN_POINT('',(19.4,0.));
#4639 = VECTOR('',#4640,1.);
#4640 = DIRECTION('',(0.,-1.));
#4641 = ( GEOMETRIC_REPRESENTATION_CONTEXT(2) 
PARAMETRIC_REPRESENTATION_CONTEXT() REPRESENTATION_CONTEXT('2D SPACE',''
  ) );
#4642 = ORIENTED_EDGE('',*,*,#3219,.T.);
#4643 = ORIENTED_EDGE('',*,*,#4568,.F.);
#4644 = ORIENTED_EDGE('',*,*,#1484,.F.);
#4645 = ADVANCED_FACE('',(#4646),#716,.T.);
#4646 = FACE_BOUND('',#4647,.T.);
#4647 = EDGE_LOOP('',(#4648,#4649,#4650,#4671));
#4648 = ORIENTED_EDGE('',*,*,#4597,.T.);
#4649 = ORIENTED_EDGE('',*,*,#2575,.T.);
#4650 = ORIENTED_EDGE('',*,*,#4651,.F.);
#4651 = EDGE_CURVE('',#701,#2576,#4652,.T.);
#4652 = SURFACE_CURVE('',#4653,(#4657,#4664),.PCURVE_S1.);
#4653 = LINE('',#4654,#4655);
#4654 = CARTESIAN_POINT('',(25.03165,-10.690837,0.));
#4655 = VECTOR('',#4656,1.);
#4656 = DIRECTION('',(0.,0.,1.));
#4657 = PCURVE('',#716,#4658);
#4658 = DEFINITIONAL_REPRESENTATION('',(#4659),#4663);
#4659 = LINE('',#4660,#4661);
#4660 = CARTESIAN_POINT('',(0.336422384856,0.));
#4661 = VECTOR('',#4662,1.);
#4662 = DIRECTION('',(0.,-1.));
#4663 = ( GEOMETRIC_REPRESENTATION_CONTEXT(2) 
PARAMETRIC_REPRESENTATION_CONTEXT() REPRESENTATION_CONTEXT('2D SPACE',''
  ) );
#4664 = PCURVE('',#744,#4665);
#4665 = DEFINITIONAL_REPRESENTATION('',(#4666),#4670);
#4666 = LINE('',#4667,#4668);
#4667 = CARTESIAN_POINT('',(0.,0.));
#4668 = VECTOR('',#4669,1.);
#4669 = DIRECTION('',(0.,-1.));
#4670 = ( GEOMETRIC_REPRESENTATION_CONTEXT(2) 
PARAMETRIC_REPRESENTATION_CONTEXT() REPRESENTATION_CONTEXT('2D SPACE',''
  ) );
#4671 = ORIENTED_EDGE('',*,*,#700,.F.);
#4672 = ADVANCED_FACE('',(#4673),#1472,.T.);
#4673 = FACE_BOUND('',#4674,.T.);
#4674 = EDGE_LOOP('',(#4675,#4696,#4697,#4698));
#4675 = ORIENTED_EDGE('',*,*,#4676,.T.);
#4676 = EDGE_CURVE('',#1429,#3174,#4677,.T.);
#4677 = SURFACE_CURVE('',#4678,(#4682,#4689),.PCURVE_S1.);
#4678 = LINE('',#4679,#4680);
#4679 = CARTESIAN_POINT('',(-25.2,-9.7,0.));
#4680 = VECTOR('',#4681,1.);
#4681 = DIRECTION('',(0.,0.,1.));
#4682 = PCURVE('',#1472,#4683);
#4683 = DEFINITIONAL_REPRESENTATION('',(#4684),#4688);
#4684 = LINE('',#4685,#4686);
#4685 = CARTESIAN_POINT('',(0.,0.));
#4686 = VECTOR('',#4687,1.);
#4687 = DIRECTION('',(0.,-1.));
#4688 = ( GEOMETRIC_REPRESENTATION_CONTEXT(2) 
PARAMETRIC_REPRESENTATION_CONTEXT() REPRESENTATION_CONTEXT('2D SPACE',''
  ) );
#4689 = PCURVE('',#1444,#4690);
#4690 = DEFINITIONAL_REPRESENTATION('',(#4691),#4695);
#4691 = LINE('',#4692,#4693);
#4692 = CARTESIAN_POINT('',(0.336422235023,0.));
#4693 = VECTOR('',#4694,1.);
#4694 = DIRECTION('',(0.,-1.));
#4695 = ( GEOMETRIC_REPRESENTATION_CONTEXT(2) 
PARAMETRIC_REPRESENTATION_CONTEXT() REPRESENTATION_CONTEXT('2D SPACE',''
  ) );
#4696 = ORIENTED_EDGE('',*,*,#3196,.T.);
#4697 = ORIENTED_EDGE('',*,*,#4622,.F.);
#4698 = ORIENTED_EDGE('',*,*,#1456,.F.);
#4699 = ADVANCED_FACE('',(#4700),#744,.T.);
#4700 = FACE_BOUND('',#4701,.T.);
#4701 = EDGE_LOOP('',(#4702,#4703,#4704,#4725));
#4702 = ORIENTED_EDGE('',*,*,#4651,.T.);
#4703 = ORIENTED_EDGE('',*,*,#2598,.T.);
#4704 = ORIENTED_EDGE('',*,*,#4705,.F.);
#4705 = EDGE_CURVE('',#729,#2599,#4706,.T.);
#4706 = SURFACE_CURVE('',#4707,(#4711,#4718),.PCURVE_S1.);
#4707 = LINE('',#4708,#4709);
#4708 = CARTESIAN_POINT('',(24.902907,-11.001651,0.));
#4709 = VECTOR('',#4710,1.);
#4710 = DIRECTION('',(0.,0.,1.));
#4711 = PCURVE('',#744,#4712);
#4712 = DEFINITIONAL_REPRESENTATION('',(#4713),#4717);
#4713 = LINE('',#4714,#4715);
#4714 = CARTESIAN_POINT('',(0.336422506151,0.));
#4715 = VECTOR('',#4716,1.);
#4716 = DIRECTION('',(0.,-1.));
#4717 = ( GEOMETRIC_REPRESENTATION_CONTEXT(2) 
PARAMETRIC_REPRESENTATION_CONTEXT() REPRESENTATION_CONTEXT('2D SPACE',''
  ) );
#4718 = PCURVE('',#772,#4719);
#4719 = DEFINITIONAL_REPRESENTATION('',(#4720),#4724);
#4720 = LINE('',#4721,#4722);
#4721 = CARTESIAN_POINT('',(0.,0.));
#4722 = VECTOR('',#4723,1.);
#4723 = DIRECTION('',(0.,-1.));
#4724 = ( GEOMETRIC_REPRESENTATION_CONTEXT(2) 
PARAMETRIC_REPRESENTATION_CONTEXT() REPRESENTATION_CONTEXT('2D SPACE',''
  ) );
#4725 = ORIENTED_EDGE('',*,*,#728,.F.);
#4726 = ADVANCED_FACE('',(#4727),#1444,.T.);
#4727 = FACE_BOUND('',#4728,.T.);
#4728 = EDGE_LOOP('',(#4729,#4750,#4751,#4752));
#4729 = ORIENTED_EDGE('',*,*,#4730,.T.);
#4730 = EDGE_CURVE('',#1401,#3151,#4731,.T.);
#4731 = SURFACE_CURVE('',#4732,(#4736,#4743),.PCURVE_S1.);
#4732 = LINE('',#4733,#4734);
#4733 = CARTESIAN_POINT('',(-25.181137,-10.035893,0.));
#4734 = VECTOR('',#4735,1.);
#4735 = DIRECTION('',(0.,0.,1.));
#4736 = PCURVE('',#1444,#4737);
#4737 = DEFINITIONAL_REPRESENTATION('',(#4738),#4742);
#4738 = LINE('',#4739,#4740);
#4739 = CARTESIAN_POINT('',(0.,0.));
#4740 = VECTOR('',#4741,1.);
#4741 = DIRECTION('',(0.,-1.));
#4742 = ( GEOMETRIC_REPRESENTATION_CONTEXT(2) 
PARAMETRIC_REPRESENTATION_CONTEXT() REPRESENTATION_CONTEXT('2D SPACE',''
  ) );
#4743 = PCURVE('',#1416,#4744);
#4744 = DEFINITIONAL_REPRESENTATION('',(#4745),#4749);
#4745 = LINE('',#4746,#4747);
#4746 = CARTESIAN_POINT('',(0.336423318914,0.));
#4747 = VECTOR('',#4748,1.);
#4748 = DIRECTION('',(0.,-1.));
#4749 = ( GEOMETRIC_REPRESENTATION_CONTEXT(2) 
PARAMETRIC_REPRESENTATION_CONTEXT() REPRESENTATION_CONTEXT('2D SPACE',''
  ) );
#4750 = ORIENTED_EDGE('',*,*,#3173,.T.);
#4751 = ORIENTED_EDGE('',*,*,#4676,.F.);
#4752 = ORIENTED_EDGE('',*,*,#1428,.F.);
#4753 = ADVANCED_FACE('',(#4754),#772,.T.);
#4754 = FACE_BOUND('',#4755,.T.);
#4755 = EDGE_LOOP('',(#4756,#4757,#4758,#4779));
#4756 = ORIENTED_EDGE('',*,*,#4705,.T.);
#4757 = ORIENTED_EDGE('',*,*,#2621,.T.);
#4758 = ORIENTED_EDGE('',*,*,#4759,.F.);
#4759 = EDGE_CURVE('',#757,#2622,#4760,.T.);
#4760 = SURFACE_CURVE('',#4761,(#4765,#4772),.PCURVE_S1.);
#4761 = LINE('',#4762,#4763);
#4762 = CARTESIAN_POINT('',(24.740173,-11.296096,0.));
#4763 = VECTOR('',#4764,1.);
#4764 = DIRECTION('',(0.,0.,1.));
#4765 = PCURVE('',#772,#4766);
#4766 = DEFINITIONAL_REPRESENTATION('',(#4767),#4771);
#4767 = LINE('',#4768,#4769);
#4768 = CARTESIAN_POINT('',(0.336422669838,0.));
#4769 = VECTOR('',#4770,1.);
#4770 = DIRECTION('',(0.,-1.));
#4771 = ( GEOMETRIC_REPRESENTATION_CONTEXT(2) 
PARAMETRIC_REPRESENTATION_CONTEXT() REPRESENTATION_CONTEXT('2D SPACE',''
  ) );
#4772 = PCURVE('',#800,#4773);
#4773 = DEFINITIONAL_REPRESENTATION('',(#4774),#4778);
#4774 = LINE('',#4775,#4776);
#4775 = CARTESIAN_POINT('',(0.,0.));
#4776 = VECTOR('',#4777,1.);
#4777 = DIRECTION('',(0.,-1.));
#4778 = ( GEOMETRIC_REPRESENTATION_CONTEXT(2) 
PARAMETRIC_REPRESENTATION_CONTEXT() REPRESENTATION_CONTEXT('2D SPACE',''
  ) );
#4779 = ORIENTED_EDGE('',*,*,#756,.F.);
#4780 = ADVANCED_FACE('',(#4781),#1416,.T.);
#4781 = FACE_BOUND('',#4782,.T.);
#4782 = EDGE_LOOP('',(#4783,#4804,#4805,#4806));
#4783 = ORIENTED_EDGE('',*,*,#4784,.T.);
#4784 = EDGE_CURVE('',#1373,#3128,#4785,.T.);
#4785 = SURFACE_CURVE('',#4786,(#4790,#4797),.PCURVE_S1.);
#4786 = LINE('',#4787,#4788);
#4787 = CARTESIAN_POINT('',(-25.124784,-10.367563,0.));
#4788 = VECTOR('',#4789,1.);
#4789 = DIRECTION('',(0.,0.,1.));
#4790 = PCURVE('',#1416,#4791);
#4791 = DEFINITIONAL_REPRESENTATION('',(#4792),#4796);
#4792 = LINE('',#4793,#4794);
#4793 = CARTESIAN_POINT('',(0.,0.));
#4794 = VECTOR('',#4795,1.);
#4795 = DIRECTION('',(0.,-1.));
#4796 = ( GEOMETRIC_REPRESENTATION_CONTEXT(2) 
PARAMETRIC_REPRESENTATION_CONTEXT() REPRESENTATION_CONTEXT('2D SPACE',''
  ) );
#4797 = PCURVE('',#1388,#4798);
#4798 = DEFINITIONAL_REPRESENTATION('',(#4799),#4803);
#4799 = LINE('',#4800,#4801);
#4800 = CARTESIAN_POINT('',(0.336422384856,0.));
#4801 = VECTOR('',#4802,1.);
#4802 = DIRECTION('',(0.,-1.));
#4803 = ( GEOMETRIC_REPRESENTATION_CONTEXT(2) 
PARAMETRIC_REPRESENTATION_CONTEXT() REPRESENTATION_CONTEXT('2D SPACE',''
  ) );
#4804 = ORIENTED_EDGE('',*,*,#3150,.T.);
#4805 = ORIENTED_EDGE('',*,*,#4730,.F.);
#4806 = ORIENTED_EDGE('',*,*,#1400,.F.);
#4807 = ADVANCED_FACE('',(#4808),#800,.T.);
#4808 = FACE_BOUND('',#4809,.T.);
#4809 = EDGE_LOOP('',(#4810,#4811,#4812,#4833));
#4810 = ORIENTED_EDGE('',*,*,#4759,.T.);
#4811 = ORIENTED_EDGE('',*,*,#2644,.T.);
#4812 = ORIENTED_EDGE('',*,*,#4813,.F.);
#4813 = EDGE_CURVE('',#785,#2645,#4814,.T.);
#4814 = SURFACE_CURVE('',#4815,(#4819,#4826),.PCURVE_S1.);
#4815 = LINE('',#4816,#4817);
#4816 = CARTESIAN_POINT('',(24.545494,-11.570469,0.));
#4817 = VECTOR('',#4818,1.);
#4818 = DIRECTION('',(0.,0.,1.));
#4819 = PCURVE('',#800,#4820);
#4820 = DEFINITIONAL_REPRESENTATION('',(#4821),#4825);
#4821 = LINE('',#4822,#4823);
#4822 = CARTESIAN_POINT('',(0.336423031569,0.));
#4823 = VECTOR('',#4824,1.);
#4824 = DIRECTION('',(0.,-1.));
#4825 = ( GEOMETRIC_REPRESENTATION_CONTEXT(2) 
PARAMETRIC_REPRESENTATION_CONTEXT() REPRESENTATION_CONTEXT('2D SPACE',''
  ) );
#4826 = PCURVE('',#828,#4827);
#4827 = DEFINITIONAL_REPRESENTATION('',(#4828),#4832);
#4828 = LINE('',#4829,#4830);
#4829 = CARTESIAN_POINT('',(0.,0.));
#4830 = VECTOR('',#4831,1.);
#4831 = DIRECTION('',(0.,-1.));
#4832 = ( GEOMETRIC_REPRESENTATION_CONTEXT(2) 
PARAMETRIC_REPRESENTATION_CONTEXT() REPRESENTATION_CONTEXT('2D SPACE',''
  ) );
#4833 = ORIENTED_EDGE('',*,*,#784,.F.);
#4834 = ADVANCED_FACE('',(#4835),#1388,.T.);
#4835 = FACE_BOUND('',#4836,.T.);
#4836 = EDGE_LOOP('',(#4837,#4858,#4859,#4860));
#4837 = ORIENTED_EDGE('',*,*,#4838,.T.);
#4838 = EDGE_CURVE('',#1345,#3105,#4839,.T.);
#4839 = SURFACE_CURVE('',#4840,(#4844,#4851),.PCURVE_S1.);
#4840 = LINE('',#4841,#4842);
#4841 = CARTESIAN_POINT('',(-25.03165,-10.690837,0.));
#4842 = VECTOR('',#4843,1.);
#4843 = DIRECTION('',(0.,0.,1.));
#4844 = PCURVE('',#1388,#4845);
#4845 = DEFINITIONAL_REPRESENTATION('',(#4846),#4850);
#4846 = LINE('',#4847,#4848);
#4847 = CARTESIAN_POINT('',(0.,0.));
#4848 = VECTOR('',#4849,1.);
#4849 = DIRECTION('',(0.,-1.));
#4850 = ( GEOMETRIC_REPRESENTATION_CONTEXT(2) 
PARAMETRIC_REPRESENTATION_CONTEXT() REPRESENTATION_CONTEXT('2D SPACE',''
  ) );
#4851 = PCURVE('',#1360,#4852);
#4852 = DEFINITIONAL_REPRESENTATION('',(#4853),#4857);
#4853 = LINE('',#4854,#4855);
#4854 = CARTESIAN_POINT('',(0.336422506151,0.));
#4855 = VECTOR('',#4856,1.);
#4856 = DIRECTION('',(0.,-1.));
#4857 = ( GEOMETRIC_REPRESENTATION_CONTEXT(2) 
PARAMETRIC_REPRESENTATION_CONTEXT() REPRESENTATION_CONTEXT('2D SPACE',''
  ) );
#4858 = ORIENTED_EDGE('',*,*,#3127,.T.);
#4859 = ORIENTED_EDGE('',*,*,#4784,.F.);
#4860 = ORIENTED_EDGE('',*,*,#1372,.F.);
#4861 = ADVANCED_FACE('',(#4862),#828,.T.);
#4862 = FACE_BOUND('',#4863,.T.);
#4863 = EDGE_LOOP('',(#4864,#4865,#4866,#4887));
#4864 = ORIENTED_EDGE('',*,*,#4813,.T.);
#4865 = ORIENTED_EDGE('',*,*,#2667,.T.);
#4866 = ORIENTED_EDGE('',*,*,#4867,.F.);
#4867 = EDGE_CURVE('',#813,#2668,#4868,.T.);
#4868 = SURFACE_CURVE('',#4869,(#4873,#4880),.PCURVE_S1.);
#4869 = LINE('',#4870,#4871);
#4870 = CARTESIAN_POINT('',(24.32132,-11.82132,0.));
#4871 = VECTOR('',#4872,1.);
#4872 = DIRECTION('',(0.,0.,1.));
#4873 = PCURVE('',#828,#4874);
#4874 = DEFINITIONAL_REPRESENTATION('',(#4875),#4879);
#4875 = LINE('',#4876,#4877);
#4876 = CARTESIAN_POINT('',(0.336422660469,0.));
#4877 = VECTOR('',#4878,1.);
#4878 = DIRECTION('',(0.,-1.));
#4879 = ( GEOMETRIC_REPRESENTATION_CONTEXT(2) 
PARAMETRIC_REPRESENTATION_CONTEXT() REPRESENTATION_CONTEXT('2D SPACE',''
  ) );
#4880 = PCURVE('',#856,#4881);
#4881 = DEFINITIONAL_REPRESENTATION('',(#4882),#4886);
#4882 = LINE('',#4883,#4884);
#4883 = CARTESIAN_POINT('',(0.,0.));
#4884 = VECTOR('',#4885,1.);
#4885 = DIRECTION('',(0.,-1.));
#4886 = ( GEOMETRIC_REPRESENTATION_CONTEXT(2) 
PARAMETRIC_REPRESENTATION_CONTEXT() REPRESENTATION_CONTEXT('2D SPACE',''
  ) );
#4887 = ORIENTED_EDGE('',*,*,#812,.F.);
#4888 = ADVANCED_FACE('',(#4889),#1360,.T.);
#4889 = FACE_BOUND('',#4890,.T.);
#4890 = EDGE_LOOP('',(#4891,#4912,#4913,#4914));
#4891 = ORIENTED_EDGE('',*,*,#4892,.T.);
#4892 = EDGE_CURVE('',#1317,#3082,#4893,.T.);
#4893 = SURFACE_CURVE('',#4894,(#4898,#4905),.PCURVE_S1.);
#4894 = LINE('',#4895,#4896);
#4895 = CARTESIAN_POINT('',(-24.902907,-11.001651,0.));
#4896 = VECTOR('',#4897,1.);
#4897 = DIRECTION('',(0.,0.,1.));
#4898 = PCURVE('',#1360,#4899);
#4899 = DEFINITIONAL_REPRESENTATION('',(#4900),#4904);
#4900 = LINE('',#4901,#4902);
#4901 = CARTESIAN_POINT('',(0.,0.));
#4902 = VECTOR('',#4903,1.);
#4903 = DIRECTION('',(0.,-1.));
#4904 = ( GEOMETRIC_REPRESENTATION_CONTEXT(2) 
PARAMETRIC_REPRESENTATION_CONTEXT() REPRESENTATION_CONTEXT('2D SPACE',''
  ) );
#4905 = PCURVE('',#1332,#4906);
#4906 = DEFINITIONAL_REPRESENTATION('',(#4907),#4911);
#4907 = LINE('',#4908,#4909);
#4908 = CARTESIAN_POINT('',(0.336422669838,0.));
#4909 = VECTOR('',#4910,1.);
#4910 = DIRECTION('',(0.,-1.));
#4911 = ( GEOMETRIC_REPRESENTATION_CONTEXT(2) 
PARAMETRIC_REPRESENTATION_CONTEXT() REPRESENTATION_CONTEXT('2D SPACE',''
  ) );
#4912 = ORIENTED_EDGE('',*,*,#3104,.T.);
#4913 = ORIENTED_EDGE('',*,*,#4838,.F.);
#4914 = ORIENTED_EDGE('',*,*,#1344,.F.);
#4915 = ADVANCED_FACE('',(#4916),#856,.T.);
#4916 = FACE_BOUND('',#4917,.T.);
#4917 = EDGE_LOOP('',(#4918,#4919,#4920,#4941));
#4918 = ORIENTED_EDGE('',*,*,#4867,.T.);
#4919 = ORIENTED_EDGE('',*,*,#2690,.T.);
#4920 = ORIENTED_EDGE('',*,*,#4921,.F.);
#4921 = EDGE_CURVE('',#841,#2691,#4922,.T.);
#4922 = SURFACE_CURVE('',#4923,(#4927,#4934),.PCURVE_S1.);
#4923 = LINE('',#4924,#4925);
#4924 = CARTESIAN_POINT('',(24.070469,-12.045494,0.));
#4925 = VECTOR('',#4926,1.);
#4926 = DIRECTION('',(0.,0.,1.));
#4927 = PCURVE('',#856,#4928);
#4928 = DEFINITIONAL_REPRESENTATION('',(#4929),#4933);
#4929 = LINE('',#4930,#4931);
#4930 = CARTESIAN_POINT('',(0.336422660469,0.));
#4931 = VECTOR('',#4932,1.);
#4932 = DIRECTION('',(0.,-1.));
#4933 = ( GEOMETRIC_REPRESENTATION_CONTEXT(2) 
PARAMETRIC_REPRESENTATION_CONTEXT() REPRESENTATION_CONTEXT('2D SPACE',''
  ) );
#4934 = PCURVE('',#884,#4935);
#4935 = DEFINITIONAL_REPRESENTATION('',(#4936),#4940);
#4936 = LINE('',#4937,#4938);
#4937 = CARTESIAN_POINT('',(0.,0.));
#4938 = VECTOR('',#4939,1.);
#4939 = DIRECTION('',(0.,-1.));
#4940 = ( GEOMETRIC_REPRESENTATION_CONTEXT(2) 
PARAMETRIC_REPRESENTATION_CONTEXT() REPRESENTATION_CONTEXT('2D SPACE',''
  ) );
#4941 = ORIENTED_EDGE('',*,*,#840,.F.);
#4942 = ADVANCED_FACE('',(#4943),#1332,.T.);
#4943 = FACE_BOUND('',#4944,.T.);
#4944 = EDGE_LOOP('',(#4945,#4966,#4967,#4968));
#4945 = ORIENTED_EDGE('',*,*,#4946,.T.);
#4946 = EDGE_CURVE('',#1289,#3059,#4947,.T.);
#4947 = SURFACE_CURVE('',#4948,(#4952,#4959),.PCURVE_S1.);
#4948 = LINE('',#4949,#4950);
#4949 = CARTESIAN_POINT('',(-24.740173,-11.296096,0.));
#4950 = VECTOR('',#4951,1.);
#4951 = DIRECTION('',(0.,0.,1.));
#4952 = PCURVE('',#1332,#4953);
#4953 = DEFINITIONAL_REPRESENTATION('',(#4954),#4958);
#4954 = LINE('',#4955,#4956);
#4955 = CARTESIAN_POINT('',(0.,0.));
#4956 = VECTOR('',#4957,1.);
#4957 = DIRECTION('',(0.,-1.));
#4958 = ( GEOMETRIC_REPRESENTATION_CONTEXT(2) 
PARAMETRIC_REPRESENTATION_CONTEXT() REPRESENTATION_CONTEXT('2D SPACE',''
  ) );
#4959 = PCURVE('',#1304,#4960);
#4960 = DEFINITIONAL_REPRESENTATION('',(#4961),#4965);
#4961 = LINE('',#4962,#4963);
#4962 = CARTESIAN_POINT('',(0.336423031569,0.));
#4963 = VECTOR('',#4964,1.);
#4964 = DIRECTION('',(0.,-1.));
#4965 = ( GEOMETRIC_REPRESENTATION_CONTEXT(2) 
PARAMETRIC_REPRESENTATION_CONTEXT() REPRESENTATION_CONTEXT('2D SPACE',''
  ) );
#4966 = ORIENTED_EDGE('',*,*,#3081,.T.);
#4967 = ORIENTED_EDGE('',*,*,#4892,.F.);
#4968 = ORIENTED_EDGE('',*,*,#1316,.F.);
#4969 = ADVANCED_FACE('',(#4970),#884,.T.);
#4970 = FACE_BOUND('',#4971,.T.);
#4971 = EDGE_LOOP('',(#4972,#4973,#4974,#4995));
#4972 = ORIENTED_EDGE('',*,*,#4921,.T.);
#4973 = ORIENTED_EDGE('',*,*,#2713,.T.);
#4974 = ORIENTED_EDGE('',*,*,#4975,.F.);
#4975 = EDGE_CURVE('',#869,#2714,#4976,.T.);
#4976 = SURFACE_CURVE('',#4977,(#4981,#4988),.PCURVE_S1.);
#4977 = LINE('',#4978,#4979);
#4978 = CARTESIAN_POINT('',(23.796096,-12.240173,0.));
#4979 = VECTOR('',#4980,1.);
#4980 = DIRECTION('',(0.,0.,1.));
#4981 = PCURVE('',#884,#4982);
#4982 = DEFINITIONAL_REPRESENTATION('',(#4983),#4987);
#4983 = LINE('',#4984,#4985);
#4984 = CARTESIAN_POINT('',(0.336423031569,0.));
#4985 = VECTOR('',#4986,1.);
#4986 = DIRECTION('',(0.,-1.));
#4987 = ( GEOMETRIC_REPRESENTATION_CONTEXT(2) 
PARAMETRIC_REPRESENTATION_CONTEXT() REPRESENTATION_CONTEXT('2D SPACE',''
  ) );
#4988 = PCURVE('',#912,#4989);
#4989 = DEFINITIONAL_REPRESENTATION('',(#4990),#4994);
#4990 = LINE('',#4991,#4992);
#4991 = CARTESIAN_POINT('',(0.,0.));
#4992 = VECTOR('',#4993,1.);
#4993 = DIRECTION('',(0.,-1.));
#4994 = ( GEOMETRIC_REPRESENTATION_CONTEXT(2) 
PARAMETRIC_REPRESENTATION_CONTEXT() REPRESENTATION_CONTEXT('2D SPACE',''
  ) );
#4995 = ORIENTED_EDGE('',*,*,#868,.F.);
#4996 = ADVANCED_FACE('',(#4997),#1304,.T.);
#4997 = FACE_BOUND('',#4998,.T.);
#4998 = EDGE_LOOP('',(#4999,#5020,#5021,#5022));
#4999 = ORIENTED_EDGE('',*,*,#5000,.T.);
#5000 = EDGE_CURVE('',#1261,#3036,#5001,.T.);
#5001 = SURFACE_CURVE('',#5002,(#5006,#5013),.PCURVE_S1.);
#5002 = LINE('',#5003,#5004);
#5003 = CARTESIAN_POINT('',(-24.545494,-11.570469,0.));
#5004 = VECTOR('',#5005,1.);
#5005 = DIRECTION('',(0.,0.,1.));
#5006 = PCURVE('',#1304,#5007);
#5007 = DEFINITIONAL_REPRESENTATION('',(#5008),#5012);
#5008 = LINE('',#5009,#5010);
#5009 = CARTESIAN_POINT('',(0.,0.));
#5010 = VECTOR('',#5011,1.);
#5011 = DIRECTION('',(0.,-1.));
#5012 = ( GEOMETRIC_REPRESENTATION_CONTEXT(2) 
PARAMETRIC_REPRESENTATION_CONTEXT() REPRESENTATION_CONTEXT('2D SPACE',''
  ) );
#5013 = PCURVE('',#1276,#5014);
#5014 = DEFINITIONAL_REPRESENTATION('',(#5015),#5019);
#5015 = LINE('',#5016,#5017);
#5016 = CARTESIAN_POINT('',(0.336422660469,0.));
#5017 = VECTOR('',#5018,1.);
#5018 = DIRECTION('',(0.,-1.));
#5019 = ( GEOMETRIC_REPRESENTATION_CONTEXT(2) 
PARAMETRIC_REPRESENTATION_CONTEXT() REPRESENTATION_CONTEXT('2D SPACE',''
  ) );
#5020 = ORIENTED_EDGE('',*,*,#3058,.T.);
#5021 = ORIENTED_EDGE('',*,*,#4946,.F.);
#5022 = ORIENTED_EDGE('',*,*,#1288,.F.);
#5023 = ADVANCED_FACE('',(#5024),#912,.T.);
#5024 = FACE_BOUND('',#5025,.T.);
#5025 = EDGE_LOOP('',(#5026,#5027,#5028,#5049));
#5026 = ORIENTED_EDGE('',*,*,#4975,.T.);
#5027 = ORIENTED_EDGE('',*,*,#2736,.T.);
#5028 = ORIENTED_EDGE('',*,*,#5029,.F.);
#5029 = EDGE_CURVE('',#897,#2737,#5030,.T.);
#5030 = SURFACE_CURVE('',#5031,(#5035,#5042),.PCURVE_S1.);
#5031 = LINE('',#5032,#5033);
#5032 = CARTESIAN_POINT('',(23.501651,-12.402907,0.));
#5033 = VECTOR('',#5034,1.);
#5034 = DIRECTION('',(0.,0.,1.));
#5035 = PCURVE('',#912,#5036);
#5036 = DEFINITIONAL_REPRESENTATION('',(#5037),#5041);
#5037 = LINE('',#5038,#5039);
#5038 = CARTESIAN_POINT('',(0.336422669838,0.));
#5039 = VECTOR('',#5040,1.);
#5040 = DIRECTION('',(0.,-1.));
#5041 = ( GEOMETRIC_REPRESENTATION_CONTEXT(2) 
PARAMETRIC_REPRESENTATION_CONTEXT() REPRESENTATION_CONTEXT('2D SPACE',''
  ) );
#5042 = PCURVE('',#940,#5043);
#5043 = DEFINITIONAL_REPRESENTATION('',(#5044),#5048);
#5044 = LINE('',#5045,#5046);
#5045 = CARTESIAN_POINT('',(0.,0.));
#5046 = VECTOR('',#5047,1.);
#5047 = DIRECTION('',(0.,-1.));
#5048 = ( GEOMETRIC_REPRESENTATION_CONTEXT(2) 
PARAMETRIC_REPRESENTATION_CONTEXT() REPRESENTATION_CONTEXT('2D SPACE',''
  ) );
#5049 = ORIENTED_EDGE('',*,*,#896,.F.);
#5050 = ADVANCED_FACE('',(#5051),#1276,.T.);
#5051 = FACE_BOUND('',#5052,.T.);
#5052 = EDGE_LOOP('',(#5053,#5074,#5075,#5076));
#5053 = ORIENTED_EDGE('',*,*,#5054,.T.);
#5054 = EDGE_CURVE('',#1233,#3013,#5055,.T.);
#5055 = SURFACE_CURVE('',#5056,(#5060,#5067),.PCURVE_S1.);
#5056 = LINE('',#5057,#5058);
#5057 = CARTESIAN_POINT('',(-24.32132,-11.82132,0.));
#5058 = VECTOR('',#5059,1.);
#5059 = DIRECTION('',(0.,0.,1.));
#5060 = PCURVE('',#1276,#5061);
#5061 = DEFINITIONAL_REPRESENTATION('',(#5062),#5066);
#5062 = LINE('',#5063,#5064);
#5063 = CARTESIAN_POINT('',(0.,0.));
#5064 = VECTOR('',#5065,1.);
#5065 = DIRECTION('',(0.,-1.));
#5066 = ( GEOMETRIC_REPRESENTATION_CONTEXT(2) 
PARAMETRIC_REPRESENTATION_CONTEXT() REPRESENTATION_CONTEXT('2D SPACE',''
  ) );
#5067 = PCURVE('',#1248,#5068);
#5068 = DEFINITIONAL_REPRESENTATION('',(#5069),#5073);
#5069 = LINE('',#5070,#5071);
#5070 = CARTESIAN_POINT('',(0.336422660469,0.));
#5071 = VECTOR('',#5072,1.);
#5072 = DIRECTION('',(0.,-1.));
#5073 = ( GEOMETRIC_REPRESENTATION_CONTEXT(2) 
PARAMETRIC_REPRESENTATION_CONTEXT() REPRESENTATION_CONTEXT('2D SPACE',''
  ) );
#5074 = ORIENTED_EDGE('',*,*,#3035,.T.);
#5075 = ORIENTED_EDGE('',*,*,#5000,.F.);
#5076 = ORIENTED_EDGE('',*,*,#1260,.F.);
#5077 = ADVANCED_FACE('',(#5078),#940,.T.);
#5078 = FACE_BOUND('',#5079,.T.);
#5079 = EDGE_LOOP('',(#5080,#5081,#5082,#5103));
#5080 = ORIENTED_EDGE('',*,*,#5029,.T.);
#5081 = ORIENTED_EDGE('',*,*,#2759,.T.);
#5082 = ORIENTED_EDGE('',*,*,#5083,.F.);
#5083 = EDGE_CURVE('',#925,#2760,#5084,.T.);
#5084 = SURFACE_CURVE('',#5085,(#5089,#5096),.PCURVE_S1.);
#5085 = LINE('',#5086,#5087);
#5086 = CARTESIAN_POINT('',(23.190837,-12.53165,0.));
#5087 = VECTOR('',#5088,1.);
#5088 = DIRECTION('',(0.,0.,1.));
#5089 = PCURVE('',#940,#5090);
#5090 = DEFINITIONAL_REPRESENTATION('',(#5091),#5095);
#5091 = LINE('',#5092,#5093);
#5092 = CARTESIAN_POINT('',(0.336422506151,0.));
#5093 = VECTOR('',#5094,1.);
#5094 = DIRECTION('',(0.,-1.));
#5095 = ( GEOMETRIC_REPRESENTATION_CONTEXT(2) 
PARAMETRIC_REPRESENTATION_CONTEXT() REPRESENTATION_CONTEXT('2D SPACE',''
  ) );
#5096 = PCURVE('',#968,#5097);
#5097 = DEFINITIONAL_REPRESENTATION('',(#5098),#5102);
#5098 = LINE('',#5099,#5100);
#5099 = CARTESIAN_POINT('',(0.,0.));
#5100 = VECTOR('',#5101,1.);
#5101 = DIRECTION('',(0.,-1.));
#5102 = ( GEOMETRIC_REPRESENTATION_CONTEXT(2) 
PARAMETRIC_REPRESENTATION_CONTEXT() REPRESENTATION_CONTEXT('2D SPACE',''
  ) );
#5103 = ORIENTED_EDGE('',*,*,#924,.F.);
#5104 = ADVANCED_FACE('',(#5105),#1248,.T.);
#5105 = FACE_BOUND('',#5106,.T.);
#5106 = EDGE_LOOP('',(#5107,#5128,#5129,#5130));
#5107 = ORIENTED_EDGE('',*,*,#5108,.T.);
#5108 = EDGE_CURVE('',#1205,#2990,#5109,.T.);
#5109 = SURFACE_CURVE('',#5110,(#5114,#5121),.PCURVE_S1.);
#5110 = LINE('',#5111,#5112);
#5111 = CARTESIAN_POINT('',(-24.070469,-12.045494,0.));
#5112 = VECTOR('',#5113,1.);
#5113 = DIRECTION('',(0.,0.,1.));
#5114 = PCURVE('',#1248,#5115);
#5115 = DEFINITIONAL_REPRESENTATION('',(#5116),#5120);
#5116 = LINE('',#5117,#5118);
#5117 = CARTESIAN_POINT('',(0.,0.));
#5118 = VECTOR('',#5119,1.);
#5119 = DIRECTION('',(0.,-1.));
#5120 = ( GEOMETRIC_REPRESENTATION_CONTEXT(2) 
PARAMETRIC_REPRESENTATION_CONTEXT() REPRESENTATION_CONTEXT('2D SPACE',''
  ) );
#5121 = PCURVE('',#1220,#5122);
#5122 = DEFINITIONAL_REPRESENTATION('',(#5123),#5127);
#5123 = LINE('',#5124,#5125);
#5124 = CARTESIAN_POINT('',(0.336423031569,0.));
#5125 = VECTOR('',#5126,1.);
#5126 = DIRECTION('',(0.,-1.));
#5127 = ( GEOMETRIC_REPRESENTATION_CONTEXT(2) 
PARAMETRIC_REPRESENTATION_CONTEXT() REPRESENTATION_CONTEXT('2D SPACE',''
  ) );
#5128 = ORIENTED_EDGE('',*,*,#3012,.T.);
#5129 = ORIENTED_EDGE('',*,*,#5054,.F.);
#5130 = ORIENTED_EDGE('',*,*,#1232,.F.);
#5131 = ADVANCED_FACE('',(#5132),#968,.T.);
#5132 = FACE_BOUND('',#5133,.T.);
#5133 = EDGE_LOOP('',(#5134,#5135,#5136,#5157));
#5134 = ORIENTED_EDGE('',*,*,#5083,.T.);
#5135 = ORIENTED_EDGE('',*,*,#2782,.T.);
#5136 = ORIENTED_EDGE('',*,*,#5137,.F.);
#5137 = EDGE_CURVE('',#953,#2783,#5138,.T.);
#5138 = SURFACE_CURVE('',#5139,(#5143,#5150),.PCURVE_S1.);
#5139 = LINE('',#5140,#5141);
#5140 = CARTESIAN_POINT('',(22.867563,-12.624784,0.));
#5141 = VECTOR('',#5142,1.);
#5142 = DIRECTION('',(0.,0.,1.));
#5143 = PCURVE('',#968,#5144);
#5144 = DEFINITIONAL_REPRESENTATION('',(#5145),#5149);
#5145 = LINE('',#5146,#5147);
#5146 = CARTESIAN_POINT('',(0.336422384856,0.));
#5147 = VECTOR('',#5148,1.);
#5148 = DIRECTION('',(0.,-1.));
#5149 = ( GEOMETRIC_REPRESENTATION_CONTEXT(2) 
PARAMETRIC_REPRESENTATION_CONTEXT() REPRESENTATION_CONTEXT('2D SPACE',''
  ) );
#5150 = PCURVE('',#996,#5151);
#5151 = DEFINITIONAL_REPRESENTATION('',(#5152),#5156);
#5152 = LINE('',#5153,#5154);
#5153 = CARTESIAN_POINT('',(0.,0.));
#5154 = VECTOR('',#5155,1.);
#5155 = DIRECTION('',(0.,-1.));
#5156 = ( GEOMETRIC_REPRESENTATION_CONTEXT(2) 
PARAMETRIC_REPRESENTATION_CONTEXT() REPRESENTATION_CONTEXT('2D SPACE',''
  ) );
#5157 = ORIENTED_EDGE('',*,*,#952,.F.);
#5158 = ADVANCED_FACE('',(#5159),#1220,.T.);
#5159 = FACE_BOUND('',#5160,.T.);
#5160 = EDGE_LOOP('',(#5161,#5182,#5183,#5184));
#5161 = ORIENTED_EDGE('',*,*,#5162,.T.);
#5162 = EDGE_CURVE('',#1177,#2967,#5163,.T.);
#5163 = SURFACE_CURVE('',#5164,(#5168,#5175),.PCURVE_S1.);
#5164 = LINE('',#5165,#5166);
#5165 = CARTESIAN_POINT('',(-23.796096,-12.240173,0.));
#5166 = VECTOR('',#5167,1.);
#5167 = DIRECTION('',(0.,0.,1.));
#5168 = PCURVE('',#1220,#5169);
#5169 = DEFINITIONAL_REPRESENTATION('',(#5170),#5174);
#5170 = LINE('',#5171,#5172);
#5171 = CARTESIAN_POINT('',(0.,0.));
#5172 = VECTOR('',#5173,1.);
#5173 = DIRECTION('',(0.,-1.));
#5174 = ( GEOMETRIC_REPRESENTATION_CONTEXT(2) 
PARAMETRIC_REPRESENTATION_CONTEXT() REPRESENTATION_CONTEXT('2D SPACE',''
  ) );
#5175 = PCURVE('',#1192,#5176);
#5176 = DEFINITIONAL_REPRESENTATION('',(#5177),#5181);
#5177 = LINE('',#5178,#5179);
#5178 = CARTESIAN_POINT('',(0.336422669838,0.));
#5179 = VECTOR('',#5180,1.);
#5180 = DIRECTION('',(0.,-1.));
#5181 = ( GEOMETRIC_REPRESENTATION_CONTEXT(2) 
PARAMETRIC_REPRESENTATION_CONTEXT() REPRESENTATION_CONTEXT('2D SPACE',''
  ) );
#5182 = ORIENTED_EDGE('',*,*,#2989,.T.);
#5183 = ORIENTED_EDGE('',*,*,#5108,.F.);
#5184 = ORIENTED_EDGE('',*,*,#1204,.F.);
#5185 = ADVANCED_FACE('',(#5186),#996,.T.);
#5186 = FACE_BOUND('',#5187,.T.);
#5187 = EDGE_LOOP('',(#5188,#5189,#5190,#5211));
#5188 = ORIENTED_EDGE('',*,*,#5137,.T.);
#5189 = ORIENTED_EDGE('',*,*,#2805,.T.);
#5190 = ORIENTED_EDGE('',*,*,#5191,.F.);
#5191 = EDGE_CURVE('',#981,#2806,#5192,.T.);
#5192 = SURFACE_CURVE('',#5193,(#5197,#5204),.PCURVE_S1.);
#5193 = LINE('',#5194,#5195);
#5194 = CARTESIAN_POINT('',(22.535893,-12.681137,0.));
#5195 = VECTOR('',#5196,1.);
#5196 = DIRECTION('',(0.,0.,1.));
#5197 = PCURVE('',#996,#5198);
#5198 = DEFINITIONAL_REPRESENTATION('',(#5199),#5203);
#5199 = LINE('',#5200,#5201);
#5200 = CARTESIAN_POINT('',(0.336423318914,0.));
#5201 = VECTOR('',#5202,1.);
#5202 = DIRECTION('',(0.,-1.));
#5203 = ( GEOMETRIC_REPRESENTATION_CONTEXT(2) 
PARAMETRIC_REPRESENTATION_CONTEXT() REPRESENTATION_CONTEXT('2D SPACE',''
  ) );
#5204 = PCURVE('',#1024,#5205);
#5205 = DEFINITIONAL_REPRESENTATION('',(#5206),#5210);
#5206 = LINE('',#5207,#5208);
#5207 = CARTESIAN_POINT('',(0.,0.));
#5208 = VECTOR('',#5209,1.);
#5209 = DIRECTION('',(0.,-1.));
#5210 = ( GEOMETRIC_REPRESENTATION_CONTEXT(2) 
PARAMETRIC_REPRESENTATION_CONTEXT() REPRESENTATION_CONTEXT('2D SPACE',''
  ) );
#5211 = ORIENTED_EDGE('',*,*,#980,.F.);
#5212 = ADVANCED_FACE('',(#5213),#1192,.T.);
#5213 = FACE_BOUND('',#5214,.T.);
#5214 = EDGE_LOOP('',(#5215,#5236,#5237,#5238));
#5215 = ORIENTED_EDGE('',*,*,#5216,.T.);
#5216 = EDGE_CURVE('',#1149,#2944,#5217,.T.);
#5217 = SURFACE_CURVE('',#5218,(#5222,#5229),.PCURVE_S1.);
#5218 = LINE('',#5219,#5220);
#5219 = CARTESIAN_POINT('',(-23.501651,-12.402907,0.));
#5220 = VECTOR('',#5221,1.);
#5221 = DIRECTION('',(0.,0.,1.));
#5222 = PCURVE('',#1192,#5223);
#5223 = DEFINITIONAL_REPRESENTATION('',(#5224),#5228);
#5224 = LINE('',#5225,#5226);
#5225 = CARTESIAN_POINT('',(0.,0.));
#5226 = VECTOR('',#5227,1.);
#5227 = DIRECTION('',(0.,-1.));
#5228 = ( GEOMETRIC_REPRESENTATION_CONTEXT(2) 
PARAMETRIC_REPRESENTATION_CONTEXT() REPRESENTATION_CONTEXT('2D SPACE',''
  ) );
#5229 = PCURVE('',#1164,#5230);
#5230 = DEFINITIONAL_REPRESENTATION('',(#5231),#5235);
#5231 = LINE('',#5232,#5233);
#5232 = CARTESIAN_POINT('',(0.336422506151,0.));
#5233 = VECTOR('',#5234,1.);
#5234 = DIRECTION('',(0.,-1.));
#5235 = ( GEOMETRIC_REPRESENTATION_CONTEXT(2) 
PARAMETRIC_REPRESENTATION_CONTEXT() REPRESENTATION_CONTEXT('2D SPACE',''
  ) );
#5236 = ORIENTED_EDGE('',*,*,#2966,.T.);
#5237 = ORIENTED_EDGE('',*,*,#5162,.F.);
#5238 = ORIENTED_EDGE('',*,*,#1176,.F.);
#5239 = ADVANCED_FACE('',(#5240),#1024,.T.);
#5240 = FACE_BOUND('',#5241,.T.);
#5241 = EDGE_LOOP('',(#5242,#5243,#5244,#5265));
#5242 = ORIENTED_EDGE('',*,*,#5191,.T.);
#5243 = ORIENTED_EDGE('',*,*,#2828,.T.);
#5244 = ORIENTED_EDGE('',*,*,#5245,.F.);
#5245 = EDGE_CURVE('',#1009,#2829,#5246,.T.);
#5246 = SURFACE_CURVE('',#5247,(#5251,#5258),.PCURVE_S1.);
#5247 = LINE('',#5248,#5249);
#5248 = CARTESIAN_POINT('',(22.2,-12.7,0.));
#5249 = VECTOR('',#5250,1.);
#5250 = DIRECTION('',(0.,0.,1.));
#5251 = PCURVE('',#1024,#5252);
#5252 = DEFINITIONAL_REPRESENTATION('',(#5253),#5257);
#5253 = LINE('',#5254,#5255);
#5254 = CARTESIAN_POINT('',(0.336422235023,0.));
#5255 = VECTOR('',#5256,1.);
#5256 = DIRECTION('',(0.,-1.));
#5257 = ( GEOMETRIC_REPRESENTATION_CONTEXT(2) 
PARAMETRIC_REPRESENTATION_CONTEXT() REPRESENTATION_CONTEXT('2D SPACE',''
  ) );
#5258 = PCURVE('',#1052,#5259);
#5259 = DEFINITIONAL_REPRESENTATION('',(#5260),#5264);
#5260 = LINE('',#5261,#5262);
#5261 = CARTESIAN_POINT('',(0.,-0.));
#5262 = VECTOR('',#5263,1.);
#5263 = DIRECTION('',(0.,-1.));
#5264 = ( GEOMETRIC_REPRESENTATION_CONTEXT(2) 
PARAMETRIC_REPRESENTATION_CONTEXT() REPRESENTATION_CONTEXT('2D SPACE',''
  ) );
#5265 = ORIENTED_EDGE('',*,*,#1008,.F.);
#5266 = ADVANCED_FACE('',(#5267),#1164,.T.);
#5267 = FACE_BOUND('',#5268,.T.);
#5268 = EDGE_LOOP('',(#5269,#5290,#5291,#5292));
#5269 = ORIENTED_EDGE('',*,*,#5270,.T.);
#5270 = EDGE_CURVE('',#1121,#2921,#5271,.T.);
#5271 = SURFACE_CURVE('',#5272,(#5276,#5283),.PCURVE_S1.);
#5272 = LINE('',#5273,#5274);
#5273 = CARTESIAN_POINT('',(-23.190837,-12.53165,0.));
#5274 = VECTOR('',#5275,1.);
#5275 = DIRECTION('',(0.,0.,1.));
#5276 = PCURVE('',#1164,#5277);
#5277 = DEFINITIONAL_REPRESENTATION('',(#5278),#5282);
#5278 = LINE('',#5279,#5280);
#5279 = CARTESIAN_POINT('',(0.,0.));
#5280 = VECTOR('',#5281,1.);
#5281 = DIRECTION('',(0.,-1.));
#5282 = ( GEOMETRIC_REPRESENTATION_CONTEXT(2) 
PARAMETRIC_REPRESENTATION_CONTEXT() REPRESENTATION_CONTEXT('2D SPACE',''
  ) );
#5283 = PCURVE('',#1136,#5284);
#5284 = DEFINITIONAL_REPRESENTATION('',(#5285),#5289);
#5285 = LINE('',#5286,#5287);
#5286 = CARTESIAN_POINT('',(0.336422384856,0.));
#5287 = VECTOR('',#5288,1.);
#5288 = DIRECTION('',(0.,-1.));
#5289 = ( GEOMETRIC_REPRESENTATION_CONTEXT(2) 
PARAMETRIC_REPRESENTATION_CONTEXT() REPRESENTATION_CONTEXT('2D SPACE',''
  ) );
#5290 = ORIENTED_EDGE('',*,*,#2943,.T.);
#5291 = ORIENTED_EDGE('',*,*,#5216,.F.);
#5292 = ORIENTED_EDGE('',*,*,#1148,.F.);
#5293 = ADVANCED_FACE('',(#5294),#1052,.T.);
#5294 = FACE_BOUND('',#5295,.T.);
#5295 = EDGE_LOOP('',(#5296,#5297,#5298,#5319));
#5296 = ORIENTED_EDGE('',*,*,#5245,.T.);
#5297 = ORIENTED_EDGE('',*,*,#2851,.T.);
#5298 = ORIENTED_EDGE('',*,*,#5299,.F.);
#5299 = EDGE_CURVE('',#1037,#2852,#5300,.T.);
#5300 = SURFACE_CURVE('',#5301,(#5305,#5312),.PCURVE_S1.);
#5301 = LINE('',#5302,#5303);
#5302 = CARTESIAN_POINT('',(-22.2,-12.7,0.));
#5303 = VECTOR('',#5304,1.);
#5304 = DIRECTION('',(0.,0.,1.));
#5305 = PCURVE('',#1052,#5306);
#5306 = DEFINITIONAL_REPRESENTATION('',(#5307),#5311);
#5307 = LINE('',#5308,#5309);
#5308 = CARTESIAN_POINT('',(44.4,0.));
#5309 = VECTOR('',#5310,1.);
#5310 = DIRECTION('',(0.,-1.));
#5311 = ( GEOMETRIC_REPRESENTATION_CONTEXT(2) 
PARAMETRIC_REPRESENTATION_CONTEXT() REPRESENTATION_CONTEXT('2D SPACE',''
  ) );
#5312 = PCURVE('',#1080,#5313);
#5313 = DEFINITIONAL_REPRESENTATION('',(#5314),#5318);
#5314 = LINE('',#5315,#5316);
#5315 = CARTESIAN_POINT('',(0.,0.));
#5316 = VECTOR('',#5317,1.);
#5317 = DIRECTION('',(0.,-1.));
#5318 = ( GEOMETRIC_REPRESENTATION_CONTEXT(2) 
PARAMETRIC_REPRESENTATION_CONTEXT() REPRESENTATION_CONTEXT('2D SPACE',''
  ) );
#5319 = ORIENTED_EDGE('',*,*,#1036,.F.);
#5320 = ADVANCED_FACE('',(#5321),#1136,.T.);
#5321 = FACE_BOUND('',#5322,.T.);
#5322 = EDGE_LOOP('',(#5323,#5344,#5345,#5346));
#5323 = ORIENTED_EDGE('',*,*,#5324,.T.);
#5324 = EDGE_CURVE('',#1093,#2898,#5325,.T.);
#5325 = SURFACE_CURVE('',#5326,(#5330,#5337),.PCURVE_S1.);
#5326 = LINE('',#5327,#5328);
#5327 = CARTESIAN_POINT('',(-22.867563,-12.624784,0.));
#5328 = VECTOR('',#5329,1.);
#5329 = DIRECTION('',(0.,0.,1.));
#5330 = PCURVE('',#1136,#5331);
#5331 = DEFINITIONAL_REPRESENTATION('',(#5332),#5336);
#5332 = LINE('',#5333,#5334);
#5333 = CARTESIAN_POINT('',(0.,0.));
#5334 = VECTOR('',#5335,1.);
#5335 = DIRECTION('',(0.,-1.));
#5336 = ( GEOMETRIC_REPRESENTATION_CONTEXT(2) 
PARAMETRIC_REPRESENTATION_CONTEXT() REPRESENTATION_CONTEXT('2D SPACE',''
  ) );
#5337 = PCURVE('',#1108,#5338);
#5338 = DEFINITIONAL_REPRESENTATION('',(#5339),#5343);
#5339 = LINE('',#5340,#5341);
#5340 = CARTESIAN_POINT('',(0.336423318914,0.));
#5341 = VECTOR('',#5342,1.);
#5342 = DIRECTION('',(0.,-1.));
#5343 = ( GEOMETRIC_REPRESENTATION_CONTEXT(2) 
PARAMETRIC_REPRESENTATION_CONTEXT() REPRESENTATION_CONTEXT('2D SPACE',''
  ) );
#5344 = ORIENTED_EDGE('',*,*,#2920,.T.);
#5345 = ORIENTED_EDGE('',*,*,#5270,.F.);
#5346 = ORIENTED_EDGE('',*,*,#1120,.F.);
#5347 = ADVANCED_FACE('',(#5348),#1080,.T.);
#5348 = FACE_BOUND('',#5349,.T.);
#5349 = EDGE_LOOP('',(#5350,#5351,#5352,#5373));
#5350 = ORIENTED_EDGE('',*,*,#5299,.T.);
#5351 = ORIENTED_EDGE('',*,*,#2874,.T.);
#5352 = ORIENTED_EDGE('',*,*,#5353,.F.);
#5353 = EDGE_CURVE('',#1065,#2875,#5354,.T.);
#5354 = SURFACE_CURVE('',#5355,(#5359,#5366),.PCURVE_S1.);
#5355 = LINE('',#5356,#5357);
#5356 = CARTESIAN_POINT('',(-22.535893,-12.681137,0.));
#5357 = VECTOR('',#5358,1.);
#5358 = DIRECTION('',(0.,0.,1.));
#5359 = PCURVE('',#1080,#5360);
#5360 = DEFINITIONAL_REPRESENTATION('',(#5361),#5365);
#5361 = LINE('',#5362,#5363);
#5362 = CARTESIAN_POINT('',(0.336422235023,0.));
#5363 = VECTOR('',#5364,1.);
#5364 = DIRECTION('',(0.,-1.));
#5365 = ( GEOMETRIC_REPRESENTATION_CONTEXT(2) 
PARAMETRIC_REPRESENTATION_CONTEXT() REPRESENTATION_CONTEXT('2D SPACE',''
  ) );
#5366 = PCURVE('',#1108,#5367);
#5367 = DEFINITIONAL_REPRESENTATION('',(#5368),#5372);
#5368 = LINE('',#5369,#5370);
#5369 = CARTESIAN_POINT('',(0.,0.));
#5370 = VECTOR('',#5371,1.);
#5371 = DIRECTION('',(0.,-1.));
#5372 = ( GEOMETRIC_REPRESENTATION_CONTEXT(2) 
PARAMETRIC_REPRESENTATION_CONTEXT() REPRESENTATION_CONTEXT('2D SPACE',''
  ) );
#5373 = ORIENTED_EDGE('',*,*,#1064,.F.);
#5374 = ADVANCED_FACE('',(#5375),#1108,.T.);
#5375 = FACE_BOUND('',#5376,.T.);
#5376 = EDGE_LOOP('',(#5377,#5378,#5379,#5380));
#5377 = ORIENTED_EDGE('',*,*,#5353,.T.);
#5378 = ORIENTED_EDGE('',*,*,#2897,.T.);
#5379 = ORIENTED_EDGE('',*,*,#5324,.F.);
#5380 = ORIENTED_EDGE('',*,*,#1092,.F.);
#5381 = ADVANCED_FACE('',(#5382),#1921,.F.);
#5382 = FACE_BOUND('',#5383,.F.);
#5383 = EDGE_LOOP('',(#5384,#5385,#5406,#5407));
#5384 = ORIENTED_EDGE('',*,*,#3565,.F.);
#5385 = ORIENTED_EDGE('',*,*,#5386,.F.);
#5386 = EDGE_CURVE('',#1901,#3566,#5387,.T.);
#5387 = SEAM_CURVE('',#5388,(#5392,#5399),.PCURVE_S1.);
#5388 = LINE('',#5389,#5390);
#5389 = CARTESIAN_POINT('',(-21.7,-3.25,-1.E-02));
#5390 = VECTOR('',#5391,1.);
#5391 = DIRECTION('',(0.,0.,1.));
#5392 = PCURVE('',#1921,#5393);
#5393 = DEFINITIONAL_REPRESENTATION('',(#5394),#5398);
#5394 = LINE('',#5395,#5396);
#5395 = CARTESIAN_POINT('',(6.28318530718,-0.));
#5396 = VECTOR('',#5397,1.);
#5397 = DIRECTION('',(0.,1.));
#5398 = ( GEOMETRIC_REPRESENTATION_CONTEXT(2) 
PARAMETRIC_REPRESENTATION_CONTEXT() REPRESENTATION_CONTEXT('2D SPACE',''
  ) );
#5399 = PCURVE('',#1921,#5400);
#5400 = DEFINITIONAL_REPRESENTATION('',(#5401),#5405);
#5401 = LINE('',#5402,#5403);
#5402 = CARTESIAN_POINT('',(0.,-0.));
#5403 = VECTOR('',#5404,1.);
#5404 = DIRECTION('',(0.,1.));
#5405 = ( GEOMETRIC_REPRESENTATION_CONTEXT(2) 
PARAMETRIC_REPRESENTATION_CONTEXT() REPRESENTATION_CONTEXT('2D SPACE',''
  ) );
#5406 = ORIENTED_EDGE('',*,*,#1900,.T.);
#5407 = ORIENTED_EDGE('',*,*,#5386,.T.);
#5408 = ADVANCED_FACE('',(#5409),#1956,.F.);
#5409 = FACE_BOUND('',#5410,.F.);
#5410 = EDGE_LOOP('',(#5411,#5412,#5433,#5434));
#5411 = ORIENTED_EDGE('',*,*,#3595,.F.);
#5412 = ORIENTED_EDGE('',*,*,#5413,.F.);
#5413 = EDGE_CURVE('',#1936,#3596,#5414,.T.);
#5414 = SEAM_CURVE('',#5415,(#5419,#5426),.PCURVE_S1.);
#5415 = LINE('',#5416,#5417);
#5416 = CARTESIAN_POINT('',(23.65,-3.306546357698E-16,-1.E-02));
#5417 = VECTOR('',#5418,1.);
#5418 = DIRECTION('',(0.,0.,1.));
#5419 = PCURVE('',#1956,#5420);
#5420 = DEFINITIONAL_REPRESENTATION('',(#5421),#5425);
#5421 = LINE('',#5422,#5423);
#5422 = CARTESIAN_POINT('',(6.28318530718,-0.));
#5423 = VECTOR('',#5424,1.);
#5424 = DIRECTION('',(0.,1.));
#5425 = ( GEOMETRIC_REPRESENTATION_CONTEXT(2) 
PARAMETRIC_REPRESENTATION_CONTEXT() REPRESENTATION_CONTEXT('2D SPACE',''
  ) );
#5426 = PCURVE('',#1956,#5427);
#5427 = DEFINITIONAL_REPRESENTATION('',(#5428),#5432);
#5428 = LINE('',#5429,#5430);
#5429 = CARTESIAN_POINT('',(0.,-0.));
#5430 = VECTOR('',#5431,1.);
#5431 = DIRECTION('',(0.,1.));
#5432 = ( GEOMETRIC_REPRESENTATION_CONTEXT(2) 
PARAMETRIC_REPRESENTATION_CONTEXT() REPRESENTATION_CONTEXT('2D SPACE',''
  ) );
#5433 = ORIENTED_EDGE('',*,*,#1935,.T.);
#5434 = ORIENTED_EDGE('',*,*,#5413,.T.);
#5435 = ADVANCED_FACE('',(#5436),#1991,.F.);
#5436 = FACE_BOUND('',#5437,.F.);
#5437 = EDGE_LOOP('',(#5438,#5439,#5460,#5461));
#5438 = ORIENTED_EDGE('',*,*,#3625,.F.);
#5439 = ORIENTED_EDGE('',*,*,#5440,.F.);
#5440 = EDGE_CURVE('',#1971,#3626,#5441,.T.);
#5441 = SEAM_CURVE('',#5442,(#5446,#5453),.PCURVE_S1.);
#5442 = LINE('',#5443,#5444);
#5443 = CARTESIAN_POINT('',(18.65,-3.306546357698E-16,-1.E-02));
#5444 = VECTOR('',#5445,1.);
#5445 = DIRECTION('',(0.,0.,1.));
#5446 = PCURVE('',#1991,#5447);
#5447 = DEFINITIONAL_REPRESENTATION('',(#5448),#5452);
#5448 = LINE('',#5449,#5450);
#5449 = CARTESIAN_POINT('',(6.28318530718,-0.));
#5450 = VECTOR('',#5451,1.);
#5451 = DIRECTION('',(0.,1.));
#5452 = ( GEOMETRIC_REPRESENTATION_CONTEXT(2) 
PARAMETRIC_REPRESENTATION_CONTEXT() REPRESENTATION_CONTEXT('2D SPACE',''
  ) );
#5453 = PCURVE('',#1991,#5454);
#5454 = DEFINITIONAL_REPRESENTATION('',(#5455),#5459);
#5455 = LINE('',#5456,#5457);
#5456 = CARTESIAN_POINT('',(0.,-0.));
#5457 = VECTOR('',#5458,1.);
#5458 = DIRECTION('',(0.,1.));
#5459 = ( GEOMETRIC_REPRESENTATION_CONTEXT(2) 
PARAMETRIC_REPRESENTATION_CONTEXT() REPRESENTATION_CONTEXT('2D SPACE',''
  ) );
#5460 = ORIENTED_EDGE('',*,*,#1970,.T.);
#5461 = ORIENTED_EDGE('',*,*,#5440,.T.);
#5462 = ADVANCED_FACE('',(#5463),#2026,.F.);
#5463 = FACE_BOUND('',#5464,.F.);
#5464 = EDGE_LOOP('',(#5465,#5466,#5487,#5488));
#5465 = ORIENTED_EDGE('',*,*,#3655,.F.);
#5466 = ORIENTED_EDGE('',*,*,#5467,.F.);
#5467 = EDGE_CURVE('',#2006,#3656,#5468,.T.);
#5468 = SEAM_CURVE('',#5469,(#5473,#5480),.PCURVE_S1.);
#5469 = LINE('',#5470,#5471);
#5470 = CARTESIAN_POINT('',(12.15,-3.306546357698E-16,-1.E-02));
#5471 = VECTOR('',#5472,1.);
#5472 = DIRECTION('',(0.,0.,1.));
#5473 = PCURVE('',#2026,#5474);
#5474 = DEFINITIONAL_REPRESENTATION('',(#5475),#5479);
#5475 = LINE('',#5476,#5477);
#5476 = CARTESIAN_POINT('',(6.28318530718,-0.));
#5477 = VECTOR('',#5478,1.);
#5478 = DIRECTION('',(0.,1.));
#5479 = ( GEOMETRIC_REPRESENTATION_CONTEXT(2) 
PARAMETRIC_REPRESENTATION_CONTEXT() REPRESENTATION_CONTEXT('2D SPACE',''
  ) );
#5480 = PCURVE('',#2026,#5481);
#5481 = DEFINITIONAL_REPRESENTATION('',(#5482),#5486);
#5482 = LINE('',#5483,#5484);
#5483 = CARTESIAN_POINT('',(0.,-0.));
#5484 = VECTOR('',#5485,1.);
#5485 = DIRECTION('',(0.,1.));
#5486 = ( GEOMETRIC_REPRESENTATION_CONTEXT(2) 
PARAMETRIC_REPRESENTATION_CONTEXT() REPRESENTATION_CONTEXT('2D SPACE',''
  ) );
#5487 = ORIENTED_EDGE('',*,*,#2005,.T.);
#5488 = ORIENTED_EDGE('',*,*,#5467,.T.);
#5489 = ADVANCED_FACE('',(#5490),#2061,.F.);
#5490 = FACE_BOUND('',#5491,.F.);
#5491 = EDGE_LOOP('',(#5492,#5493,#5514,#5515));
#5492 = ORIENTED_EDGE('',*,*,#3685,.F.);
#5493 = ORIENTED_EDGE('',*,*,#5494,.F.);
#5494 = EDGE_CURVE('',#2041,#3686,#5495,.T.);
#5495 = SEAM_CURVE('',#5496,(#5500,#5507),.PCURVE_S1.);
#5496 = LINE('',#5497,#5498);
#5497 = CARTESIAN_POINT('',(7.15,-3.306546357698E-16,-1.E-02));
#5498 = VECTOR('',#5499,1.);
#5499 = DIRECTION('',(0.,0.,1.));
#5500 = PCURVE('',#2061,#5501);
#5501 = DEFINITIONAL_REPRESENTATION('',(#5502),#5506);
#5502 = LINE('',#5503,#5504);
#5503 = CARTESIAN_POINT('',(6.28318530718,-0.));
#5504 = VECTOR('',#5505,1.);
#5505 = DIRECTION('',(0.,1.));
#5506 = ( GEOMETRIC_REPRESENTATION_CONTEXT(2) 
PARAMETRIC_REPRESENTATION_CONTEXT() REPRESENTATION_CONTEXT('2D SPACE',''
  ) );
#5507 = PCURVE('',#2061,#5508);
#5508 = DEFINITIONAL_REPRESENTATION('',(#5509),#5513);
#5509 = LINE('',#5510,#5511);
#5510 = CARTESIAN_POINT('',(0.,-0.));
#5511 = VECTOR('',#5512,1.);
#5512 = DIRECTION('',(0.,1.));
#5513 = ( GEOMETRIC_REPRESENTATION_CONTEXT(2) 
PARAMETRIC_REPRESENTATION_CONTEXT() REPRESENTATION_CONTEXT('2D SPACE',''
  ) );
#5514 = ORIENTED_EDGE('',*,*,#2040,.T.);
#5515 = ORIENTED_EDGE('',*,*,#5494,.T.);
#5516 = ADVANCED_FACE('',(#5517),#2096,.F.);
#5517 = FACE_BOUND('',#5518,.F.);
#5518 = EDGE_LOOP('',(#5519,#5520,#5541,#5542));
#5519 = ORIENTED_EDGE('',*,*,#3715,.F.);
#5520 = ORIENTED_EDGE('',*,*,#5521,.F.);
#5521 = EDGE_CURVE('',#2076,#3716,#5522,.T.);
#5522 = SEAM_CURVE('',#5523,(#5527,#5534),.PCURVE_S1.);
#5523 = LINE('',#5524,#5525);
#5524 = CARTESIAN_POINT('',(0.65,-3.306546357698E-16,-1.E-02));
#5525 = VECTOR('',#5526,1.);
#5526 = DIRECTION('',(0.,0.,1.));
#5527 = PCURVE('',#2096,#5528);
#5528 = DEFINITIONAL_REPRESENTATION('',(#5529),#5533);
#5529 = LINE('',#5530,#5531);
#5530 = CARTESIAN_POINT('',(6.28318530718,-0.));
#5531 = VECTOR('',#5532,1.);
#5532 = DIRECTION('',(0.,1.));
#5533 = ( GEOMETRIC_REPRESENTATION_CONTEXT(2) 
PARAMETRIC_REPRESENTATION_CONTEXT() REPRESENTATION_CONTEXT('2D SPACE',''
  ) );
#5534 = PCURVE('',#2096,#5535);
#5535 = DEFINITIONAL_REPRESENTATION('',(#5536),#5540);
#5536 = LINE('',#5537,#5538);
#5537 = CARTESIAN_POINT('',(0.,-0.));
#5538 = VECTOR('',#5539,1.);
#5539 = DIRECTION('',(0.,1.));
#5540 = ( GEOMETRIC_REPRESENTATION_CONTEXT(2) 
PARAMETRIC_REPRESENTATION_CONTEXT() REPRESENTATION_CONTEXT('2D SPACE',''
  ) );
#5541 = ORIENTED_EDGE('',*,*,#2075,.T.);
#5542 = ORIENTED_EDGE('',*,*,#5521,.T.);
#5543 = ADVANCED_FACE('',(#5544),#2131,.F.);
#5544 = FACE_BOUND('',#5545,.F.);
#5545 = EDGE_LOOP('',(#5546,#5547,#5568,#5569));
#5546 = ORIENTED_EDGE('',*,*,#3745,.F.);
#5547 = ORIENTED_EDGE('',*,*,#5548,.F.);
#5548 = EDGE_CURVE('',#2111,#3746,#5549,.T.);
#5549 = SEAM_CURVE('',#5550,(#5554,#5561),.PCURVE_S1.);
#5550 = LINE('',#5551,#5552);
#5551 = CARTESIAN_POINT('',(-4.35,-3.306546357698E-16,-1.E-02));
#5552 = VECTOR('',#5553,1.);
#5553 = DIRECTION('',(0.,0.,1.));
#5554 = PCURVE('',#2131,#5555);
#5555 = DEFINITIONAL_REPRESENTATION('',(#5556),#5560);
#5556 = LINE('',#5557,#5558);
#5557 = CARTESIAN_POINT('',(6.28318530718,-0.));
#5558 = VECTOR('',#5559,1.);
#5559 = DIRECTION('',(0.,1.));
#5560 = ( GEOMETRIC_REPRESENTATION_CONTEXT(2) 
PARAMETRIC_REPRESENTATION_CONTEXT() REPRESENTATION_CONTEXT('2D SPACE',''
  ) );
#5561 = PCURVE('',#2131,#5562);
#5562 = DEFINITIONAL_REPRESENTATION('',(#5563),#5567);
#5563 = LINE('',#5564,#5565);
#5564 = CARTESIAN_POINT('',(0.,-0.));
#5565 = VECTOR('',#5566,1.);
#5566 = DIRECTION('',(0.,1.));
#5567 = ( GEOMETRIC_REPRESENTATION_CONTEXT(2) 
PARAMETRIC_REPRESENTATION_CONTEXT() REPRESENTATION_CONTEXT('2D SPACE',''
  ) );
#5568 = ORIENTED_EDGE('',*,*,#2110,.T.);
#5569 = ORIENTED_EDGE('',*,*,#5548,.T.);
#5570 = ADVANCED_FACE('',(#5571),#2166,.F.);
#5571 = FACE_BOUND('',#5572,.F.);
#5572 = EDGE_LOOP('',(#5573,#5574,#5595,#5596));
#5573 = ORIENTED_EDGE('',*,*,#3775,.F.);
#5574 = ORIENTED_EDGE('',*,*,#5575,.F.);
#5575 = EDGE_CURVE('',#2146,#3776,#5576,.T.);
#5576 = SEAM_CURVE('',#5577,(#5581,#5588),.PCURVE_S1.);
#5577 = LINE('',#5578,#5579);
#5578 = CARTESIAN_POINT('',(-10.85,-3.306546357698E-16,-1.E-02));
#5579 = VECTOR('',#5580,1.);
#5580 = DIRECTION('',(0.,0.,1.));
#5581 = PCURVE('',#2166,#5582);
#5582 = DEFINITIONAL_REPRESENTATION('',(#5583),#5587);
#5583 = LINE('',#5584,#5585);
#5584 = CARTESIAN_POINT('',(6.28318530718,-0.));
#5585 = VECTOR('',#5586,1.);
#5586 = DIRECTION('',(0.,1.));
#5587 = ( GEOMETRIC_REPRESENTATION_CONTEXT(2) 
PARAMETRIC_REPRESENTATION_CONTEXT() REPRESENTATION_CONTEXT('2D SPACE',''
  ) );
#5588 = PCURVE('',#2166,#5589);
#5589 = DEFINITIONAL_REPRESENTATION('',(#5590),#5594);
#5590 = LINE('',#5591,#5592);
#5591 = CARTESIAN_POINT('',(0.,-0.));
#5592 = VECTOR('',#5593,1.);
#5593 = DIRECTION('',(0.,1.));
#5594 = ( GEOMETRIC_REPRESENTATION_CONTEXT(2) 
PARAMETRIC_REPRESENTATION_CONTEXT() REPRESENTATION_CONTEXT('2D SPACE',''
  ) );
#5595 = ORIENTED_EDGE('',*,*,#2145,.T.);
#5596 = ORIENTED_EDGE('',*,*,#5575,.T.);
#5597 = ADVANCED_FACE('',(#5598),#2201,.F.);
#5598 = FACE_BOUND('',#5599,.F.);
#5599 = EDGE_LOOP('',(#5600,#5601,#5622,#5623));
#5600 = ORIENTED_EDGE('',*,*,#3805,.F.);
#5601 = ORIENTED_EDGE('',*,*,#5602,.F.);
#5602 = EDGE_CURVE('',#2181,#3806,#5603,.T.);
#5603 = SEAM_CURVE('',#5604,(#5608,#5615),.PCURVE_S1.);
#5604 = LINE('',#5605,#5606);
#5605 = CARTESIAN_POINT('',(-15.85,-3.306546357698E-16,-1.E-02));
#5606 = VECTOR('',#5607,1.);
#5607 = DIRECTION('',(0.,0.,1.));
#5608 = PCURVE('',#2201,#5609);
#5609 = DEFINITIONAL_REPRESENTATION('',(#5610),#5614);
#5610 = LINE('',#5611,#5612);
#5611 = CARTESIAN_POINT('',(6.28318530718,-0.));
#5612 = VECTOR('',#5613,1.);
#5613 = DIRECTION('',(0.,1.));
#5614 = ( GEOMETRIC_REPRESENTATION_CONTEXT(2) 
PARAMETRIC_REPRESENTATION_CONTEXT() REPRESENTATION_CONTEXT('2D SPACE',''
  ) );
#5615 = PCURVE('',#2201,#5616);
#5616 = DEFINITIONAL_REPRESENTATION('',(#5617),#5621);
#5617 = LINE('',#5618,#5619);
#5618 = CARTESIAN_POINT('',(0.,-0.));
#5619 = VECTOR('',#5620,1.);
#5620 = DIRECTION('',(0.,1.));
#5621 = ( GEOMETRIC_REPRESENTATION_CONTEXT(2) 
PARAMETRIC_REPRESENTATION_CONTEXT() REPRESENTATION_CONTEXT('2D SPACE',''
  ) );
#5622 = ORIENTED_EDGE('',*,*,#2180,.T.);
#5623 = ORIENTED_EDGE('',*,*,#5602,.T.);
#5624 = ADVANCED_FACE('',(#5625),#2236,.F.);
#5625 = FACE_BOUND('',#5626,.F.);
#5626 = EDGE_LOOP('',(#5627,#5628,#5649,#5650));
#5627 = ORIENTED_EDGE('',*,*,#3835,.F.);
#5628 = ORIENTED_EDGE('',*,*,#5629,.F.);
#5629 = EDGE_CURVE('',#2216,#3836,#5630,.T.);
#5630 = SEAM_CURVE('',#5631,(#5635,#5642),.PCURVE_S1.);
#5631 = LINE('',#5632,#5633);
#5632 = CARTESIAN_POINT('',(-21.7,3.25,-1.E-02));
#5633 = VECTOR('',#5634,1.);
#5634 = DIRECTION('',(0.,0.,1.));
#5635 = PCURVE('',#2236,#5636);
#5636 = DEFINITIONAL_REPRESENTATION('',(#5637),#5641);
#5637 = LINE('',#5638,#5639);
#5638 = CARTESIAN_POINT('',(6.28318530718,-0.));
#5639 = VECTOR('',#5640,1.);
#5640 = DIRECTION('',(0.,1.));
#5641 = ( GEOMETRIC_REPRESENTATION_CONTEXT(2) 
PARAMETRIC_REPRESENTATION_CONTEXT() REPRESENTATION_CONTEXT('2D SPACE',''
  ) );
#5642 = PCURVE('',#2236,#5643);
#5643 = DEFINITIONAL_REPRESENTATION('',(#5644),#5648);
#5644 = LINE('',#5645,#5646);
#5645 = CARTESIAN_POINT('',(0.,-0.));
#5646 = VECTOR('',#5647,1.);
#5647 = DIRECTION('',(0.,1.));
#5648 = ( GEOMETRIC_REPRESENTATION_CONTEXT(2) 
PARAMETRIC_REPRESENTATION_CONTEXT() REPRESENTATION_CONTEXT('2D SPACE',''
  ) );
#5649 = ORIENTED_EDGE('',*,*,#2215,.T.);
#5650 = ORIENTED_EDGE('',*,*,#5629,.T.);
#5651 = ( GEOMETRIC_REPRESENTATION_CONTEXT(3) 
GLOBAL_UNCERTAINTY_ASSIGNED_CONTEXT((#5655)) 
GLOBAL_UNIT_ASSIGNED_CONTEXT((#5652,#5653,#5654)) REPRESENTATION_CONTEXT
('Context #1','3D Context with UNIT and UNCERTAINTY') );
#5652 = ( LENGTH_UNIT() NAMED_UNIT(*) SI_UNIT(.MILLI.,.METRE.) );
#5653 = ( NAMED_UNIT(*) PLANE_ANGLE_UNIT() SI_UNIT($,.RADIAN.) );
#5654 = ( NAMED_UNIT(*) SI_UNIT($,.STERADIAN.) SOLID_ANGLE_UNIT() );
#5655 = UNCERTAINTY_MEASURE_WITH_UNIT(LENGTH_MEASURE(1.E-03),#5652,
  'distance_accuracy_value','confusion accuracy');
#5656 = CONTEXT_DEPENDENT_SHAPE_REPRESENTATION(#5657,#5659);
#5657 = ( REPRESENTATION_RELATIONSHIP('','',#32,#10) 
REPRESENTATION_RELATIONSHIP_WITH_TRANSFORMATION(#5658) 
SHAPE_REPRESENTATION_RELATIONSHIP() );
#5658 = ITEM_DEFINED_TRANSFORMATION('','',#11,#15);
#5659 = PRODUCT_DEFINITION_SHAPE('Placement','Placement of an item',
  #5660);
#5660 = NEXT_ASSEMBLY_USAGE_OCCURRENCE('1','=>[0:1:1:2]','',#5,#27,$);
#5661 = PRODUCT_RELATED_PRODUCT_CATEGORY('part',$,(#29));
#5662 = SHAPE_DEFINITION_REPRESENTATION(#5659,#5663);
#5663 = SHAPE_REPRESENTATION('',(#15),#5651);
#5664 = SHAPE_DEFINITION_REPRESENTATION(#5659,#5665);
#5665 = SHAPE_REPRESENTATION('',(#15),#5651);
#5666 = MECHANICAL_DESIGN_GEOMETRIC_PRESENTATION_REPRESENTATION('',(
    #5667,#5675),#5651);
#5667 = STYLED_ITEM('color',(#5668),#33);
#5668 = PRESENTATION_STYLE_ASSIGNMENT((#5669));
#5669 = SURFACE_STYLE_USAGE(.BOTH.,#5670);
#5670 = SURFACE_SIDE_STYLE('',(#5671));
#5671 = SURFACE_STYLE_FILL_AREA(#5672);
#5672 = FILL_AREA_STYLE('',(#5673));
#5673 = FILL_AREA_STYLE_COLOUR('',#5674);
#5674 = COLOUR_RGB('',0.313304153717,0.484529207832,0.410020903123);
#5675 = OVER_RIDING_STYLED_ITEM('overriding color',(#5676),#33,#5667);
#5676 = PRESENTATION_STYLE_BY_CONTEXT((#5677),#5665);
#5677 = SURFACE_STYLE_USAGE(.BOTH.,#5678);
#5678 = SURFACE_SIDE_STYLE('',(#5679));
#5679 = SURFACE_STYLE_FILL_AREA(#5680);
#5680 = FILL_AREA_STYLE('',(#5681));
#5681 = FILL_AREA_STYLE_COLOUR('',#5682);
#5682 = COLOUR_RGB('',0.313304153717,0.484529207832,0.410020903123);
ENDSEC;
END-ISO-10303-21;
